Geolocation,Type,2023 Q1,2023 Q2,2023 Q3,2023 Q4,2023 Annual,2024 Q1,2024 Q2,2024 Q3,2024 Q4,2024 Annual,2025 Q1,2025 Q2,2025 Q3,2025 Q4,2025 Annual,2026 Q1,2026 Q2,2026 Q3,2026 Q4,2026 Annual
PHILIPPINES,Horse for Slaughter,..,..,..,..,..,280.00,..,..,..,280.00,155.00,150.00,..,175.00,160.00,143.81,*/,*/,*/,*/
PHILIPPINES,Rabbit for Slaughter,..,..,181.67,279.76,230.71,307.29,248.00,235.70,300.00,272.75,185.19,276.77,161.72,204.55,207.06,172.63,*/,*/,*/,*/
PHILIPPINES,Sheep for Slaughter,..,215.56,225.79,234.28,225.21,244.77,269.22,268.91,238.03,255.23,231.04,224.80,222.79,226.12,226.19,232.27,*/,*/,*/,*/
PHILIPPINES,Goose for Dressing,..,..,175.00,..,175.00,300.00,..,175.00,170.00,215.00,170.00,241.68,271.05,231.43,228.54,249.07,*/,*/,*/,*/
PHILIPPINES,Quail for Dressing,61.50,63.00,107.00,71.13,75.66,113.75,76.79,109.27,109.17,102.24,145.93,132.59,63.68,83.60,106.45,71.27,*/,*/,*/,*/
PHILIPPINES,Turkey for Dressing,213.33,192.40,393.33,350.00,287.27,250.00,235.00,325.00,225.00,258.75,323.87,254.10,305.67,363.85,311.87,271.84,*/,*/,*/,*/
PHILIPPINES,Quail Egg,1.64,1.47,1.57,1.85,1.63,1.54,1.30,1.65,1.36,1.46,1.71,1.50,1.59,1.56,1.59,1.80,*/,*/,*/,*/
..National Capital Region (NCR),Horse for Slaughter,..,..,..,..,..,..,..,..,..,..,..,..,..,..,..,..,*/,*/,*/,*/
..National Capital Region (NCR),Rabbit for Slaughter,..,..,..,..,..,..,..,..,..,..,..,..,..,..,..,..,*/,*/,*/,*/
..National Capital Region (NCR),Sheep for Slaughter,..,..,..,..,..,..,..,..,..,..,..,..,..,..,..,..,*/,*/,*/,*/
..National Capital Region (NCR),Goose for Dressing,..,..,..,..,..,..,..,..,..,..,..,..,..,..,..,..,*/,*/,*/,*/
..National Capital Region (NCR),Quail for Dressing,..,..,..,..,..,..,..,..,..,..,..,..,..,..,..,..,*/,*/,*/,*/
..National Capital Region (NCR),Turkey for Dressing,..,..,..,..,..,..,..,..,..,..,..,..,..,..,..,..,*/,*/,*/,*/
..National Capital Region (NCR),Quail Egg,..,..,..,..,..,..,..,..,..,..,..,..,..,..,..,..,*/,*/,*/,*/
..Cordillera Administrative Region (CAR),Horse for Slaughter,..,..,..,..,..,..,..,..,..,..,..,..,..,..,..,..,*/,*/,*/,*/
..Cordillera Administrative Region (CAR),Rabbit for Slaughter,..,..,..,..,..,..,..,..,..,..,..,..,..,..,..,..,*/,*/,*/,*/
..Cordillera Administrative Region (CAR),Sheep for Slaughter,..,..,..,..,..,..,..,..,..,..,..,..,..,..,..,..,*/,*/,*/,*/
..Cordillera Administrative Region (CAR),Goose for Dressing,..,..,..,..,..,..,..,..,..,..,..,..,..,..,..,..,*/,*/,*/,*/
..Cordillera Administrative Region (CAR),Quail for Dressing,..,..,..,..,..,..,..,..,..,..,..,..,..,..,..,..,*/,*/,*/,*/
..Cordillera Administrative Region (CAR),Turkey for Dressing,..,..,..,..,..,..,..,..,..,..,..,..,..,..,..,..,*/,*/,*/,*/
..Cordillera Administrative Region (CAR),Quail Egg,..,..,..,..,..,..,..,..,..,..,..,..,..,..,..,..,*/,*/,*/,*/
....Abra,Horse for Slaughter,..,..,..,..,..,..,..,..,..,..,..,..,..,..,..,..,*/,*/,*/,*/
....Abra,Rabbit for Slaughter,..,..,..,..,..,..,..,..,..,..,..,..,..,..,..,..,*/,*/,*/,*/
....Abra,Sheep for Slaughter,..,..,..,..,..,..,..,..,..,..,..,..,..,..,..,..,*/,*/,*/,*/
....Abra,Goose for Dressing,..,..,..,..,..,..,..,..,..,..,..,..,..,..,..,..,*/,*/,*/,*/
....Abra,Quail for Dressing,..,..,..,..,..,..,..,..,..,..,..,..,..,..,..,..,*/,*/,*/,*/
....Abra,Turkey for Dressing,..,..,..,..,..,..,..,..,..,..,..,..,..,..,..,..,*/,*/,*/,*/
....Abra,Quail Egg,..,..,..,..,..,..,..,..,..,..,..,..,..,..,..,..,*/,*/,*/,*/
....Apayao,Horse for Slaughter,..,..,..,..,..,..,..,..,..,..,..,..,..,..,..,..,*/,*/,*/,*/
....Apayao,Rabbit for Slaughter,..,..,..,..,..,..,..,..,..,..,..,..,..,..,..,..,*/,*/,*/,*/
....Apayao,Sheep for Slaughter,..,..,..,..,..,..,..,..,..,..,..,..,..,..,..,..,*/,*/,*/,*/
....Apayao,Goose for Dressing,..,..,..,..,..,..,..,..,..,..,..,..,..,..,..,..,*/,*/,*/,*/
....Apayao,Quail for Dressing,..,..,..,..,..,..,..,..,..,..,..,..,..,..,..,..,*/,*/,*/,*/
....Apayao,Turkey for Dressing,..,..,..,..,..,..,..,..,..,..,..,..,..,..,..,..,*/,*/,*/,*/
....Apayao,Quail Egg,..,..,..,..,..,..,..,..,..,..,..,..,..,..,..,..,*/,*/,*/,*/
....Benguet,Horse for Slaughter,..,..,..,..,..,..,..,..,..,..,..,..,..,..,..,..,*/,*/,*/,*/
....Benguet,Rabbit for Slaughter,..,..,..,..,..,..,..,..,..,..,..,..,..,..,..,..,*/,*/,*/,*/
....Benguet,Sheep for Slaughter,..,..,..,..,..,..,..,..,..,..,..,..,..,..,..,..,*/,*/,*/,*/
....Benguet,Goose for Dressing,..,..,..,..,..,..,..,..,..,..,..,..,..,..,..,..,*/,*/,*/,*/
....Benguet,Quail for Dressing,..,..,..,..,..,..,..,..,..,..,..,..,..,..,..,..,*/,*/,*/,*/
....Benguet,Turkey for Dressing,..,..,..,..,..,..,..,..,..,..,..,..,..,..,..,..,*/,*/,*/,*/
....Benguet,Quail Egg,..,..,..,..,..,..,..,..,..,..,..,..,..,..,..,..,*/,*/,*/,*/
....Ifugao,Horse for Slaughter,..,..,..,..,..,..,..,..,..,..,..,..,..,..,..,..,*/,*/,*/,*/
....Ifugao,Rabbit for Slaughter,..,..,..,..,..,..,..,..,..,..,..,..,..,..,..,..,*/,*/,*/,*/
....Ifugao,Sheep for Slaughter,..,..,..,..,..,..,..,..,..,..,..,..,..,..,..,..,*/,*/,*/,*/
....Ifugao,Goose for Dressing,..,..,..,..,..,..,..,..,..,..,..,..,..,..,..,..,*/,*/,*/,*/
....Ifugao,Quail for Dressing,..,..,..,..,..,..,..,..,..,..,..,..,..,..,..,..,*/,*/,*/,*/
....Ifugao,Turkey for Dressing,..,..,..,..,..,..,..,..,..,..,..,..,..,..,..,..,*/,*/,*/,*/
....Ifugao,Quail Egg,..,..,..,..,..,..,..,..,..,..,..,..,..,..,..,..,*/,*/,*/,*/
....Kalinga,Horse for Slaughter,..,..,..,..,..,..,..,..,..,..,..,..,..,..,..,..,*/,*/,*/,*/
....Kalinga,Rabbit for Slaughter,..,..,..,..,..,..,..,..,..,..,..,..,..,..,..,..,*/,*/,*/,*/
....Kalinga,Sheep for Slaughter,..,..,..,..,..,..,..,..,..,..,..,..,..,..,..,..,*/,*/,*/,*/
....Kalinga,Goose for Dressing,..,..,..,..,..,..,..,..,..,..,..,..,..,..,..,..,*/,*/,*/,*/
....Kalinga,Quail for Dressing,..,..,..,..,..,..,..,..,..,..,..,..,..,..,..,..,*/,*/,*/,*/
....Kalinga,Turkey for Dressing,..,..,..,..,..,..,..,..,..,..,..,..,..,..,..,..,*/,*/,*/,*/
....Kalinga,Quail Egg,..,..,..,..,..,..,..,..,..,..,..,..,..,..,..,..,*/,*/,*/,*/
....Mountain Province,Horse for Slaughter,..,..,..,..,..,..,..,..,..,..,..,..,..,..,..,..,*/,*/,*/,*/
....Mountain Province,Rabbit for Slaughter,..,..,..,..,..,..,..,..,..,..,..,..,..,..,..,..,*/,*/,*/,*/
....Mountain Province,Sheep for Slaughter,..,..,..,..,..,..,..,..,..,..,..,..,..,..,..,..,*/,*/,*/,*/
....Mountain Province,Goose for Dressing,..,..,..,..,..,..,..,..,..,..,..,..,..,..,..,..,*/,*/,*/,*/
....Mountain Province,Quail for Dressing,..,..,..,..,..,..,..,..,..,..,..,..,..,..,..,..,*/,*/,*/,*/
....Mountain Province,Turkey for Dressing,..,..,..,..,..,..,..,..,..,..,..,..,..,..,..,..,*/,*/,*/,*/
....Mountain Province,Quail Egg,..,..,..,..,..,..,..,..,..,..,..,..,..,..,..,..,*/,*/,*/,*/
..REGION I (ILOCOS REGION),Horse for Slaughter,..,..,..,..,..,280.00,..,..,..,280.00,..,..,..,..,..,..,*/,*/,*/,*/
..REGION I (ILOCOS REGION),Rabbit for Slaughter,..,..,..,..,..,..,..,..,..,..,..,..,300.00,..,300.00,..,*/,*/,*/,*/
..REGION I (ILOCOS REGION),Sheep for Slaughter,..,240.00,..,222.37,231.18,235.76,230.71,234.68,266.50,241.91,222.89,230.72,226.51,239.63,229.94,234.29,*/,*/,*/,*/
..REGION I (ILOCOS REGION),Goose for Dressing,..,..,175.00,..,175.00,..,..,175.00,170.00,172.50,170.00,170.00,..,..,170.00,..,*/,*/,*/,*/
..REGION I (ILOCOS REGION),Quail for Dressing,..,..,90.00,80.00,85.00,95.00,..,90.00,80.00,88.33,50.40,37.73,100.00,..,62.71,..,*/,*/,*/,*/
..REGION I (ILOCOS REGION),Turkey for Dressing,..,..,400.00,..,400.00,..,200.00,..,200.00,200.00,210.00,207.37,350.00,200.00,241.84,..,*/,*/,*/,*/
..REGION I (ILOCOS REGION),Quail Egg,1.30,1.35,1.72,1.44,1.45,1.39,1.51,1.68,1.53,1.53,1.50,1.61,1.52,1.56,1.55,1.87,*/,*/,*/,*/
....Ilocos Norte,Horse for Slaughter,..,..,..,..,..,280.00,..,..,..,280.00,..,..,..,..,..,..,*/,*/,*/,*/
....Ilocos Norte,Rabbit for Slaughter,..,..,..,..,..,..,..,..,..,..,..,..,..,..,..,..,*/,*/,*/,*/
....Ilocos Norte,Sheep for Slaughter,..,240.00,..,222.37,231.18,235.76,230.71,234.68,266.50,241.91,233.58,224.14,226.51,234.54,229.69,234.29,*/,*/,*/,*/
....Ilocos Norte,Goose for Dressing,..,..,175.00,..,175.00,..,..,175.00,170.00,172.50,170.00,170.00,..,..,170.00,..,*/,*/,*/,*/
....Ilocos Norte,Quail for Dressing,..,..,..,80.00,80.00,..,..,..,..,..,75.00,..,..,..,75.00,..,*/,*/,*/,*/
....Ilocos Norte,Turkey for Dressing,..,..,..,..,..,..,200.00,..,200.00,200.00,210.00,210.00,..,200.00,206.67,..,*/,*/,*/,*/
....Ilocos Norte,Quail Egg,..,..,..,1.30,1.30,1.50,1.50,1.67,1.50,1.54,1.58,1.50,1.50,1.50,1.52,2.00,*/,*/,*/,*/
....Ilocos Sur,Horse for Slaughter,..,..,..,..,..,..,..,..,..,..,..,..,..,..,..,..,*/,*/,*/,*/
....Ilocos Sur,Rabbit for Slaughter,..,..,..,..,..,..,..,..,..,..,..,..,300.00,..,300.00,..,*/,*/,*/,*/
....Ilocos Sur,Sheep for Slaughter,..,..,..,..,..,..,..,..,..,..,150.00,350.00,..,..,250.00,..,*/,*/,*/,*/
....Ilocos Sur,Goose for Dressing,..,..,..,..,..,..,..,..,..,..,..,..,..,..,..,..,*/,*/,*/,*/
....Ilocos Sur,Quail for Dressing,..,..,..,..,..,..,..,..,..,..,..,..,..,..,..,..,*/,*/,*/,*/
....Ilocos Sur,Turkey for Dressing,..,..,..,..,..,..,..,..,..,..,..,..,350.00,..,350.00,..,*/,*/,*/,*/
....Ilocos Sur,Quail Egg,..,..,..,..,..,..,..,..,..,..,..,..,..,..,..,..,*/,*/,*/,*/
....La Union,Horse for Slaughter,..,..,..,..,..,..,..,..,..,..,..,..,..,..,..,..,*/,*/,*/,*/
....La Union,Rabbit for Slaughter,..,..,..,..,..,..,..,..,..,..,..,..,..,..,..,..,*/,*/,*/,*/
....La Union,Sheep for Slaughter,..,..,..,..,..,..,..,..,..,..,..,..,..,..,..,..,*/,*/,*/,*/
....La Union,Goose for Dressing,..,..,..,..,..,..,..,..,..,..,..,..,..,..,..,..,*/,*/,*/,*/
....La Union,Quail for Dressing,..,..,60.00,..,60.00,120.00,..,..,..,120.00,..,25.00,100.00,..,62.50,..,*/,*/,*/,*/
....La Union,Turkey for Dressing,..,..,400.00,..,400.00,..,..,..,..,..,..,200.00,..,..,200.00,..,*/,*/,*/,*/
....La Union,Quail Egg,..,1.70,1.72,1.62,1.68,1.65,1.68,1.70,1.60,1.66,1.80,1.70,1.53,1.60,1.66,1.40,*/,*/,*/,*/
....Pangasinan,Horse for Slaughter,..,..,..,..,..,..,..,..,..,..,..,..,..,..,..,..,*/,*/,*/,*/
....Pangasinan,Rabbit for Slaughter,..,..,..,..,..,..,..,..,..,..,..,..,..,..,..,..,*/,*/,*/,*/
....Pangasinan,Sheep for Slaughter,..,..,..,..,..,..,..,..,..,..,220.00,..,..,246.67,233.33,..,*/,*/,*/,*/
....Pangasinan,Goose for Dressing,..,..,..,..,..,..,..,..,..,..,..,..,..,..,..,..,*/,*/,*/,*/
....Pangasinan,Quail for Dressing,..,..,120.00,..,120.00,70.00,..,90.00,80.00,80.00,50.00,70.00,100.00,..,73.33,100.00,*/,*/,*/,*/
....Pangasinan,Turkey for Dressing,..,..,400.00,..,400.00,..,..,..,..,..,..,..,..,..,..,..,*/,*/,*/,*/
....Pangasinan,Quail Egg,1.30,1.00,..,1.40,1.23,1.35,1.35,..,1.50,1.40,1.50,1.50,..,..,1.50,1.50,*/,*/,*/,*/
..REGION II (CAGAYAN VALLEY),Horse for Slaughter,..,..,..,..,..,..,..,..,..,..,..,..,..,..,..,..,*/,*/,*/,*/
..REGION II (CAGAYAN VALLEY),Rabbit for Slaughter,..,..,..,..,..,..,..,..,..,..,..,..,..,..,..,..,*/,*/,*/,*/
..REGION II (CAGAYAN VALLEY),Sheep for Slaughter,..,..,..,..,..,..,..,350.00,284.67,317.33,285.28,288.33,290.00,285.00,287.15,283.41,*/,*/,*/,*/
..REGION II (CAGAYAN VALLEY),Goose for Dressing,..,..,..,..,..,..,..,..,..,..,..,..,..,..,..,..,*/,*/,*/,*/
..REGION II (CAGAYAN VALLEY),Quail for Dressing,25.00,25.00,..,..,25.00,80.00,80.00,..,80.00,80.00,..,..,128.15,..,128.15,..,*/,*/,*/,*/
..REGION II (CAGAYAN VALLEY),Turkey for Dressing,..,..,400.00,..,400.00,..,..,..,400.00,400.00,200.00,..,..,..,200.00,..,*/,*/,*/,*/
..REGION II (CAGAYAN VALLEY),Quail Egg,2.00,2.00,2.00,1.00,1.75,1.80,..,..,1.95,1.88,1.70,1.90,1.70,1.54,1.71,2.00,*/,*/,*/,*/
....Batanes,Horse for Slaughter,..,..,..,..,..,..,..,..,..,..,..,..,..,..,..,..,*/,*/,*/,*/
....Batanes,Rabbit for Slaughter,..,..,..,..,..,..,..,..,..,..,..,..,..,..,..,..,*/,*/,*/,*/
....Batanes,Sheep for Slaughter,..,..,..,..,..,..,..,..,..,..,..,..,..,..,..,..,*/,*/,*/,*/
....Batanes,Goose for Dressing,..,..,..,..,..,..,..,..,..,..,..,..,..,..,..,..,*/,*/,*/,*/
....Batanes,Quail for Dressing,..,..,..,..,..,..,..,..,..,..,..,..,..,..,..,..,*/,*/,*/,*/
....Batanes,Turkey for Dressing,..,..,..,..,..,..,..,..,..,..,200.00,..,..,..,200.00,..,*/,*/,*/,*/
....Batanes,Quail Egg,..,..,..,..,..,..,..,..,..,..,..,..,..,..,..,..,*/,*/,*/,*/
....Cagayan,Horse for Slaughter,..,..,..,..,..,..,..,..,..,..,..,..,..,..,..,..,*/,*/,*/,*/
....Cagayan,Rabbit for Slaughter,..,..,..,..,..,..,..,..,..,..,..,..,..,..,..,..,*/,*/,*/,*/
....Cagayan,Sheep for Slaughter,..,..,..,..,..,..,..,..,284.67,284.67,285.28,288.33,290.00,285.00,287.15,283.41,*/,*/,*/,*/
....Cagayan,Goose for Dressing,..,..,..,..,..,..,..,..,..,..,..,..,..,..,..,..,*/,*/,*/,*/
....Cagayan,Quail for Dressing,..,..,..,..,..,..,..,..,..,..,..,..,..,..,..,..,*/,*/,*/,*/
....Cagayan,Turkey for Dressing,..,..,..,..,..,..,..,..,..,..,..,..,..,..,..,..,*/,*/,*/,*/
....Cagayan,Quail Egg,..,..,..,..,..,..,..,..,..,..,..,..,..,..,..,..,*/,*/,*/,*/
....Isabela,Horse for Slaughter,..,..,..,..,..,..,..,..,..,..,..,..,..,..,..,..,*/,*/,*/,*/
....Isabela,Rabbit for Slaughter,..,..,..,..,..,..,..,..,..,..,..,..,..,..,..,..,*/,*/,*/,*/
....Isabela,Sheep for Slaughter,..,..,..,..,..,..,..,350.00,..,350.00,160.00,..,..,..,160.00,..,*/,*/,*/,*/
....Isabela,Goose for Dressing,..,..,..,..,..,..,..,..,..,..,..,..,..,..,..,..,*/,*/,*/,*/
....Isabela,Quail for Dressing,25.00,25.00,..,..,25.00,80.00,80.00,..,80.00,80.00,..,..,128.15,..,128.15,..,*/,*/,*/,*/
....Isabela,Turkey for Dressing,..,..,400.00,..,400.00,..,..,..,400.00,400.00,..,..,..,..,..,..,*/,*/,*/,*/
....Isabela,Quail Egg,2.00,2.00,2.00,1.00,1.75,1.80,..,..,1.95,1.88,1.70,1.90,1.70,1.54,1.71,2.00,*/,*/,*/,*/
....Nueva Vizcaya,Horse for Slaughter,..,..,..,..,..,..,..,..,..,..,..,..,..,..,..,..,*/,*/,*/,*/
....Nueva Vizcaya,Rabbit for Slaughter,..,..,..,..,..,..,..,..,..,..,..,..,..,..,..,..,*/,*/,*/,*/
....Nueva Vizcaya,Sheep for Slaughter,..,..,..,..,..,..,..,..,..,..,..,..,..,..,..,..,*/,*/,*/,*/
....Nueva Vizcaya,Goose for Dressing,..,..,..,..,..,..,..,..,..,..,..,..,..,..,..,..,*/,*/,*/,*/
....Nueva Vizcaya,Quail for Dressing,..,..,..,..,..,..,..,..,..,..,..,..,..,..,..,..,*/,*/,*/,*/
....Nueva Vizcaya,Turkey for Dressing,..,..,..,..,..,..,..,..,..,..,..,..,..,..,..,..,*/,*/,*/,*/
....Nueva Vizcaya,Quail Egg,..,..,..,..,..,..,..,..,..,..,..,..,..,..,..,..,*/,*/,*/,*/
....Quirino,Horse for Slaughter,..,..,..,..,..,..,..,..,..,..,..,..,..,..,..,..,*/,*/,*/,*/
....Quirino,Rabbit for Slaughter,..,..,..,..,..,..,..,..,..,..,..,..,..,..,..,..,*/,*/,*/,*/
....Quirino,Sheep for Slaughter,..,..,..,..,..,..,..,..,..,..,..,..,..,..,..,..,*/,*/,*/,*/
....Quirino,Goose for Dressing,..,..,..,..,..,..,..,..,..,..,..,..,..,..,..,..,*/,*/,*/,*/
....Quirino,Quail for Dressing,..,..,..,..,..,..,..,..,..,..,..,..,..,..,..,..,*/,*/,*/,*/
....Quirino,Turkey for Dressing,..,..,..,..,..,..,..,..,..,..,..,..,..,..,..,..,*/,*/,*/,*/
....Quirino,Quail Egg,..,..,..,..,..,..,..,..,..,..,1.73,..,..,..,1.73,..,*/,*/,*/,*/
..REGION III (CENTRAL LUZON),Horse for Slaughter,..,..,..,..,..,..,..,..,..,..,..,..,..,..,..,..,*/,*/,*/,*/
..REGION III (CENTRAL LUZON),Rabbit for Slaughter,..,..,250.00,..,250.00,300.00,140.00,197.50,..,212.50,186.73,201.32,158.94,204.50,187.87,184.52,*/,*/,*/,*/
..REGION III (CENTRAL LUZON),Sheep for Slaughter,..,..,..,..,..,..,..,203.33,200.00,201.67,231.24,220.00,213.33,220.00,221.14,249.10,*/,*/,*/,*/
..REGION III (CENTRAL LUZON),Goose for Dressing,..,..,..,..,..,..,..,..,..,..,..,..,..,..,..,..,*/,*/,*/,*/
..REGION III (CENTRAL LUZON),Quail for Dressing,..,72.50,87.50,80.00,80.00,80.00,..,..,100.00,90.00,180.29,147.02,38.47,79.06,111.21,66.34,*/,*/,*/,*/
..REGION III (CENTRAL LUZON),Turkey for Dressing,330.00,87.33,400.00,..,272.44,350.00,..,..,..,350.00,233.33,200.00,..,309.68,247.67,301.81,*/,*/,*/,*/
..REGION III (CENTRAL LUZON),Quail Egg,1.69,1.52,1.53,1.78,1.63,1.47,1.31,1.63,1.52,1.48,1.69,1.34,1.51,1.51,1.51,1.80,*/,*/,*/,*/
....Aurora,Horse for Slaughter,..,..,..,..,..,..,..,..,..,..,..,..,..,..,..,..,*/,*/,*/,*/
....Aurora,Rabbit for Slaughter,..,..,..,..,..,..,..,..,..,..,..,..,..,..,..,..,*/,*/,*/,*/
....Aurora,Sheep for Slaughter,..,..,..,..,..,..,..,..,..,..,..,..,..,..,..,..,*/,*/,*/,*/
....Aurora,Goose for Dressing,..,..,..,..,..,..,..,..,..,..,..,..,..,..,..,..,*/,*/,*/,*/
....Aurora,Quail for Dressing,..,..,..,..,..,..,..,..,..,..,..,..,..,..,..,..,*/,*/,*/,*/
....Aurora,Turkey for Dressing,..,..,..,..,..,..,..,..,..,..,..,..,..,..,..,..,*/,*/,*/,*/
....Aurora,Quail Egg,..,..,..,..,..,..,..,..,..,..,..,..,..,..,..,..,*/,*/,*/,*/
....Bataan,Horse for Slaughter,..,..,..,..,..,..,..,..,..,..,..,..,..,..,..,..,*/,*/,*/,*/
....Bataan,Rabbit for Slaughter,..,..,..,..,..,..,..,..,..,..,..,..,..,..,..,..,*/,*/,*/,*/
....Bataan,Sheep for Slaughter,..,..,..,..,..,..,..,..,..,..,..,..,..,..,..,..,*/,*/,*/,*/
....Bataan,Goose for Dressing,..,..,..,..,..,..,..,..,..,..,..,..,..,..,..,..,*/,*/,*/,*/
....Bataan,Quail for Dressing,..,90.00,100.00,100.00,96.67,..,..,..,100.00,100.00,100.00,80.00,100.00,100.00,95.00,100.00,*/,*/,*/,*/
....Bataan,Turkey for Dressing,..,..,..,..,..,..,..,..,..,..,..,..,..,..,..,..,*/,*/,*/,*/
....Bataan,Quail Egg,..,1.40,1.65,1.54,1.53,1.60,1.50,1.50,1.50,1.53,1.60,1.60,1.70,1.70,1.65,1.63,*/,*/,*/,*/
....Bulacan,Horse for Slaughter,..,..,..,..,..,..,..,..,..,..,..,..,..,..,..,..,*/,*/,*/,*/
....Bulacan,Rabbit for Slaughter,..,..,..,..,..,350.00,140.00,145.00,..,211.67,183.33,180.00,145.00,204.55,178.22,185.00,*/,*/,*/,*/
....Bulacan,Sheep for Slaughter,..,..,..,..,..,..,..,..,..,..,..,..,..,..,..,..,*/,*/,*/,*/
....Bulacan,Goose for Dressing,..,..,..,..,..,..,..,..,..,..,..,..,..,..,..,..,*/,*/,*/,*/
....Bulacan,Quail for Dressing,..,70.00,120.00,70.00,86.67,88.00,..,..,..,88.00,200.00,160.00,30.00,80.00,117.50,76.67,*/,*/,*/,*/
....Bulacan,Turkey for Dressing,..,..,..,..,..,..,..,..,..,..,..,..,..,..,..,..,*/,*/,*/,*/
....Bulacan,Quail Egg,1.50,1.20,1.37,1.80,1.47,1.52,1.30,1.80,1.45,1.52,1.70,1.33,1.50,1.50,1.51,1.83,*/,*/,*/,*/
....Nueva Ecija,Horse for Slaughter,..,..,..,..,..,..,..,..,..,..,..,..,..,..,..,..,*/,*/,*/,*/
....Nueva Ecija,Rabbit for Slaughter,..,..,250.00,..,250.00,250.00,..,250.00,..,250.00,..,..,..,..,..,..,*/,*/,*/,*/
....Nueva Ecija,Sheep for Slaughter,..,..,..,..,..,..,..,..,..,..,230.00,..,..,..,230.00,267.00,*/,*/,*/,*/
....Nueva Ecija,Goose for Dressing,..,..,..,..,..,..,..,..,..,..,..,..,..,..,..,..,*/,*/,*/,*/
....Nueva Ecija,Quail for Dressing,..,60.00,60.00,70.00,63.33,28.25,..,..,..,28.25,50.00,41.67,58.57,60.00,52.56,60.00,*/,*/,*/,*/
....Nueva Ecija,Turkey for Dressing,330.00,87.33,..,..,208.67,350.00,..,..,..,350.00,350.00,..,..,350.00,350.00,350.00,*/,*/,*/,*/
....Nueva Ecija,Quail Egg,1.74,1.57,1.35,2.15,1.70,1.29,1.12,1.60,1.60,1.40,1.68,1.76,1.91,1.78,1.78,1.60,*/,*/,*/,*/
....Pampanga,Horse for Slaughter,..,..,..,..,..,..,..,..,..,..,..,..,..,..,..,..,*/,*/,*/,*/
....Pampanga,Rabbit for Slaughter,..,..,..,..,..,..,..,..,..,..,..,..,..,..,..,..,*/,*/,*/,*/
....Pampanga,Sheep for Slaughter,..,..,..,..,..,..,..,203.33,200.00,201.67,230.00,220.00,213.33,220.00,220.83,215.00,*/,*/,*/,*/
....Pampanga,Goose for Dressing,..,..,..,..,..,..,..,..,..,..,..,..,..,..,..,..,*/,*/,*/,*/
....Pampanga,Quail for Dressing,..,70.00,70.00,..,70.00,60.00,..,..,..,60.00,..,..,..,..,..,..,*/,*/,*/,*/
....Pampanga,Turkey for Dressing,..,..,400.00,..,400.00,..,..,..,..,..,..,..,..,..,..,..,*/,*/,*/,*/
....Pampanga,Quail Egg,1.28,1.35,1.75,1.62,1.50,1.11,..,..,..,1.11,1.67,1.20,1.33,1.37,1.39,1.37,*/,*/,*/,*/
....Tarlac,Horse for Slaughter,..,..,..,..,..,..,..,..,..,..,..,..,..,..,..,..,*/,*/,*/,*/
....Tarlac,Rabbit for Slaughter,..,..,..,..,..,300.00,..,..,..,300.00,225.00,225.00,210.00,200.00,215.00,170.00,*/,*/,*/,*/
....Tarlac,Sheep for Slaughter,..,..,..,..,..,..,..,..,..,..,..,..,..,..,..,..,*/,*/,*/,*/
....Tarlac,Goose for Dressing,..,..,..,..,..,..,..,..,..,..,..,..,..,..,..,..,*/,*/,*/,*/
....Tarlac,Quail for Dressing,..,..,..,..,..,84.00,..,..,..,84.00,80.00,30.00,33.33,116.67,65.00,80.00,*/,*/,*/,*/
....Tarlac,Turkey for Dressing,..,..,..,..,..,..,..,..,..,..,210.00,200.00,..,300.00,236.67,300.00,*/,*/,*/,*/
....Tarlac,Quail Egg,..,..,..,..,..,1.40,..,..,..,1.40,1.67,0.90,1.35,1.50,1.35,1.50,*/,*/,*/,*/
....Zambales,Horse for Slaughter,..,..,..,..,..,..,..,..,..,..,..,..,..,..,..,..,*/,*/,*/,*/
....Zambales,Rabbit for Slaughter,..,..,..,..,..,..,..,..,..,..,..,..,..,..,..,..,*/,*/,*/,*/
....Zambales,Sheep for Slaughter,..,..,..,..,..,..,..,..,..,..,317.86,..,..,..,317.86,300.00,*/,*/,*/,*/
....Zambales,Goose for Dressing,..,..,..,..,..,..,..,..,..,..,..,..,250.00,..,250.00,..,*/,*/,*/,*/
....Zambales,Quail for Dressing,..,..,..,..,..,..,..,..,..,..,..,..,..,..,..,..,*/,*/,*/,*/
....Zambales,Turkey for Dressing,..,..,..,..,..,..,..,..,..,..,..,..,..,..,..,..,*/,*/,*/,*/
....Zambales,Quail Egg,..,..,..,..,..,..,..,..,..,..,..,..,..,..,..,..,*/,*/,*/,*/
..REGION IV-A (CALABARZON),Horse for Slaughter,..,..,..,..,..,..,..,..,..,..,..,..,..,..,..,..,*/,*/,*/,*/
..REGION IV-A (CALABARZON),Rabbit for Slaughter,..,..,150.00,..,150.00,..,..,..,..,..,200.00,250.00,148.93,..,199.64,169.28,*/,*/,*/,*/
..REGION IV-A (CALABARZON),Sheep for Slaughter,..,256.67,251.11,334.52,280.77,333.17,482.14,440.00,250.00,376.33,..,280.00,..,..,280.00,246.15,*/,*/,*/,*/
..REGION IV-A (CALABARZON),Goose for Dressing,..,..,..,..,..,..,..,..,..,..,..,..,..,..,..,..,*/,*/,*/,*/
..REGION IV-A (CALABARZON),Quail for Dressing,31.00,..,..,..,31.00,30.00,58.28,..,80.00,56.09,..,25.00,210.00,145.26,126.75,61.08,*/,*/,*/,*/
..REGION IV-A (CALABARZON),Turkey for Dressing,250.00,350.00,400.00,..,333.33,..,..,..,..,..,..,..,..,..,..,..,*/,*/,*/,*/
..REGION IV-A (CALABARZON),Quail Egg,0.75,0.75,..,..,0.75,1.40,1.33,1.41,1.00,1.29,1.59,1.44,1.57,1.51,1.53,1.52,*/,*/,*/,*/
....Batangas,Horse for Slaughter,..,..,..,..,..,..,..,..,..,..,..,..,..,..,..,..,*/,*/,*/,*/
....Batangas,Rabbit for Slaughter,..,..,..,..,..,..,..,..,..,..,..,..,..,..,..,..,*/,*/,*/,*/
....Batangas,Sheep for Slaughter,..,..,..,..,..,..,..,..,..,..,..,..,..,..,..,..,*/,*/,*/,*/
....Batangas,Goose for Dressing,..,..,..,..,..,..,..,..,..,..,..,..,..,..,..,..,*/,*/,*/,*/
....Batangas,Quail for Dressing,..,..,..,..,..,..,83.33,..,..,83.33,..,..,210.00,240.00,225.00,80.00,*/,*/,*/,*/
....Batangas,Turkey for Dressing,..,..,400.00,..,400.00,..,..,..,..,..,..,..,..,..,..,..,*/,*/,*/,*/
....Batangas,Quail Egg,..,..,..,..,..,1.24,1.30,1.49,..,1.35,1.42,1.39,1.49,1.41,1.43,1.72,*/,*/,*/,*/
....Cavite,Horse for Slaughter,..,..,..,..,..,..,..,..,..,..,..,..,..,..,..,..,*/,*/,*/,*/
....Cavite,Rabbit for Slaughter,..,..,..,..,..,..,..,..,..,..,..,..,..,..,..,..,*/,*/,*/,*/
....Cavite,Sheep for Slaughter,..,..,..,..,..,..,..,..,..,..,..,..,..,..,..,..,*/,*/,*/,*/
....Cavite,Goose for Dressing,..,..,..,..,..,..,..,..,..,..,..,..,..,..,..,..,*/,*/,*/,*/
....Cavite,Quail for Dressing,..,..,..,..,..,..,60.00,..,80.00,70.00,..,..,..,..,..,..,*/,*/,*/,*/
....Cavite,Turkey for Dressing,..,..,..,..,..,..,..,..,..,..,..,..,..,..,..,..,*/,*/,*/,*/
....Cavite,Quail Egg,..,..,..,..,..,1.60,1.70,1.75,..,1.68,1.35,..,..,..,1.35,..,*/,*/,*/,*/
....Laguna,Horse for Slaughter,..,..,..,..,..,..,..,..,..,..,..,..,..,..,..,..,*/,*/,*/,*/
....Laguna,Rabbit for Slaughter,..,..,..,..,..,..,..,..,..,..,..,..,..,..,..,..,*/,*/,*/,*/
....Laguna,Sheep for Slaughter,..,..,..,..,..,250.00,482.14,..,250.00,327.38,..,280.00,..,..,280.00,246.15,*/,*/,*/,*/
....Laguna,Goose for Dressing,..,..,..,..,..,..,..,..,..,..,..,..,..,..,..,..,*/,*/,*/,*/
....Laguna,Quail for Dressing,..,..,..,..,..,..,..,..,..,..,..,..,..,..,..,..,*/,*/,*/,*/
....Laguna,Turkey for Dressing,250.00,..,400.00,..,325.00,..,..,..,..,..,..,..,..,..,..,..,*/,*/,*/,*/
....Laguna,Quail Egg,..,..,..,..,..,1.40,..,..,..,1.40,..,1.20,1.40,1.50,1.37,1.50,*/,*/,*/,*/
....Quezon,Horse for Slaughter,..,..,..,..,..,..,..,..,..,..,..,..,..,..,..,..,*/,*/,*/,*/
....Quezon,Rabbit for Slaughter,..,..,..,..,..,..,..,..,..,..,..,..,..,..,..,..,*/,*/,*/,*/
....Quezon,Sheep for Slaughter,..,..,..,..,..,..,..,..,..,..,..,..,..,..,..,..,*/,*/,*/,*/
....Quezon,Goose for Dressing,..,..,..,..,..,..,..,..,..,..,..,..,..,..,..,..,*/,*/,*/,*/
....Quezon,Quail for Dressing,31.00,..,..,..,31.00,30.00,31.50,..,..,30.75,..,25.00,..,60.00,42.50,60.00,*/,*/,*/,*/
....Quezon,Turkey for Dressing,..,..,400.00,..,400.00,..,..,..,..,..,..,..,..,..,..,..,*/,*/,*/,*/
....Quezon,Quail Egg,0.75,0.75,..,..,0.75,1.52,1.00,1.00,1.00,1.13,1.70,1.70,1.70,1.70,1.70,1.50,*/,*/,*/,*/
....Rizal,Horse for Slaughter,..,..,..,..,..,..,..,..,..,..,..,..,..,..,..,..,*/,*/,*/,*/
....Rizal,Rabbit for Slaughter,..,..,150.00,..,150.00,..,..,..,..,..,200.00,250.00,148.93,..,199.64,169.28,*/,*/,*/,*/
....Rizal,Sheep for Slaughter,..,256.67,251.11,334.52,280.77,354.00,..,440.00,..,397.00,..,..,..,..,..,..,*/,*/,*/,*/
....Rizal,Goose for Dressing,..,..,..,..,..,..,..,..,..,..,..,..,..,..,..,..,*/,*/,*/,*/
....Rizal,Quail for Dressing,..,..,..,..,..,..,..,..,..,..,..,..,..,..,..,..,*/,*/,*/,*/
....Rizal,Turkey for Dressing,..,350.00,400.00,..,375.00,..,..,..,..,..,..,..,..,..,..,..,*/,*/,*/,*/
....Rizal,Quail Egg,..,..,..,..,..,..,..,..,..,..,..,..,..,..,..,..,*/,*/,*/,*/
..MIMAROPA REGION,Horse for Slaughter,..,..,..,..,..,..,..,..,..,..,..,..,..,..,..,..,*/,*/,*/,*/
..MIMAROPA REGION,Rabbit for Slaughter,..,..,..,..,..,..,..,..,..,..,..,..,..,..,..,..,*/,*/,*/,*/
..MIMAROPA REGION,Sheep for Slaughter,..,..,..,..,..,220.00,..,200.00,..,210.00,216.67,300.00,250.00,250.00,254.17,216.42,*/,*/,*/,*/
..MIMAROPA REGION,Goose for Dressing,..,..,..,..,..,..,..,..,..,..,..,233.33,..,..,233.33,246.67,*/,*/,*/,*/
..MIMAROPA REGION,Quail for Dressing,10.00,..,..,50.00,30.00,90.00,..,..,..,90.00,..,150.00,..,..,150.00,110.00,*/,*/,*/,*/
..MIMAROPA REGION,Turkey for Dressing,120.00,..,400.00,..,260.00,..,..,..,..,..,246.67,280.00,250.00,..,258.89,233.33,*/,*/,*/,*/
..MIMAROPA REGION,Quail Egg,1.47,..,1.90,1.90,1.76,1.80,..,1.90,1.90,1.87,1.95,1.50,2.00,1.90,1.84,2.00,*/,*/,*/,*/
....Marinduque,Horse for Slaughter,..,..,..,..,..,..,..,..,..,..,..,..,..,..,..,..,*/,*/,*/,*/
....Marinduque,Rabbit for Slaughter,..,..,..,..,..,..,..,..,..,..,..,..,..,..,..,..,*/,*/,*/,*/
....Marinduque,Sheep for Slaughter,..,..,..,..,..,..,..,..,..,..,..,..,..,..,..,200.00,*/,*/,*/,*/
....Marinduque,Goose for Dressing,..,..,..,..,..,..,..,..,..,..,..,..,..,..,..,..,*/,*/,*/,*/
....Marinduque,Quail for Dressing,..,..,..,..,..,..,..,..,..,..,..,..,..,..,..,..,*/,*/,*/,*/
....Marinduque,Turkey for Dressing,..,..,..,..,..,..,..,..,..,..,..,..,..,..,..,..,*/,*/,*/,*/
....Marinduque,Quail Egg,..,..,..,..,..,..,..,..,..,..,..,..,..,..,..,..,*/,*/,*/,*/
....Occidental Mindoro,Horse for Slaughter,..,..,..,..,..,..,..,..,..,..,..,..,..,..,..,..,*/,*/,*/,*/
....Occidental Mindoro,Rabbit for Slaughter,..,..,..,..,..,..,..,..,..,..,..,..,..,..,..,..,*/,*/,*/,*/
....Occidental Mindoro,Sheep for Slaughter,..,..,..,..,..,220.00,..,..,..,220.00,220.00,..,..,..,220.00,220.00,*/,*/,*/,*/
....Occidental Mindoro,Goose for Dressing,..,..,..,..,..,..,..,..,..,..,..,..,..,..,..,..,*/,*/,*/,*/
....Occidental Mindoro,Quail for Dressing,..,..,..,..,..,..,..,..,..,..,..,..,..,..,..,..,*/,*/,*/,*/
....Occidental Mindoro,Turkey for Dressing,..,..,..,..,..,..,..,..,..,..,..,..,..,..,..,..,*/,*/,*/,*/
....Occidental Mindoro,Quail Egg,..,..,..,..,..,..,..,..,..,..,..,..,..,..,..,..,*/,*/,*/,*/
....Oriental Mindoro,Horse for Slaughter,..,..,..,..,..,..,..,..,..,..,..,..,..,..,..,..,*/,*/,*/,*/
....Oriental Mindoro,Rabbit for Slaughter,..,..,..,..,..,..,..,..,..,..,..,..,..,..,..,..,*/,*/,*/,*/
....Oriental Mindoro,Sheep for Slaughter,..,..,..,..,..,..,..,..,..,..,..,..,..,..,..,..,*/,*/,*/,*/
....Oriental Mindoro,Goose for Dressing,..,..,..,..,..,..,..,..,..,..,..,..,..,..,..,..,*/,*/,*/,*/
....Oriental Mindoro,Quail for Dressing,10.00,..,..,50.00,30.00,90.00,..,..,..,90.00,..,150.00,..,..,150.00,110.00,*/,*/,*/,*/
....Oriental Mindoro,Turkey for Dressing,120.00,..,400.00,..,260.00,..,..,..,..,..,..,..,..,..,..,..,*/,*/,*/,*/
....Oriental Mindoro,Quail Egg,1.47,..,1.90,1.90,1.76,1.80,..,1.90,1.90,1.87,1.95,1.50,2.00,1.90,1.84,2.00,*/,*/,*/,*/
....Palawan,Horse for Slaughter,..,..,..,..,..,..,..,..,..,..,..,..,..,..,..,..,*/,*/,*/,*/
....Palawan,Rabbit for Slaughter,..,..,..,..,..,..,..,..,..,..,..,..,..,..,..,..,*/,*/,*/,*/
....Palawan,Sheep for Slaughter,..,..,..,..,..,..,..,200.00,..,200.00,200.00,300.00,250.00,250.00,250.00,240.00,*/,*/,*/,*/
....Palawan,Goose for Dressing,..,..,..,..,..,..,..,..,..,..,..,233.33,..,..,233.33,246.67,*/,*/,*/,*/
....Palawan,Quail for Dressing,..,..,..,..,..,..,..,..,..,..,..,..,..,..,..,..,*/,*/,*/,*/
....Palawan,Turkey for Dressing,..,..,..,..,..,..,..,..,..,..,246.67,280.00,250.00,..,258.89,..,*/,*/,*/,*/
....Palawan,Quail Egg,..,..,..,..,..,..,..,..,..,..,..,..,..,..,..,..,*/,*/,*/,*/
....Romblon,Horse for Slaughter,..,..,..,..,..,..,..,..,..,..,..,..,..,..,..,..,*/,*/,*/,*/
....Romblon,Rabbit for Slaughter,..,..,..,..,..,..,..,..,..,..,..,..,..,..,..,..,*/,*/,*/,*/
....Romblon,Sheep for Slaughter,..,..,..,..,..,..,..,..,..,..,..,..,..,..,..,..,*/,*/,*/,*/
....Romblon,Goose for Dressing,..,..,..,..,..,..,..,..,..,..,..,..,..,..,..,..,*/,*/,*/,*/
....Romblon,Quail for Dressing,..,..,..,..,..,..,..,..,..,..,..,..,..,..,..,..,*/,*/,*/,*/
....Romblon,Turkey for Dressing,..,..,..,..,..,..,..,..,..,..,..,..,..,..,..,..,*/,*/,*/,*/
....Romblon,Quail Egg,..,..,..,..,..,..,..,..,..,..,..,..,..,..,..,..,*/,*/,*/,*/
....City of Puerto Princesa,Horse for Slaughter,..,..,..,..,..,..,..,..,..,..,..,..,..,..,..,..,*/,*/,*/,*/
....City of Puerto Princesa,Rabbit for Slaughter,..,..,..,..,..,..,..,..,..,..,..,..,..,..,..,..,*/,*/,*/,*/
....City of Puerto Princesa,Sheep for Slaughter,..,..,..,..,..,..,..,..,..,..,..,..,..,..,..,210.67,*/,*/,*/,*/
....City of Puerto Princesa,Goose for Dressing,..,..,..,..,..,..,..,..,..,..,..,..,..,..,..,..,*/,*/,*/,*/
....City of Puerto Princesa,Quail for Dressing,..,..,..,..,..,..,..,..,..,..,..,..,..,..,..,..,*/,*/,*/,*/
....City of Puerto Princesa,Turkey for Dressing,..,..,..,..,..,..,..,..,..,..,..,..,..,..,..,233.33,*/,*/,*/,*/
....City of Puerto Princesa,Quail Egg,..,..,..,..,..,..,..,..,..,..,..,..,..,..,..,..,*/,*/,*/,*/
..REGION V (BICOL REGION),Horse for Slaughter,..,..,..,..,..,..,..,..,..,..,155.00,..,..,175.00,165.00,143.86,*/,*/,*/,*/
..REGION V (BICOL REGION),Rabbit for Slaughter,..,..,..,..,..,300.00,..,250.00,..,275.00,..,..,..,..,..,..,*/,*/,*/,*/
..REGION V (BICOL REGION),Sheep for Slaughter,..,..,..,..,..,..,..,..,..,..,..,..,..,208.33,208.33,..,*/,*/,*/,*/
..REGION V (BICOL REGION),Goose for Dressing,..,..,..,..,..,..,..,..,..,..,..,..,..,..,..,..,*/,*/,*/,*/
..REGION V (BICOL REGION),Quail for Dressing,..,..,..,..,..,..,..,..,..,..,90.00,90.00,100.00,100.00,95.00,100.00,*/,*/,*/,*/
..REGION V (BICOL REGION),Turkey for Dressing,..,..,..,..,..,..,..,..,..,..,..,..,..,..,..,..,*/,*/,*/,*/
..REGION V (BICOL REGION),Quail Egg,..,..,..,..,..,1.95,2.00,..,..,1.98,2.00,1.60,1.60,1.60,1.70,1.70,*/,*/,*/,*/
....Albay,Horse for Slaughter,..,..,..,..,..,..,..,..,..,..,..,..,..,..,..,..,*/,*/,*/,*/
....Albay,Rabbit for Slaughter,..,..,..,..,..,..,..,..,..,..,..,..,..,..,..,..,*/,*/,*/,*/
....Albay,Sheep for Slaughter,..,..,..,..,..,..,..,..,..,..,..,..,..,..,..,..,*/,*/,*/,*/
....Albay,Goose for Dressing,..,..,..,..,..,..,..,..,..,..,..,..,..,..,..,..,*/,*/,*/,*/
....Albay,Quail for Dressing,..,..,..,..,..,..,..,..,..,..,90.00,90.00,100.00,100.00,95.00,100.00,*/,*/,*/,*/
....Albay,Turkey for Dressing,..,..,..,..,..,..,..,..,..,..,..,..,..,..,..,..,*/,*/,*/,*/
....Albay,Quail Egg,..,..,..,..,..,1.95,2.00,..,..,1.98,2.00,1.60,1.60,1.60,1.70,1.70,*/,*/,*/,*/
....Camarines Norte,Horse for Slaughter,..,..,..,..,..,..,..,..,..,..,..,..,..,..,..,..,*/,*/,*/,*/
....Camarines Norte,Rabbit for Slaughter,..,..,..,..,..,300.00,..,250.00,..,275.00,..,..,..,..,..,..,*/,*/,*/,*/
....Camarines Norte,Sheep for Slaughter,..,..,..,..,..,..,..,..,..,..,..,..,..,..,..,..,*/,*/,*/,*/
....Camarines Norte,Goose for Dressing,..,..,..,..,..,..,..,..,..,..,..,..,..,..,..,..,*/,*/,*/,*/
....Camarines Norte,Quail for Dressing,..,..,..,..,..,..,..,..,..,..,..,..,..,..,..,..,*/,*/,*/,*/
....Camarines Norte,Turkey for Dressing,..,..,..,..,..,..,..,..,..,..,..,..,..,..,..,..,*/,*/,*/,*/
....Camarines Norte,Quail Egg,..,..,..,..,..,..,..,..,..,..,..,..,..,..,..,..,*/,*/,*/,*/
....Camarines Sur,Horse for Slaughter,..,..,..,..,..,..,..,..,..,..,..,..,..,..,..,..,*/,*/,*/,*/
....Camarines Sur,Rabbit for Slaughter,..,..,..,..,..,..,..,..,..,..,..,..,..,..,..,..,*/,*/,*/,*/
....Camarines Sur,Sheep for Slaughter,..,..,..,..,..,..,..,..,..,..,..,..,..,..,..,..,*/,*/,*/,*/
....Camarines Sur,Goose for Dressing,..,..,..,..,..,..,..,..,..,..,..,..,..,..,..,..,*/,*/,*/,*/
....Camarines Sur,Quail for Dressing,..,..,..,..,..,..,..,..,..,..,..,..,..,..,..,..,*/,*/,*/,*/
....Camarines Sur,Turkey for Dressing,..,..,..,..,..,..,..,..,..,..,..,..,..,..,..,..,*/,*/,*/,*/
....Camarines Sur,Quail Egg,..,..,..,..,..,..,..,..,..,..,..,..,..,..,..,..,*/,*/,*/,*/
....Catanduanes,Horse for Slaughter,..,..,..,..,..,..,..,..,..,..,..,..,..,..,..,..,*/,*/,*/,*/
....Catanduanes,Rabbit for Slaughter,..,..,..,..,..,..,..,..,..,..,..,..,..,..,..,..,*/,*/,*/,*/
....Catanduanes,Sheep for Slaughter,..,..,..,..,..,..,..,..,..,..,..,..,..,..,..,..,*/,*/,*/,*/
....Catanduanes,Goose for Dressing,..,..,..,..,..,..,..,..,..,..,..,..,..,..,..,..,*/,*/,*/,*/
....Catanduanes,Quail for Dressing,..,..,..,..,..,..,..,..,..,..,..,..,..,..,..,..,*/,*/,*/,*/
....Catanduanes,Turkey for Dressing,..,..,..,..,..,..,..,..,..,..,..,..,..,..,..,..,*/,*/,*/,*/
....Catanduanes,Quail Egg,..,..,..,..,..,..,..,..,..,..,..,..,..,..,..,..,*/,*/,*/,*/
....Masbate,Horse for Slaughter,..,..,..,..,..,..,..,..,..,..,155.00,..,..,175.00,165.00,143.86,*/,*/,*/,*/
....Masbate,Rabbit for Slaughter,..,..,..,..,..,..,..,..,..,..,..,..,..,..,..,..,*/,*/,*/,*/
....Masbate,Sheep for Slaughter,..,..,..,..,..,..,..,..,..,..,..,..,..,208.33,208.33,..,*/,*/,*/,*/
....Masbate,Goose for Dressing,..,..,..,..,..,..,..,..,..,..,..,..,..,..,..,..,*/,*/,*/,*/
....Masbate,Quail for Dressing,..,..,..,..,..,..,..,..,..,..,..,..,..,..,..,..,*/,*/,*/,*/
....Masbate,Turkey for Dressing,..,..,..,..,..,..,..,..,..,..,..,..,..,..,..,..,*/,*/,*/,*/
....Masbate,Quail Egg,..,..,..,..,..,..,..,..,..,..,..,..,..,..,..,..,*/,*/,*/,*/
....Sorsogon,Horse for Slaughter,..,..,..,..,..,..,..,..,..,..,..,..,..,..,..,..,*/,*/,*/,*/
....Sorsogon,Rabbit for Slaughter,..,..,..,..,..,..,..,..,..,..,..,..,..,..,..,..,*/,*/,*/,*/
....Sorsogon,Sheep for Slaughter,..,..,..,..,..,..,..,..,..,..,..,..,..,..,..,..,*/,*/,*/,*/
....Sorsogon,Goose for Dressing,..,..,..,..,..,..,..,..,..,..,..,..,..,..,..,..,*/,*/,*/,*/
....Sorsogon,Quail for Dressing,..,..,..,..,..,..,..,..,..,..,..,..,..,..,..,..,*/,*/,*/,*/
....Sorsogon,Turkey for Dressing,..,..,..,..,..,..,..,..,..,..,..,..,..,..,..,..,*/,*/,*/,*/
....Sorsogon,Quail Egg,..,..,..,..,..,..,..,..,..,..,..,..,..,..,..,..,*/,*/,*/,*/
..REGION VI (WESTERN VISAYAS),Horse for Slaughter,..,..,..,..,..,..,..,..,..,..,..,..,..,..,..,..,*/,*/,*/,*/
..REGION VI (WESTERN VISAYAS),Rabbit for Slaughter,..,..,..,..,..,..,300.00,..,..,300.00,266.67,400.00,300.00,200.00,291.67,177.78,*/,*/,*/,*/
..REGION VI (WESTERN VISAYAS),Sheep for Slaughter,..,..,..,..,..,..,250.00,250.00,..,250.00,475.00,640.00,366.67,466.67,487.08,533.33,*/,*/,*/,*/
..REGION VI (WESTERN VISAYAS),Goose for Dressing,..,..,..,..,..,..,..,..,..,..,..,..,288.33,285.00,286.67,250.00,*/,*/,*/,*/
..REGION VI (WESTERN VISAYAS),Quail for Dressing,..,..,..,..,..,..,180.00,..,..,180.00,..,157.96,151.18,142.31,150.48,..,*/,*/,*/,*/
..REGION VI (WESTERN VISAYAS),Turkey for Dressing,..,..,..,..,..,..,..,..,..,..,..,300.00,..,..,300.00,208.33,*/,*/,*/,*/
..REGION VI (WESTERN VISAYAS),Quail Egg,..,..,..,..,..,1.60,1.70,..,..,1.65,2.00,2.00,2.00,2.00,2.00,2.13,*/,*/,*/,*/
....Aklan,Horse for Slaughter,..,..,..,..,..,..,..,..,..,..,..,..,..,..,..,..,*/,*/,*/,*/
....Aklan,Rabbit for Slaughter,..,..,..,..,..,..,..,..,..,..,..,..,..,..,..,..,*/,*/,*/,*/
....Aklan,Sheep for Slaughter,..,..,..,..,..,..,..,..,..,..,..,..,..,..,..,..,*/,*/,*/,*/
....Aklan,Goose for Dressing,..,..,..,..,..,..,..,..,..,..,..,..,..,..,..,..,*/,*/,*/,*/
....Aklan,Quail for Dressing,..,..,..,..,..,..,170.00,..,..,170.00,..,170.00,150.00,125.00,148.33,..,*/,*/,*/,*/
....Aklan,Turkey for Dressing,..,..,..,..,..,..,..,..,..,..,..,300.00,..,..,300.00,208.33,*/,*/,*/,*/
....Aklan,Quail Egg,..,..,..,..,..,2.00,..,..,..,2.00,2.00,2.00,2.00,2.00,2.00,..,*/,*/,*/,*/
....Antique,Horse for Slaughter,..,..,..,..,..,..,..,..,..,..,..,..,..,..,..,..,*/,*/,*/,*/
....Antique,Rabbit for Slaughter,..,..,..,..,..,..,300.00,..,..,300.00,266.67,400.00,300.00,200.00,291.67,177.78,*/,*/,*/,*/
....Antique,Sheep for Slaughter,..,..,..,..,..,..,..,..,..,..,..,..,..,..,..,..,*/,*/,*/,*/
....Antique,Goose for Dressing,..,..,..,..,..,..,..,..,..,..,..,..,..,..,..,..,*/,*/,*/,*/
....Antique,Quail for Dressing,..,..,..,..,..,..,..,..,..,..,..,..,..,..,..,..,*/,*/,*/,*/
....Antique,Turkey for Dressing,..,..,..,..,..,..,..,..,..,..,..,..,..,..,..,..,*/,*/,*/,*/
....Antique,Quail Egg,..,..,..,..,..,..,..,..,..,..,..,..,..,..,..,..,*/,*/,*/,*/
....Capiz,Horse for Slaughter,..,..,..,..,..,..,..,..,..,..,..,..,..,..,..,..,*/,*/,*/,*/
....Capiz,Rabbit for Slaughter,..,..,..,..,..,..,..,..,..,..,..,..,..,..,..,..,*/,*/,*/,*/
....Capiz,Sheep for Slaughter,..,..,..,..,..,..,..,..,..,..,..,..,..,..,..,..,*/,*/,*/,*/
....Capiz,Goose for Dressing,..,..,..,..,..,..,..,..,..,..,..,..,..,..,..,..,*/,*/,*/,*/
....Capiz,Quail for Dressing,..,..,..,..,..,..,..,..,..,..,..,..,..,..,..,..,*/,*/,*/,*/
....Capiz,Turkey for Dressing,..,..,..,..,..,..,..,..,..,..,..,..,..,..,..,..,*/,*/,*/,*/
....Capiz,Quail Egg,..,..,..,..,..,..,..,..,..,..,..,..,..,..,..,..,*/,*/,*/,*/
....Guimaras,Horse for Slaughter,..,..,..,..,..,..,..,..,..,..,..,..,..,..,..,..,*/,*/,*/,*/
....Guimaras,Rabbit for Slaughter,..,..,..,..,..,..,..,..,..,..,..,..,..,..,..,..,*/,*/,*/,*/
....Guimaras,Sheep for Slaughter,..,..,..,..,..,..,..,..,..,..,..,..,..,..,..,..,*/,*/,*/,*/
....Guimaras,Goose for Dressing,..,..,..,..,..,..,..,..,..,..,..,..,..,..,..,..,*/,*/,*/,*/
....Guimaras,Quail for Dressing,..,..,..,..,..,..,..,..,..,..,..,..,..,..,..,..,*/,*/,*/,*/
....Guimaras,Turkey for Dressing,..,..,..,..,..,..,..,..,..,..,..,..,..,..,..,..,*/,*/,*/,*/
....Guimaras,Quail Egg,..,..,..,..,..,..,..,..,..,..,..,..,..,..,..,..,*/,*/,*/,*/
....Iloilo,Horse for Slaughter,..,..,..,..,..,..,..,..,..,..,..,..,..,..,..,..,*/,*/,*/,*/
....Iloilo,Rabbit for Slaughter,..,..,..,..,..,..,..,..,..,..,..,..,..,..,..,..,*/,*/,*/,*/
....Iloilo,Sheep for Slaughter,..,..,..,..,..,..,..,..,..,..,475.00,640.00,366.67,466.67,487.08,533.33,*/,*/,*/,*/
....Iloilo,Goose for Dressing,..,..,..,..,..,..,..,..,..,..,..,..,288.33,285.00,286.67,250.00,*/,*/,*/,*/
....Iloilo,Quail for Dressing,..,..,..,..,..,..,190.00,..,..,190.00,..,152.08,152.08,150.00,151.39,..,*/,*/,*/,*/
....Iloilo,Turkey for Dressing,..,..,..,..,..,..,..,..,..,..,..,..,..,..,..,..,*/,*/,*/,*/
....Iloilo,Quail Egg,..,..,..,..,..,1.40,1.70,..,..,1.55,2.17,2.00,2.00,2.00,2.04,2.13,*/,*/,*/,*/
....Negros Occidental,Horse for Slaughter,..,..,..,..,..,..,..,..,..,..,..,..,..,..,..,..,*/,*/,*/,*/
....Negros Occidental,Rabbit for Slaughter,..,..,..,..,..,..,..,..,..,..,..,..,..,..,..,..,*/,*/,*/,*/
....Negros Occidental,Sheep for Slaughter,..,..,..,..,..,..,250.00,250.00,..,250.00,..,..,..,..,..,..,*/,*/,*/,*/
....Negros Occidental,Goose for Dressing,..,..,..,..,..,..,..,..,..,..,..,..,..,..,..,..,*/,*/,*/,*/
....Negros Occidental,Quail for Dressing,..,..,..,..,..,..,..,..,..,..,..,..,..,..,..,..,*/,*/,*/,*/
....Negros Occidental,Turkey for Dressing,..,..,..,..,..,..,..,..,..,..,..,..,..,..,..,..,*/,*/,*/,*/
....Negros Occidental,Quail Egg,..,..,..,..,..,..,..,..,..,..,..,..,..,..,..,..,*/,*/,*/,*/
..NEGROS ISLAND REGION (NIR),Horse for Slaughter,..,..,..,..,..,..,..,..,..,..,..,..,..,..,..,..,*/,*/,*/,*/
..NEGROS ISLAND REGION (NIR),Rabbit for Slaughter,..,..,..,..,..,..,..,..,..,..,..,..,..,..,..,..,*/,*/,*/,*/
..NEGROS ISLAND REGION (NIR),Sheep for Slaughter,..,..,..,..,..,..,..,..,..,..,..,..,..,..,..,..,*/,*/,*/,*/
..NEGROS ISLAND REGION (NIR),Goose for Dressing,..,..,..,..,..,..,..,..,..,..,..,160.00,160.00,160.00,160.00,..,*/,*/,*/,*/
..NEGROS ISLAND REGION (NIR),Quail for Dressing,..,..,..,..,..,..,..,..,..,..,..,..,..,..,..,..,*/,*/,*/,*/
..NEGROS ISLAND REGION (NIR),Turkey for Dressing,..,..,..,..,..,..,..,..,..,..,..,300.00,226.67,..,263.33,300.00,*/,*/,*/,*/
..NEGROS ISLAND REGION (NIR),Quail Egg,..,..,..,..,..,..,..,..,..,..,..,..,..,..,..,..,*/,*/,*/,*/
....Negros Occidental a/,Horse for Slaughter,..,..,..,..,..,..,..,..,..,..,..,..,..,..,..,..,*/,*/,*/,*/
....Negros Occidental a/,Rabbit for Slaughter,..,..,..,..,..,..,..,..,..,..,..,..,..,..,..,..,*/,*/,*/,*/
....Negros Occidental a/,Sheep for Slaughter,..,..,..,..,..,..,..,..,..,..,..,..,..,..,..,..,*/,*/,*/,*/
....Negros Occidental a/,Goose for Dressing,..,..,..,..,..,..,..,..,..,..,..,..,..,..,..,..,*/,*/,*/,*/
....Negros Occidental a/,Quail for Dressing,..,..,..,..,..,..,..,..,..,..,..,..,..,..,..,..,*/,*/,*/,*/
....Negros Occidental a/,Turkey for Dressing,..,..,..,..,..,..,..,..,..,..,..,..,..,..,..,..,*/,*/,*/,*/
....Negros Occidental a/,Quail Egg,..,..,..,..,..,..,..,..,..,..,..,..,..,..,..,..,*/,*/,*/,*/
....Negros Oriental b/,Horse for Slaughter,..,..,..,..,..,..,..,..,..,..,..,..,..,..,..,..,*/,*/,*/,*/
....Negros Oriental b/,Rabbit for Slaughter,..,..,..,..,..,..,..,..,..,..,..,..,..,..,..,..,*/,*/,*/,*/
....Negros Oriental b/,Sheep for Slaughter,..,..,..,..,..,..,..,..,..,..,..,..,..,..,..,..,*/,*/,*/,*/
....Negros Oriental b/,Goose for Dressing,..,..,..,..,..,..,..,..,..,..,..,..,..,..,..,..,*/,*/,*/,*/
....Negros Oriental b/,Quail for Dressing,..,..,..,..,..,..,..,..,..,..,..,..,..,..,..,..,*/,*/,*/,*/
....Negros Oriental b/,Turkey for Dressing,..,..,..,..,..,..,..,..,..,..,..,300.00,226.67,..,263.33,300.00,*/,*/,*/,*/
....Negros Oriental b/,Quail Egg,..,..,..,..,..,..,..,..,..,..,..,..,..,..,..,..,*/,*/,*/,*/
....Siquijor b/,Horse for Slaughter,..,..,..,..,..,..,..,..,..,..,..,..,..,..,..,..,*/,*/,*/,*/
....Siquijor b/,Rabbit for Slaughter,..,..,..,..,..,..,..,..,..,..,..,..,..,..,..,..,*/,*/,*/,*/
....Siquijor b/,Sheep for Slaughter,..,..,..,..,..,..,..,..,..,..,..,..,..,..,..,..,*/,*/,*/,*/
....Siquijor b/,Goose for Dressing,..,..,..,..,..,..,..,..,..,..,..,160.00,160.00,160.00,160.00,..,*/,*/,*/,*/
....Siquijor b/,Quail for Dressing,..,..,..,..,..,..,..,..,..,..,..,..,..,..,..,..,*/,*/,*/,*/
....Siquijor b/,Turkey for Dressing,..,..,..,..,..,..,..,..,..,..,..,..,..,..,..,..,*/,*/,*/,*/
....Siquijor b/,Quail Egg,..,..,..,..,..,..,..,..,..,..,..,..,..,..,..,..,*/,*/,*/,*/
....City of Bacolod,Horse for Slaughter,..,..,..,..,..,..,..,..,..,..,..,..,..,..,..,..,*/,*/,*/,*/
....City of Bacolod,Rabbit for Slaughter,..,..,..,..,..,..,..,..,..,..,..,..,..,..,..,..,*/,*/,*/,*/
....City of Bacolod,Sheep for Slaughter,..,..,..,..,..,..,..,..,..,..,..,..,..,..,..,..,*/,*/,*/,*/
....City of Bacolod,Goose for Dressing,..,..,..,..,..,..,..,..,..,..,..,..,..,..,..,..,*/,*/,*/,*/
....City of Bacolod,Quail for Dressing,..,..,..,..,..,..,..,..,..,..,..,..,..,..,..,..,*/,*/,*/,*/
....City of Bacolod,Turkey for Dressing,..,..,..,..,..,..,..,..,..,..,..,..,..,..,..,..,*/,*/,*/,*/
....City of Bacolod,Quail Egg,..,..,..,..,..,..,..,..,..,..,..,..,..,..,..,..,*/,*/,*/,*/
..REGION VII (CENTRAL VISAYAS),Horse for Slaughter,..,..,..,..,..,..,..,..,..,..,..,..,..,..,..,..,*/,*/,*/,*/
..REGION VII (CENTRAL VISAYAS),Rabbit for Slaughter,..,..,..,..,..,..,..,..,..,..,..,..,..,..,..,..,*/,*/,*/,*/
..REGION VII (CENTRAL VISAYAS),Sheep for Slaughter,..,..,..,..,..,..,..,250.00,..,250.00,..,..,..,..,..,..,*/,*/,*/,*/
..REGION VII (CENTRAL VISAYAS),Goose for Dressing,..,..,..,..,..,..,..,..,..,..,..,..,..,..,..,..,*/,*/,*/,*/
..REGION VII (CENTRAL VISAYAS),Quail for Dressing,..,..,..,..,..,..,..,..,..,..,..,..,..,..,..,..,*/,*/,*/,*/
..REGION VII (CENTRAL VISAYAS),Turkey for Dressing,200.00,..,400.00,..,300.00,250.00,..,..,..,250.00,..,..,..,..,..,..,*/,*/,*/,*/
..REGION VII (CENTRAL VISAYAS),Quail Egg,..,..,..,..,..,..,..,..,..,..,..,..,2.20,3.00,2.60,3.00,*/,*/,*/,*/
....Bohol,Horse for Slaughter,..,..,..,..,..,..,..,..,..,..,..,..,..,..,..,..,*/,*/,*/,*/
....Bohol,Rabbit for Slaughter,..,..,..,..,..,..,..,..,..,..,..,..,..,..,..,..,*/,*/,*/,*/
....Bohol,Sheep for Slaughter,..,..,..,..,..,..,..,..,..,..,..,..,..,..,..,..,*/,*/,*/,*/
....Bohol,Goose for Dressing,..,..,..,..,..,..,..,..,..,..,..,..,..,..,..,..,*/,*/,*/,*/
....Bohol,Quail for Dressing,..,..,..,..,..,..,..,..,..,..,..,..,..,..,..,..,*/,*/,*/,*/
....Bohol,Turkey for Dressing,..,..,..,..,..,..,..,..,..,..,..,..,..,..,..,..,*/,*/,*/,*/
....Bohol,Quail Egg,..,..,..,..,..,..,..,..,..,..,..,..,..,..,..,..,*/,*/,*/,*/
....Cebu,Horse for Slaughter,..,..,..,..,..,..,..,..,..,..,..,..,..,..,..,..,*/,*/,*/,*/
....Cebu,Rabbit for Slaughter,..,..,..,..,..,..,..,..,..,..,..,..,..,..,..,..,*/,*/,*/,*/
....Cebu,Sheep for Slaughter,..,..,..,..,..,..,..,..,..,..,..,..,..,..,..,..,*/,*/,*/,*/
....Cebu,Goose for Dressing,..,..,..,..,..,..,..,..,..,..,..,..,..,..,..,..,*/,*/,*/,*/
....Cebu,Quail for Dressing,..,..,..,..,..,..,..,..,..,..,..,..,..,..,..,..,*/,*/,*/,*/
....Cebu,Turkey for Dressing,200.00,..,400.00,..,300.00,..,..,..,..,..,..,..,..,..,..,..,*/,*/,*/,*/
....Cebu,Quail Egg,..,..,..,..,..,..,..,..,..,..,..,..,2.20,3.00,2.60,3.00,*/,*/,*/,*/
....Negros Oriental,Horse for Slaughter,..,..,..,..,..,..,..,..,..,..,..,..,..,..,..,..,*/,*/,*/,*/
....Negros Oriental,Rabbit for Slaughter,..,..,..,..,..,..,..,..,..,..,..,..,..,..,..,..,*/,*/,*/,*/
....Negros Oriental,Sheep for Slaughter,..,..,..,..,..,..,..,250.00,..,250.00,..,..,..,..,..,..,*/,*/,*/,*/
....Negros Oriental,Goose for Dressing,..,..,..,..,..,..,..,..,..,..,..,..,..,..,..,..,*/,*/,*/,*/
....Negros Oriental,Quail for Dressing,..,..,..,..,..,..,..,..,..,..,..,..,..,..,..,..,*/,*/,*/,*/
....Negros Oriental,Turkey for Dressing,..,..,..,..,..,..,..,..,..,..,..,..,..,..,..,..,*/,*/,*/,*/
....Negros Oriental,Quail Egg,..,..,..,..,..,..,..,..,..,..,..,..,..,..,..,..,*/,*/,*/,*/
....Siquijor,Horse for Slaughter,..,..,..,..,..,..,..,..,..,..,..,..,..,..,..,..,*/,*/,*/,*/
....Siquijor,Rabbit for Slaughter,..,..,..,..,..,..,..,..,..,..,..,..,..,..,..,..,*/,*/,*/,*/
....Siquijor,Sheep for Slaughter,..,..,..,..,..,..,..,..,..,..,..,..,..,..,..,..,*/,*/,*/,*/
....Siquijor,Goose for Dressing,..,..,..,..,..,..,..,..,..,..,..,..,..,..,..,..,*/,*/,*/,*/
....Siquijor,Quail for Dressing,..,..,..,..,..,..,..,..,..,..,..,..,..,..,..,..,*/,*/,*/,*/
....Siquijor,Turkey for Dressing,..,..,..,..,..,250.00,..,..,..,250.00,..,..,..,..,..,..,*/,*/,*/,*/
....Siquijor,Quail Egg,..,..,..,..,..,..,..,..,..,..,..,..,..,..,..,..,*/,*/,*/,*/
..REGION VIII (EASTERN VISAYAS),Horse for Slaughter,..,..,..,..,..,..,..,..,..,..,..,..,..,..,..,..,*/,*/,*/,*/
..REGION VIII (EASTERN VISAYAS),Rabbit for Slaughter,..,..,..,..,..,..,..,..,..,..,200.00,200.00,..,..,200.00,..,*/,*/,*/,*/
..REGION VIII (EASTERN VISAYAS),Sheep for Slaughter,..,..,..,..,..,..,200.00,..,216.67,208.33,168.00,146.67,..,..,157.33,237.00,*/,*/,*/,*/
..REGION VIII (EASTERN VISAYAS),Goose for Dressing,..,..,..,..,..,..,..,..,..,..,..,250.00,..,..,250.00,..,*/,*/,*/,*/
..REGION VIII (EASTERN VISAYAS),Quail for Dressing,..,..,..,..,..,..,..,..,..,..,..,150.00,..,..,150.00,..,*/,*/,*/,*/
..REGION VIII (EASTERN VISAYAS),Turkey for Dressing,..,..,..,..,..,..,..,..,..,..,..,250.00,..,..,250.00,..,*/,*/,*/,*/
..REGION VIII (EASTERN VISAYAS),Quail Egg,..,..,..,..,..,1.90,..,..,..,1.90,2.50,..,..,..,2.50,..,*/,*/,*/,*/
....Biliran,Horse for Slaughter,..,..,..,..,..,..,..,..,..,..,..,..,..,..,..,..,*/,*/,*/,*/
....Biliran,Rabbit for Slaughter,..,..,..,..,..,..,..,..,..,..,..,..,..,..,..,..,*/,*/,*/,*/
....Biliran,Sheep for Slaughter,..,..,..,..,..,..,..,..,..,..,..,..,..,..,..,..,*/,*/,*/,*/
....Biliran,Goose for Dressing,..,..,..,..,..,..,..,..,..,..,..,..,..,..,..,..,*/,*/,*/,*/
....Biliran,Quail for Dressing,..,..,..,..,..,..,..,..,..,..,..,..,..,..,..,..,*/,*/,*/,*/
....Biliran,Turkey for Dressing,..,..,..,..,..,..,..,..,..,..,..,..,..,..,..,..,*/,*/,*/,*/
....Biliran,Quail Egg,..,..,..,..,..,..,..,..,..,..,..,..,..,..,..,..,*/,*/,*/,*/
....Eastern Samar,Horse for Slaughter,..,..,..,..,..,..,..,..,..,..,..,..,..,..,..,..,*/,*/,*/,*/
....Eastern Samar,Rabbit for Slaughter,..,..,..,..,..,..,..,..,..,..,..,..,..,..,..,..,*/,*/,*/,*/
....Eastern Samar,Sheep for Slaughter,..,..,..,..,..,..,..,..,..,..,..,..,..,..,..,..,*/,*/,*/,*/
....Eastern Samar,Goose for Dressing,..,..,..,..,..,..,..,..,..,..,..,..,..,..,..,..,*/,*/,*/,*/
....Eastern Samar,Quail for Dressing,..,..,..,..,..,..,..,..,..,..,..,..,..,..,..,..,*/,*/,*/,*/
....Eastern Samar,Turkey for Dressing,..,..,..,..,..,..,..,..,..,..,..,..,..,..,..,..,*/,*/,*/,*/
....Eastern Samar,Quail Egg,..,..,..,..,..,..,..,..,..,..,..,..,..,..,..,..,*/,*/,*/,*/
....Leyte,Horse for Slaughter,..,..,..,..,..,..,..,..,..,..,..,..,..,..,..,..,*/,*/,*/,*/
....Leyte,Rabbit for Slaughter,..,..,..,..,..,..,..,..,..,..,..,..,..,..,..,..,*/,*/,*/,*/
....Leyte,Sheep for Slaughter,..,..,..,..,..,..,200.00,..,216.67,208.33,168.00,146.67,..,..,157.33,237.00,*/,*/,*/,*/
....Leyte,Goose for Dressing,..,..,..,..,..,..,..,..,..,..,..,..,..,..,..,..,*/,*/,*/,*/
....Leyte,Quail for Dressing,..,..,..,..,..,..,..,..,..,..,..,150.00,150.00,..,150.00,..,*/,*/,*/,*/
....Leyte,Turkey for Dressing,..,..,..,..,..,..,..,..,..,..,..,..,..,..,..,..,*/,*/,*/,*/
....Leyte,Quail Egg,..,..,..,..,..,1.90,..,..,..,1.90,2.50,2.00,2.00,..,2.17,..,*/,*/,*/,*/
....Northern Samar,Horse for Slaughter,..,..,..,..,..,..,..,..,..,..,..,..,..,..,..,..,*/,*/,*/,*/
....Northern Samar,Rabbit for Slaughter,..,..,..,..,..,..,..,..,..,..,200.00,200.00,..,..,200.00,..,*/,*/,*/,*/
....Northern Samar,Sheep for Slaughter,..,..,..,..,..,..,..,..,..,..,..,..,..,..,..,..,*/,*/,*/,*/
....Northern Samar,Goose for Dressing,..,..,..,..,..,..,..,..,..,..,..,..,..,..,..,..,*/,*/,*/,*/
....Northern Samar,Quail for Dressing,..,..,..,..,..,..,..,..,..,..,..,..,..,..,..,..,*/,*/,*/,*/
....Northern Samar,Turkey for Dressing,..,..,..,..,..,..,..,..,..,..,..,..,..,..,..,..,*/,*/,*/,*/
....Northern Samar,Quail Egg,..,..,..,..,..,..,..,..,..,..,..,..,..,..,..,..,*/,*/,*/,*/
....Samar,Horse for Slaughter,..,..,..,..,..,..,..,..,..,..,..,..,..,..,..,..,*/,*/,*/,*/
....Samar,Rabbit for Slaughter,..,..,..,..,..,..,..,..,..,..,..,..,..,..,..,..,*/,*/,*/,*/
....Samar,Sheep for Slaughter,..,..,..,..,..,..,..,..,..,..,..,..,..,..,..,..,*/,*/,*/,*/
....Samar,Goose for Dressing,..,..,..,..,..,..,..,..,..,..,..,250.00,..,..,250.00,..,*/,*/,*/,*/
....Samar,Quail for Dressing,..,..,..,..,..,..,..,..,..,..,..,150.00,..,..,150.00,..,*/,*/,*/,*/
....Samar,Turkey for Dressing,..,..,..,..,..,..,..,..,..,..,..,250.00,..,..,250.00,..,*/,*/,*/,*/
....Samar,Quail Egg,..,..,..,..,..,..,..,..,..,..,..,..,..,2.50,2.50,..,*/,*/,*/,*/
....Southern Leyte,Horse for Slaughter,..,..,..,..,..,..,..,..,..,..,..,..,..,..,..,..,*/,*/,*/,*/
....Southern Leyte,Rabbit for Slaughter,..,..,..,..,..,..,..,..,..,..,..,..,..,..,..,..,*/,*/,*/,*/
....Southern Leyte,Sheep for Slaughter,..,..,..,..,..,..,..,..,..,..,..,..,..,..,..,..,*/,*/,*/,*/
....Southern Leyte,Goose for Dressing,..,..,..,..,..,..,..,..,..,..,..,..,..,..,..,..,*/,*/,*/,*/
....Southern Leyte,Quail for Dressing,..,..,..,..,..,..,..,..,..,..,..,..,..,..,..,..,*/,*/,*/,*/
....Southern Leyte,Turkey for Dressing,..,..,..,..,..,..,..,..,..,..,..,..,..,..,..,..,*/,*/,*/,*/
....Southern Leyte,Quail Egg,..,..,..,..,..,..,..,..,..,..,..,..,..,..,..,..,*/,*/,*/,*/
..REGION IX (ZAMBOANGA PENINSULA),Horse for Slaughter,..,..,..,..,..,..,..,..,..,..,..,..,..,..,..,..,*/,*/,*/,*/
..REGION IX (ZAMBOANGA PENINSULA),Rabbit for Slaughter,..,..,..,..,..,..,..,81.00,..,81.00,87.50,..,89.52,..,88.51,151.59,*/,*/,*/,*/
..REGION IX (ZAMBOANGA PENINSULA),Sheep for Slaughter,..,..,..,..,..,222.86,..,..,..,222.86,..,193.33,209.30,256.59,219.74,..,*/,*/,*/,*/
..REGION IX (ZAMBOANGA PENINSULA),Goose for Dressing,..,..,..,..,..,..,..,..,..,..,..,..,380.00,..,380.00,..,*/,*/,*/,*/
..REGION IX (ZAMBOANGA PENINSULA),Quail for Dressing,..,..,..,..,..,..,..,..,..,..,..,85.71,..,..,85.71,106.67,*/,*/,*/,*/
..REGION IX (ZAMBOANGA PENINSULA),Turkey for Dressing,..,..,..,..,..,..,..,..,..,..,400.00,293.33,350.00,..,347.78,271.21,*/,*/,*/,*/
..REGION IX (ZAMBOANGA PENINSULA),Quail Egg,..,..,..,..,..,2.00,1.25,..,..,1.63,2.00,2.00,2.00,2.00,2.00,2.24,*/,*/,*/,*/
....Sulu d/,Horse for Slaughter,......,......,......,......,......,......,......,......,......,......,..,..,..,..,..,..,*/,*/,*/,*/
....Sulu d/,Rabbit for Slaughter,......,......,......,......,......,......,......,......,......,......,..,..,..,..,..,..,*/,*/,*/,*/
....Sulu d/,Sheep for Slaughter,......,......,......,......,......,......,......,......,......,......,..,..,..,..,..,..,*/,*/,*/,*/
....Sulu d/,Goose for Dressing,......,......,......,......,......,......,......,......,......,......,..,..,..,..,..,..,*/,*/,*/,*/
....Sulu d/,Quail for Dressing,......,......,......,......,......,......,......,......,......,......,..,..,..,..,..,..,*/,*/,*/,*/
....Sulu d/,Turkey for Dressing,......,......,......,......,......,......,......,......,......,......,..,..,..,..,..,..,*/,*/,*/,*/
....Sulu d/,Quail Egg,......,......,......,......,......,......,......,......,......,......,..,..,..,..,..,..,*/,*/,*/,*/
....Zamboanga del Norte,Horse for Slaughter,..,..,..,..,..,..,..,..,..,..,..,..,..,..,..,..,*/,*/,*/,*/
....Zamboanga del Norte,Rabbit for Slaughter,..,..,..,..,..,..,..,..,..,..,..,..,..,..,..,..,*/,*/,*/,*/
....Zamboanga del Norte,Sheep for Slaughter,..,..,..,..,..,..,..,..,..,..,..,..,280.00,286.67,283.33,..,*/,*/,*/,*/
....Zamboanga del Norte,Goose for Dressing,..,..,..,..,..,..,..,..,..,..,..,..,..,..,..,..,*/,*/,*/,*/
....Zamboanga del Norte,Quail for Dressing,..,..,..,..,..,..,..,..,..,..,..,..,..,..,..,..,*/,*/,*/,*/
....Zamboanga del Norte,Turkey for Dressing,..,..,..,..,..,..,..,..,..,..,..,..,..,..,..,..,*/,*/,*/,*/
....Zamboanga del Norte,Quail Egg,..,..,..,..,..,..,..,..,..,..,..,..,..,..,..,..,*/,*/,*/,*/
....Zamboanga del Sur,Horse for Slaughter,..,..,..,..,..,..,..,..,..,..,..,..,..,..,..,..,*/,*/,*/,*/
....Zamboanga del Sur,Rabbit for Slaughter,..,..,..,..,..,..,..,81.00,..,81.00,87.50,..,80.00,..,83.75,87.50,*/,*/,*/,*/
....Zamboanga del Sur,Sheep for Slaughter,..,..,..,..,..,222.86,..,..,..,222.86,..,..,..,..,..,..,*/,*/,*/,*/
....Zamboanga del Sur,Goose for Dressing,..,..,..,..,..,..,..,..,..,..,..,..,380.00,966.67,673.33,..,*/,*/,*/,*/
....Zamboanga del Sur,Quail for Dressing,..,..,..,..,..,..,..,..,..,..,..,..,..,..,..,..,*/,*/,*/,*/
....Zamboanga del Sur,Turkey for Dressing,..,..,..,..,..,..,..,..,..,..,400.00,293.33,..,1500.00,731.11,400.00,*/,*/,*/,*/
....Zamboanga del Sur,Quail Egg,..,..,..,..,..,..,..,..,..,..,..,..,..,..,..,..,*/,*/,*/,*/
....Zamboanga Sibugay,Horse for Slaughter,..,..,..,..,..,..,..,..,..,..,..,..,..,..,..,..,*/,*/,*/,*/
....Zamboanga Sibugay,Rabbit for Slaughter,..,..,..,..,..,..,..,..,..,..,..,..,..,..,..,..,*/,*/,*/,*/
....Zamboanga Sibugay,Sheep for Slaughter,..,..,..,..,..,..,..,..,..,..,..,..,..,..,..,..,*/,*/,*/,*/
....Zamboanga Sibugay,Goose for Dressing,..,..,..,..,..,..,..,..,..,..,..,..,..,..,..,..,*/,*/,*/,*/
....Zamboanga Sibugay,Quail for Dressing,..,..,..,..,..,..,..,..,..,..,..,150.00,..,..,150.00,106.67,*/,*/,*/,*/
....Zamboanga Sibugay,Turkey for Dressing,..,..,..,..,..,..,..,..,..,..,..,..,..,..,..,..,*/,*/,*/,*/
....Zamboanga Sibugay,Quail Egg,..,..,..,..,..,2.00,1.25,..,..,1.63,2.00,2.00,2.00,2.00,2.00,2.00,*/,*/,*/,*/
....City of Zamboanga,Horse for Slaughter,..,..,..,..,..,..,..,..,..,..,..,..,..,..,..,..,*/,*/,*/,*/
....City of Zamboanga,Rabbit for Slaughter,1/,1/,1/,1/,1/,1/,1/,1/,1/,1/,1/,..,96.67,..,96.67,166.67,*/,*/,*/,*/
....City of Zamboanga,Sheep for Slaughter,1/,1/,1/,1/,1/,1/,1/,1/,1/,1/,1/,193.33,200.00,200.00,197.78,..,*/,*/,*/,*/
....City of Zamboanga,Goose for Dressing,1/,1/,1/,1/,1/,1/,1/,1/,1/,1/,1/,..,500.00,..,500.00,..,*/,*/,*/,*/
....City of Zamboanga,Quail for Dressing,1/,1/,1/,1/,1/,1/,1/,1/,1/,1/,1/,76.67,..,..,76.67,..,*/,*/,*/,*/
....City of Zamboanga,Turkey for Dressing,1/,1/,1/,1/,1/,1/,1/,1/,1/,1/,1/,..,350.00,..,350.00,270.00,*/,*/,*/,*/
....City of Zamboanga,Quail Egg,1/,1/,1/,1/,1/,1/,1/,1/,1/,1/,1/,2.00,2.00,2.00,2.00,3.00,*/,*/,*/,*/
..REGION X (NORTHERN MINDANAO),Horse for Slaughter,..,..,..,..,..,..,..,..,..,..,..,150.00,..,..,150.00,..,*/,*/,*/,*/
..REGION X (NORTHERN MINDANAO),Rabbit for Slaughter,..,..,..,..,..,..,..,300.00,300.00,300.00,..,251.33,..,350.00,300.67,..,*/,*/,*/,*/
..REGION X (NORTHERN MINDANAO),Sheep for Slaughter,..,..,..,..,..,192.33,325.00,350.00,232.38,274.93,293.87,280.48,366.62,293.78,308.69,281.57,*/,*/,*/,*/
..REGION X (NORTHERN MINDANAO),Goose for Dressing,..,..,..,..,..,..,..,..,..,..,..,..,..,..,..,..,*/,*/,*/,*/
..REGION X (NORTHERN MINDANAO),Quail for Dressing,..,..,..,..,..,..,..,..,..,..,..,..,..,..,..,..,*/,*/,*/,*/
..REGION X (NORTHERN MINDANAO),Turkey for Dressing,..,..,400.00,..,400.00,..,..,..,..,..,..,..,..,..,..,..,*/,*/,*/,*/
..REGION X (NORTHERN MINDANAO),Quail Egg,..,..,..,..,..,..,..,..,..,..,..,..,..,..,..,..,*/,*/,*/,*/
....Bukidnon,Horse for Slaughter,..,..,..,..,..,..,..,..,..,..,..,150.00,..,..,150.00,..,*/,*/,*/,*/
....Bukidnon,Rabbit for Slaughter,..,..,..,..,..,..,..,..,..,..,..,..,..,..,..,..,*/,*/,*/,*/
....Bukidnon,Sheep for Slaughter,..,..,..,..,..,192.33,..,..,300.00,246.17,300.00,300.00,300.00,300.00,300.00,300.00,*/,*/,*/,*/
....Bukidnon,Goose for Dressing,..,..,..,..,..,..,..,..,..,..,..,..,..,..,..,..,*/,*/,*/,*/
....Bukidnon,Quail for Dressing,..,..,..,..,..,..,..,..,..,..,..,..,..,..,..,..,*/,*/,*/,*/
....Bukidnon,Turkey for Dressing,..,..,400.00,..,400.00,..,..,..,..,..,..,..,..,..,..,..,*/,*/,*/,*/
....Bukidnon,Quail Egg,..,..,..,..,..,..,..,..,..,..,..,..,..,..,..,..,*/,*/,*/,*/
....Camiguin,Horse for Slaughter,..,..,..,..,..,..,..,..,..,..,..,..,..,..,..,..,*/,*/,*/,*/
....Camiguin,Rabbit for Slaughter,..,..,..,..,..,..,..,300.00,300.00,300.00,..,251.33,..,350.00,300.67,..,*/,*/,*/,*/
....Camiguin,Sheep for Slaughter,..,..,..,..,..,..,350.00,..,350.00,350.00,450.00,350.00,..,320.00,373.33,..,*/,*/,*/,*/
....Camiguin,Goose for Dressing,..,..,..,..,..,..,..,..,..,..,..,..,..,..,..,..,*/,*/,*/,*/
....Camiguin,Quail for Dressing,..,..,..,..,..,..,..,..,..,..,..,..,..,..,..,..,*/,*/,*/,*/
....Camiguin,Turkey for Dressing,..,..,..,..,..,..,..,..,..,..,..,..,..,..,..,..,*/,*/,*/,*/
....Camiguin,Quail Egg,..,..,..,..,..,..,..,..,..,..,..,..,..,..,..,..,*/,*/,*/,*/
....Lanao del Norte,Horse for Slaughter,..,..,..,..,..,..,..,..,..,..,..,..,..,..,..,..,*/,*/,*/,*/
....Lanao del Norte,Rabbit for Slaughter,..,..,..,..,..,..,..,..,..,..,..,..,..,..,..,..,*/,*/,*/,*/
....Lanao del Norte,Sheep for Slaughter,..,..,..,..,..,..,..,..,..,..,..,..,..,..,..,..,*/,*/,*/,*/
....Lanao del Norte,Goose for Dressing,..,..,..,..,..,..,..,..,..,..,..,..,..,..,..,..,*/,*/,*/,*/
....Lanao del Norte,Quail for Dressing,..,..,..,..,..,..,..,..,..,..,..,..,..,..,..,..,*/,*/,*/,*/
....Lanao del Norte,Turkey for Dressing,..,..,..,..,..,..,..,..,..,..,..,..,..,..,..,..,*/,*/,*/,*/
....Lanao del Norte,Quail Egg,..,..,..,..,..,..,..,..,..,..,..,..,..,..,..,..,*/,*/,*/,*/
....Misamis Occidental,Horse for Slaughter,..,..,..,..,..,..,..,..,..,..,..,..,..,..,..,..,*/,*/,*/,*/
....Misamis Occidental,Rabbit for Slaughter,..,..,..,..,..,..,..,..,..,..,..,..,..,..,..,..,*/,*/,*/,*/
....Misamis Occidental,Sheep for Slaughter,..,..,..,..,..,..,..,..,220.00,220.00,230.00,230.00,..,230.00,230.00,230.00,*/,*/,*/,*/
....Misamis Occidental,Goose for Dressing,..,..,..,..,..,..,..,..,..,..,..,..,..,..,..,..,*/,*/,*/,*/
....Misamis Occidental,Quail for Dressing,..,..,..,..,..,..,..,..,..,..,..,..,..,..,..,..,*/,*/,*/,*/
....Misamis Occidental,Turkey for Dressing,..,..,..,..,..,..,..,..,..,..,..,..,..,..,..,..,*/,*/,*/,*/
....Misamis Occidental,Quail Egg,..,..,..,..,..,..,..,..,..,..,..,..,..,..,..,..,*/,*/,*/,*/
....Misamis Oriental,Horse for Slaughter,..,..,..,..,..,..,..,..,..,..,..,..,..,..,..,..,*/,*/,*/,*/
....Misamis Oriental,Rabbit for Slaughter,..,..,..,..,..,..,..,..,..,..,..,..,..,..,..,..,*/,*/,*/,*/
....Misamis Oriental,Sheep for Slaughter,..,..,..,..,..,..,300.00,350.00,251.43,300.48,247.33,..,421.00,300.00,322.78,268.82,*/,*/,*/,*/
....Misamis Oriental,Goose for Dressing,..,..,..,..,..,..,..,..,..,..,..,..,..,..,..,..,*/,*/,*/,*/
....Misamis Oriental,Quail for Dressing,..,..,..,..,..,..,..,..,..,..,..,..,..,..,..,..,*/,*/,*/,*/
....Misamis Oriental,Turkey for Dressing,..,..,..,..,..,..,..,..,..,..,..,..,..,..,..,..,*/,*/,*/,*/
....Misamis Oriental,Quail Egg,..,..,..,..,..,..,..,..,..,..,..,..,..,..,..,..,*/,*/,*/,*/
..REGION XI (DAVAO REGION),Horse for Slaughter,..,..,..,..,..,..,..,..,..,..,..,..,..,..,..,133.33,*/,*/,*/,*/
..REGION XI (DAVAO REGION),Rabbit for Slaughter,..,..,450.00,..,450.00,250.00,300.00,350.00,..,300.00,..,333.33,..,..,333.33,165.63,*/,*/,*/,*/
..REGION XI (DAVAO REGION),Sheep for Slaughter,..,..,230.00,230.00,230.00,191.35,196.67,180.00,280.00,212.00,208.33,186.78,209.38,226.33,207.71,210.34,*/,*/,*/,*/
..REGION XI (DAVAO REGION),Goose for Dressing,..,..,..,..,..,300.00,..,..,..,300.00,..,..,..,..,..,..,*/,*/,*/,*/
..REGION XI (DAVAO REGION),Quail for Dressing,..,..,..,..,..,60.00,..,..,..,60.00,..,..,..,..,..,..,*/,*/,*/,*/
..REGION XI (DAVAO REGION),Turkey for Dressing,200.00,350.00,383.33,..,311.11,250.00,..,350.00,..,300.00,..,..,..,..,..,..,*/,*/,*/,*/
..REGION XI (DAVAO REGION),Quail Egg,..,..,..,..,..,..,..,..,..,..,..,..,..,..,..,..,*/,*/,*/,*/
....Davao de Oro,Horse for Slaughter,..,..,..,..,..,..,..,..,..,..,..,..,..,..,..,..,*/,*/,*/,*/
....Davao de Oro,Rabbit for Slaughter,..,..,..,..,..,..,..,..,..,..,..,..,..,..,..,..,*/,*/,*/,*/
....Davao de Oro,Sheep for Slaughter,..,..,..,..,..,..,..,..,..,..,..,..,..,..,..,..,*/,*/,*/,*/
....Davao de Oro,Goose for Dressing,..,..,..,..,..,..,..,..,..,..,..,..,..,..,..,..,*/,*/,*/,*/
....Davao de Oro,Quail for Dressing,..,..,..,..,..,..,..,..,..,..,..,..,..,..,..,..,*/,*/,*/,*/
....Davao de Oro,Turkey for Dressing,..,..,..,..,..,..,..,..,..,..,..,..,..,..,..,..,*/,*/,*/,*/
....Davao de Oro,Quail Egg,..,..,..,..,..,..,..,..,..,..,..,..,..,..,..,..,*/,*/,*/,*/
....Davao del Norte,Horse for Slaughter,..,..,..,..,..,..,..,..,..,..,..,..,..,..,..,..,*/,*/,*/,*/
....Davao del Norte,Rabbit for Slaughter,..,..,450.00,..,450.00,..,..,..,..,..,..,..,..,..,..,150.00,*/,*/,*/,*/
....Davao del Norte,Sheep for Slaughter,..,..,230.00,230.00,230.00,..,..,200.00,..,200.00,..,..,..,..,..,..,*/,*/,*/,*/
....Davao del Norte,Goose for Dressing,..,..,..,..,..,300.00,..,..,..,300.00,..,..,..,..,..,..,*/,*/,*/,*/
....Davao del Norte,Quail for Dressing,..,..,..,..,..,60.00,..,..,..,60.00,..,..,..,..,..,..,*/,*/,*/,*/
....Davao del Norte,Turkey for Dressing,..,..,350.00,..,350.00,300.00,..,..,..,300.00,..,..,..,..,..,..,*/,*/,*/,*/
....Davao del Norte,Quail Egg,..,..,..,..,..,..,..,..,..,..,..,..,..,..,..,..,*/,*/,*/,*/
....Davao del Sur,Horse for Slaughter,..,..,..,..,..,..,..,..,..,..,..,..,..,..,..,..,*/,*/,*/,*/
....Davao del Sur,Rabbit for Slaughter,..,..,..,..,..,250.00,300.00,350.00,..,300.00,..,333.33,..,..,333.33,320.00,*/,*/,*/,*/
....Davao del Sur,Sheep for Slaughter,..,..,..,..,..,191.35,196.67,160.00,280.00,207.00,208.33,206.67,200.00,200.00,203.75,220.00,*/,*/,*/,*/
....Davao del Sur,Goose for Dressing,..,..,..,..,..,..,..,..,..,..,..,..,..,..,..,..,*/,*/,*/,*/
....Davao del Sur,Quail for Dressing,..,..,..,..,..,..,..,..,..,..,..,..,..,..,..,..,*/,*/,*/,*/
....Davao del Sur,Turkey for Dressing,200.00,350.00,400.00,..,316.67,200.00,..,350.00,..,275.00,..,..,..,..,..,..,*/,*/,*/,*/
....Davao del Sur,Quail Egg,..,..,..,..,..,..,..,..,..,..,..,..,..,..,..,..,*/,*/,*/,*/
....Davao Occidental,Horse for Slaughter,..,..,..,..,..,..,..,..,..,..,..,..,..,..,..,..,*/,*/,*/,*/
....Davao Occidental,Rabbit for Slaughter,..,..,..,..,..,..,..,..,..,..,..,..,..,..,..,..,*/,*/,*/,*/
....Davao Occidental,Sheep for Slaughter,..,..,..,..,..,..,..,..,..,..,..,..,250.00,250.00,250.00,..,*/,*/,*/,*/
....Davao Occidental,Goose for Dressing,..,..,..,..,..,..,..,..,..,..,..,..,..,..,..,..,*/,*/,*/,*/
....Davao Occidental,Quail for Dressing,..,..,..,..,..,..,..,..,..,..,..,..,..,..,..,..,*/,*/,*/,*/
....Davao Occidental,Turkey for Dressing,..,..,..,..,..,..,..,..,..,..,..,..,..,..,..,..,*/,*/,*/,*/
....Davao Occidental,Quail Egg,..,..,..,..,..,..,..,..,..,..,..,..,..,..,..,..,*/,*/,*/,*/
....Davao Oriental,Horse for Slaughter,..,..,..,..,..,..,..,..,..,..,..,..,..,..,..,133.33,*/,*/,*/,*/
....Davao Oriental,Rabbit for Slaughter,..,..,..,..,..,..,..,..,..,..,..,..,..,..,..,..,*/,*/,*/,*/
....Davao Oriental,Sheep for Slaughter,..,..,..,..,..,..,..,..,..,..,..,..,..,..,..,..,*/,*/,*/,*/
....Davao Oriental,Goose for Dressing,..,..,..,..,..,..,..,..,..,..,..,..,..,..,..,..,*/,*/,*/,*/
....Davao Oriental,Quail for Dressing,..,..,..,..,..,..,..,..,..,..,..,..,..,..,..,..,*/,*/,*/,*/
....Davao Oriental,Turkey for Dressing,..,..,400.00,..,400.00,..,..,..,..,..,..,..,..,..,..,..,*/,*/,*/,*/
....Davao Oriental,Quail Egg,..,..,..,..,..,..,..,..,..,..,..,..,..,..,..,..,*/,*/,*/,*/
....City of Davao,Horse for Slaughter,..,..,..,..,..,..,..,..,..,..,..,..,..,..,..,..,*/,*/,*/,*/
....City of Davao,Rabbit for Slaughter,2/,2/,2/,2/,2/,2/,2/,2/,2/,2/,2/,..,..,..,..,..,*/,*/,*/,*/
....City of Davao,Sheep for Slaughter,2/,2/,2/,2/,2/,2/,2/,2/,2/,2/,2/,175.56,200.00,240.00,205.19,200.00,*/,*/,*/,*/
....City of Davao,Goose for Dressing,2/,2/,2/,2/,2/,2/,2/,2/,2/,2/,2/,..,..,..,..,..,*/,*/,*/,*/
....City of Davao,Quail for Dressing,2/,2/,2/,2/,2/,2/,2/,2/,2/,2/,2/,..,..,..,..,..,*/,*/,*/,*/
....City of Davao,Turkey for Dressing,2/,2/,2/,2/,2/,2/,2/,2/,2/,2/,2/,..,..,..,..,..,*/,*/,*/,*/
....City of Davao,Quail Egg,2/,2/,2/,2/,2/,2/,2/,2/,2/,2/,2/,..,..,..,..,..,*/,*/,*/,*/
..REGION XII (SOCCSKSARGEN),Horse for Slaughter,..,..,..,..,..,..,..,..,..,..,..,..,..,..,..,..,*/,*/,*/,*/
..REGION XII (SOCCSKSARGEN),Rabbit for Slaughter,..,..,..,..,..,..,250.00,..,..,250.00,..,..,250.00,..,250.00,..,*/,*/,*/,*/
..REGION XII (SOCCSKSARGEN),Sheep for Slaughter,..,..,..,186.67,186.67,220.00,200.00,200.00,195.56,203.89,232.68,217.40,216.67,214.32,220.27,216.67,*/,*/,*/,*/
..REGION XII (SOCCSKSARGEN),Goose for Dressing,..,..,..,..,..,..,..,..,..,..,..,..,..,..,..,..,*/,*/,*/,*/
..REGION XII (SOCCSKSARGEN),Quail for Dressing,180.00,..,190.00,150.00,173.33,190.00,180.00,..,..,185.00,50.00,50.00,50.00,50.00,50.00,60.00,*/,*/,*/,*/
..REGION XII (SOCCSKSARGEN),Turkey for Dressing,180.00,..,300.00,350.00,276.67,300.00,270.00,300.00,300.00,292.50,360.00,300.00,..,..,330.00,..,*/,*/,*/,*/
..REGION XII (SOCCSKSARGEN),Quail Egg,1.50,..,1.70,1.60,1.60,1.60,..,1.60,1.60,1.60,1.60,1.60,1.67,1.60,1.62,1.74,*/,*/,*/,*/
....Cotabato,Horse for Slaughter,..,..,..,..,..,..,..,..,..,..,..,..,..,..,..,..,*/,*/,*/,*/
....Cotabato,Rabbit for Slaughter,..,..,..,..,..,..,..,..,..,..,..,..,..,..,..,..,*/,*/,*/,*/
....Cotabato,Sheep for Slaughter,..,..,..,..,..,..,..,..,..,..,..,..,..,..,..,..,*/,*/,*/,*/
....Cotabato,Goose for Dressing,..,..,..,..,..,..,..,..,..,..,..,..,..,..,..,..,*/,*/,*/,*/
....Cotabato,Quail for Dressing,..,..,..,..,..,..,..,..,..,..,..,..,..,..,..,..,*/,*/,*/,*/
....Cotabato,Turkey for Dressing,..,..,..,..,..,..,..,..,..,..,..,..,..,..,..,..,*/,*/,*/,*/
....Cotabato,Quail Egg,..,..,..,..,..,..,..,..,..,..,..,..,..,..,..,..,*/,*/,*/,*/
....Sarangani,Horse for Slaughter,..,..,..,..,..,..,..,..,..,..,..,..,..,..,..,..,*/,*/,*/,*/
....Sarangani,Rabbit for Slaughter,..,..,..,..,..,..,..,..,..,..,..,..,..,..,..,..,*/,*/,*/,*/
....Sarangani,Sheep for Slaughter,..,..,..,..,..,..,..,..,..,..,..,..,..,..,..,..,*/,*/,*/,*/
....Sarangani,Goose for Dressing,..,..,..,..,..,..,..,..,..,..,..,..,..,..,..,..,*/,*/,*/,*/
....Sarangani,Quail for Dressing,..,..,..,..,..,..,..,..,..,..,..,..,..,..,..,..,*/,*/,*/,*/
....Sarangani,Turkey for Dressing,..,..,..,..,..,..,..,..,..,..,..,..,..,..,..,..,*/,*/,*/,*/
....Sarangani,Quail Egg,..,..,..,..,..,..,..,..,..,..,..,..,..,..,..,2.00,*/,*/,*/,*/
....South Cotabato,Horse for Slaughter,..,..,..,..,..,..,..,..,..,..,..,..,..,..,..,..,*/,*/,*/,*/
....South Cotabato,Rabbit for Slaughter,..,..,..,..,..,..,250.00,..,..,250.00,..,..,250.00,..,250.00,..,*/,*/,*/,*/
....South Cotabato,Sheep for Slaughter,..,..,..,186.67,186.67,220.00,200.00,200.00,236.35,214.09,229.76,217.43,216.67,213.77,219.41,216.67,*/,*/,*/,*/
....South Cotabato,Goose for Dressing,..,..,..,..,..,..,..,..,..,..,..,..,..,..,..,..,*/,*/,*/,*/
....South Cotabato,Quail for Dressing,180.00,..,190.00,150.00,173.33,190.00,180.00,..,..,185.00,..,50.00,50.00,50.00,50.00,60.00,*/,*/,*/,*/
....South Cotabato,Turkey for Dressing,180.00,..,300.00,350.00,276.67,300.00,270.00,300.00,300.00,292.50,..,300.00,..,..,300.00,..,*/,*/,*/,*/
....South Cotabato,Quail Egg,1.50,..,1.70,1.60,1.60,1.60,..,1.60,1.60,1.60,..,1.60,1.67,1.60,1.62,1.70,*/,*/,*/,*/
....Sultan Kudarat,Horse for Slaughter,..,..,..,..,..,..,..,..,..,..,..,..,..,..,..,..,*/,*/,*/,*/
....Sultan Kudarat,Rabbit for Slaughter,..,..,..,..,..,..,..,..,..,..,..,..,..,..,..,..,*/,*/,*/,*/
....Sultan Kudarat,Sheep for Slaughter,..,..,..,..,..,..,..,..,195.56,195.56,300.00,200.00,..,282.22,260.74,..,*/,*/,*/,*/
....Sultan Kudarat,Goose for Dressing,..,..,..,..,..,..,..,..,..,..,..,..,..,..,..,..,*/,*/,*/,*/
....Sultan Kudarat,Quail for Dressing,..,..,..,..,..,..,..,..,..,..,50.00,..,..,..,50.00,..,*/,*/,*/,*/
....Sultan Kudarat,Turkey for Dressing,..,..,..,..,..,..,..,..,..,..,360.00,..,..,..,360.00,..,*/,*/,*/,*/
....Sultan Kudarat,Quail Egg,..,..,..,..,..,..,..,..,..,..,1.60,..,..,..,1.60,..,*/,*/,*/,*/
..REGION XIII (Caraga),Horse for Slaughter,..,..,..,..,..,..,..,..,..,..,..,..,..,..,..,..,*/,*/,*/,*/
..REGION XIII (Caraga),Rabbit for Slaughter,..,..,..,..,..,..,..,..,..,..,..,..,227.27,..,227.27,..,*/,*/,*/,*/
..REGION XIII (Caraga),Sheep for Slaughter,..,..,..,..,..,..,..,300.00,350.00,325.00,325.00,237.52,..,350.00,304.17,..,*/,*/,*/,*/
..REGION XIII (Caraga),Goose for Dressing,..,..,..,..,..,..,..,..,..,..,..,..,..,..,..,..,*/,*/,*/,*/
..REGION XIII (Caraga),Quail for Dressing,..,..,..,..,..,..,..,..,..,..,..,..,..,10.00,10.00,..,*/,*/,*/,*/
..REGION XIII (Caraga),Turkey for Dressing,..,..,..,..,..,..,..,..,..,..,..,305.00,200.00,386.67,297.22,377.06,*/,*/,*/,*/
..REGION XIII (Caraga),Quail Egg,..,..,..,..,..,..,..,..,..,..,..,..,2.00,2.00,2.00,..,*/,*/,*/,*/
....Agusan del Norte,Horse for Slaughter,..,..,..,..,..,..,..,..,..,..,..,..,..,..,..,..,*/,*/,*/,*/
....Agusan del Norte,Rabbit for Slaughter,..,..,..,..,..,..,..,..,..,..,..,..,..,..,..,..,*/,*/,*/,*/
....Agusan del Norte,Sheep for Slaughter,..,..,..,..,..,..,..,..,..,..,..,218.80,..,..,218.80,..,*/,*/,*/,*/
....Agusan del Norte,Goose for Dressing,..,..,..,..,..,..,..,..,..,..,..,..,..,..,..,..,*/,*/,*/,*/
....Agusan del Norte,Quail for Dressing,..,..,..,..,..,..,..,..,..,..,..,..,..,..,..,..,*/,*/,*/,*/
....Agusan del Norte,Turkey for Dressing,..,..,..,..,..,..,..,..,..,..,..,..,..,..,..,..,*/,*/,*/,*/
....Agusan del Norte,Quail Egg,..,..,..,..,..,..,..,..,..,..,..,..,..,..,..,..,*/,*/,*/,*/
....Agusan del Sur,Horse for Slaughter,..,..,..,..,..,..,..,..,..,..,..,..,..,..,..,..,*/,*/,*/,*/
....Agusan del Sur,Rabbit for Slaughter,..,..,..,..,..,..,..,..,..,..,..,..,..,..,..,..,*/,*/,*/,*/
....Agusan del Sur,Sheep for Slaughter,..,..,..,..,..,..,..,300.00,350.00,325.00,325.00,325.00,..,350.00,333.33,..,*/,*/,*/,*/
....Agusan del Sur,Goose for Dressing,..,..,..,..,..,..,..,..,..,..,..,..,..,..,..,..,*/,*/,*/,*/
....Agusan del Sur,Quail for Dressing,..,..,..,..,..,..,..,..,..,..,..,..,..,..,..,..,*/,*/,*/,*/
....Agusan del Sur,Turkey for Dressing,..,..,..,..,..,..,..,..,..,..,..,..,..,..,..,400.00,*/,*/,*/,*/
....Agusan del Sur,Quail Egg,..,..,..,..,..,..,..,..,..,..,..,..,..,..,..,..,*/,*/,*/,*/
....Dinagat Islands,Horse for Slaughter,..,..,..,..,..,..,..,..,..,..,..,..,..,..,..,..,*/,*/,*/,*/
....Dinagat Islands,Rabbit for Slaughter,..,..,..,..,..,..,..,..,..,..,..,..,..,..,..,..,*/,*/,*/,*/
....Dinagat Islands,Sheep for Slaughter,..,..,..,..,..,..,..,..,..,..,..,..,..,..,..,..,*/,*/,*/,*/
....Dinagat Islands,Goose for Dressing,..,..,..,..,..,..,..,..,..,..,..,..,..,..,..,..,*/,*/,*/,*/
....Dinagat Islands,Quail for Dressing,..,..,..,..,..,..,..,..,..,..,..,..,..,..,..,..,*/,*/,*/,*/
....Dinagat Islands,Turkey for Dressing,..,..,..,..,..,..,..,..,..,..,..,..,..,..,..,..,*/,*/,*/,*/
....Dinagat Islands,Quail Egg,..,..,..,..,..,..,..,..,..,..,..,..,..,..,..,..,*/,*/,*/,*/
....Surigao del Norte,Horse for Slaughter,..,..,..,..,..,..,..,..,..,..,..,..,..,..,..,..,*/,*/,*/,*/
....Surigao del Norte,Rabbit for Slaughter,..,..,..,..,..,..,..,..,..,..,..,..,227.27,..,227.27,..,*/,*/,*/,*/
....Surigao del Norte,Sheep for Slaughter,..,..,..,..,..,..,..,..,..,..,..,..,..,..,..,..,*/,*/,*/,*/
....Surigao del Norte,Goose for Dressing,..,..,..,..,..,..,..,..,..,..,..,..,..,..,..,..,*/,*/,*/,*/
....Surigao del Norte,Quail for Dressing,..,..,..,..,..,..,..,..,..,..,..,..,..,10.00,10.00,..,*/,*/,*/,*/
....Surigao del Norte,Turkey for Dressing,..,..,..,..,..,..,..,..,..,..,..,305.00,200.00,386.67,297.22,375.00,*/,*/,*/,*/
....Surigao del Norte,Quail Egg,..,..,..,..,..,..,..,..,..,..,..,..,2.00,2.00,2.00,..,*/,*/,*/,*/
....Surigao del Sur,Horse for Slaughter,..,..,..,..,..,..,..,..,..,..,..,..,..,..,..,..,*/,*/,*/,*/
....Surigao del Sur,Rabbit for Slaughter,..,..,..,..,..,..,..,..,..,..,..,..,..,..,..,..,*/,*/,*/,*/
....Surigao del Sur,Sheep for Slaughter,..,..,..,..,..,..,..,..,..,..,..,..,..,..,..,..,*/,*/,*/,*/
....Surigao del Sur,Goose for Dressing,..,..,..,..,..,..,..,..,..,..,..,..,..,..,..,..,*/,*/,*/,*/
....Surigao del Sur,Quail for Dressing,..,..,..,..,..,..,..,..,..,..,..,..,..,..,..,..,*/,*/,*/,*/
....Surigao del Sur,Turkey for Dressing,..,..,..,..,..,..,..,..,..,..,..,..,..,..,..,..,*/,*/,*/,*/
....Surigao del Sur,Quail Egg,..,..,..,..,..,..,..,..,..,..,..,..,..,..,..,..,*/,*/,*/,*/
....City of Butuan,Horse for Slaughter,..,..,..,..,..,..,..,..,..,..,..,..,..,..,..,..,*/,*/,*/,*/
....City of Butuan,Rabbit for Slaughter,..,..,..,..,..,..,..,..,..,..,..,..,..,..,..,..,*/,*/,*/,*/
....City of Butuan,Sheep for Slaughter,..,..,..,..,..,..,..,..,..,..,..,..,..,..,..,..,*/,*/,*/,*/
....City of Butuan,Goose for Dressing,..,..,..,..,..,..,..,..,..,..,..,..,..,..,..,..,*/,*/,*/,*/
....City of Butuan,Quail for Dressing,..,..,..,..,..,..,..,..,..,..,..,..,..,..,..,..,*/,*/,*/,*/
....City of Butuan,Turkey for Dressing,..,..,..,..,..,..,..,..,..,..,..,..,..,..,..,..,*/,*/,*/,*/
....City of Butuan,Quail Egg,..,..,..,..,..,..,..,..,..,..,..,..,..,..,..,..,*/,*/,*/,*/
..BANGSAMORO AUTONOMOUS REGION IN MUSLIM MINDANAO (BARMM),Horse for Slaughter,..,..,..,..,..,..,..,..,..,..,..,..,..,..,..,..,*/,*/,*/,*/
..BANGSAMORO AUTONOMOUS REGION IN MUSLIM MINDANAO (BARMM),Rabbit for Slaughter,..,..,..,..,..,..,..,..,..,..,..,..,..,..,..,..,*/,*/,*/,*/
..BANGSAMORO AUTONOMOUS REGION IN MUSLIM MINDANAO (BARMM),Sheep for Slaughter,..,..,..,..,..,..,..,..,..,..,..,..,..,..,..,..,*/,*/,*/,*/
..BANGSAMORO AUTONOMOUS REGION IN MUSLIM MINDANAO (BARMM),Goose for Dressing,..,..,..,..,..,..,..,..,..,..,..,..,..,..,..,..,*/,*/,*/,*/
..BANGSAMORO AUTONOMOUS REGION IN MUSLIM MINDANAO (BARMM),Quail for Dressing,..,..,..,..,..,..,..,..,..,..,..,..,..,..,..,..,*/,*/,*/,*/
..BANGSAMORO AUTONOMOUS REGION IN MUSLIM MINDANAO (BARMM),Turkey for Dressing,..,..,..,..,..,..,..,..,..,..,..,..,..,..,..,..,*/,*/,*/,*/
..BANGSAMORO AUTONOMOUS REGION IN MUSLIM MINDANAO (BARMM),Quail Egg,..,..,..,..,..,..,..,..,..,..,..,..,..,..,..,..,*/,*/,*/,*/
....Basilan,Horse for Slaughter,..,..,..,..,..,..,..,..,..,..,..,..,..,..,..,..,*/,*/,*/,*/
....Basilan,Rabbit for Slaughter,..,..,..,..,..,..,..,..,..,..,..,..,..,..,..,..,*/,*/,*/,*/
....Basilan,Sheep for Slaughter,..,..,..,..,..,..,..,..,..,..,..,..,..,..,..,..,*/,*/,*/,*/
....Basilan,Goose for Dressing,..,..,..,..,..,..,..,..,..,..,..,..,..,..,..,..,*/,*/,*/,*/
....Basilan,Quail for Dressing,..,..,..,..,..,..,..,..,..,..,..,..,..,..,..,..,*/,*/,*/,*/
....Basilan,Turkey for Dressing,..,..,..,..,..,..,..,..,..,..,..,..,..,..,..,..,*/,*/,*/,*/
....Basilan,Quail Egg,..,..,..,..,..,..,..,..,..,..,..,..,..,..,..,..,*/,*/,*/,*/
....Lanao del Sur,Horse for Slaughter,..,..,..,..,..,..,..,..,..,..,..,..,..,..,..,..,*/,*/,*/,*/
....Lanao del Sur,Rabbit for Slaughter,..,..,..,..,..,..,..,..,..,..,..,..,..,..,..,..,*/,*/,*/,*/
....Lanao del Sur,Sheep for Slaughter,..,..,..,..,..,..,..,..,..,..,..,..,..,..,..,..,*/,*/,*/,*/
....Lanao del Sur,Goose for Dressing,..,..,..,..,..,..,..,..,..,..,..,..,..,..,..,..,*/,*/,*/,*/
....Lanao del Sur,Quail for Dressing,..,..,..,..,..,..,..,..,..,..,..,..,..,..,..,..,*/,*/,*/,*/
....Lanao del Sur,Turkey for Dressing,..,..,..,..,..,..,..,..,..,..,..,..,..,..,..,..,*/,*/,*/,*/
....Lanao del Sur,Quail Egg,..,..,..,..,..,..,..,..,..,..,..,..,..,..,..,..,*/,*/,*/,*/
....Maguindanao,Horse for Slaughter,..,..,..,..,..,..,..,..,..,..,..,..,..,..,..,..,*/,*/,*/,*/
....Maguindanao,Rabbit for Slaughter,..,..,..,..,..,..,..,..,..,..,..,..,..,..,..,..,*/,*/,*/,*/
....Maguindanao,Sheep for Slaughter,..,..,..,..,..,..,..,..,..,..,..,..,..,..,..,..,*/,*/,*/,*/
....Maguindanao,Goose for Dressing,..,..,..,..,..,..,..,..,..,..,..,..,..,..,..,..,*/,*/,*/,*/
....Maguindanao,Quail for Dressing,..,..,..,..,..,..,..,..,..,..,..,..,..,..,..,..,*/,*/,*/,*/
....Maguindanao,Turkey for Dressing,..,..,..,..,..,..,..,..,..,..,..,..,..,..,..,..,*/,*/,*/,*/
....Maguindanao,Quail Egg,..,..,..,..,..,..,..,..,..,..,..,..,..,..,..,..,*/,*/,*/,*/
....Maguindanao del Norte c/,Horse for Slaughter,..,..,..,..,..,..,..,..,..,..,..,..,..,..,..,..,*/,*/,*/,*/
....Maguindanao del Norte c/,Rabbit for Slaughter,..,..,..,..,..,..,..,..,..,..,..,..,..,..,..,..,*/,*/,*/,*/
....Maguindanao del Norte c/,Sheep for Slaughter,..,..,..,..,..,..,..,..,..,..,..,..,..,..,..,..,*/,*/,*/,*/
....Maguindanao del Norte c/,Goose for Dressing,..,..,..,..,..,..,..,..,..,..,..,..,..,..,..,..,*/,*/,*/,*/
....Maguindanao del Norte c/,Quail for Dressing,..,..,..,..,..,..,..,..,..,..,..,..,..,..,..,..,*/,*/,*/,*/
....Maguindanao del Norte c/,Turkey for Dressing,..,..,..,..,..,..,..,..,..,..,..,..,..,..,..,..,*/,*/,*/,*/
....Maguindanao del Norte c/,Quail Egg,..,..,..,..,..,..,..,..,..,..,..,..,..,..,..,..,*/,*/,*/,*/
....Maguindanao del Sur c/,Horse for Slaughter,..,..,..,..,..,..,..,..,..,..,..,..,..,..,..,..,*/,*/,*/,*/
....Maguindanao del Sur c/,Rabbit for Slaughter,..,..,..,..,..,..,..,..,..,..,..,..,..,..,..,..,*/,*/,*/,*/
....Maguindanao del Sur c/,Sheep for Slaughter,..,..,..,..,..,..,..,..,..,..,..,..,..,..,..,..,*/,*/,*/,*/
....Maguindanao del Sur c/,Goose for Dressing,..,..,..,..,..,..,..,..,..,..,..,..,..,..,..,..,*/,*/,*/,*/
....Maguindanao del Sur c/,Quail for Dressing,..,..,..,..,..,..,..,..,..,..,..,..,..,..,..,..,*/,*/,*/,*/
....Maguindanao del Sur c/,Turkey for Dressing,..,..,..,..,..,..,..,..,..,..,..,..,..,..,..,..,*/,*/,*/,*/
....Maguindanao del Sur c/,Quail Egg,..,..,..,..,..,..,..,..,..,..,..,..,..,..,..,..,*/,*/,*/,*/
....Sulu,Horse for Slaughter,..,..,..,..,..,..,..,..,..,..,..,..,..,..,..,..,*/,*/,*/,*/
....Sulu,Rabbit for Slaughter,..,..,..,..,..,..,..,..,..,..,..,..,..,..,..,..,*/,*/,*/,*/
....Sulu,Sheep for Slaughter,..,..,..,..,..,..,..,..,..,..,..,..,..,..,..,..,*/,*/,*/,*/
....Sulu,Goose for Dressing,..,..,..,..,..,..,..,..,..,..,..,..,..,..,..,..,*/,*/,*/,*/
....Sulu,Quail for Dressing,..,..,..,..,..,..,..,..,..,..,..,..,..,..,..,..,*/,*/,*/,*/
....Sulu,Turkey for Dressing,..,..,..,..,..,..,..,..,..,..,..,..,..,..,..,..,*/,*/,*/,*/
....Sulu,Quail Egg,..,..,..,..,..,..,..,..,..,..,..,..,..,..,..,..,*/,*/,*/,*/
....Tawi-tawi,Horse for Slaughter,..,..,..,..,..,..,..,..,..,..,..,..,..,..,..,..,*/,*/,*/,*/
....Tawi-tawi,Rabbit for Slaughter,..,..,..,..,..,..,..,..,..,..,..,..,..,..,..,..,*/,*/,*/,*/
....Tawi-tawi,Sheep for Slaughter,..,..,..,..,..,..,..,..,..,..,..,..,..,..,..,..,*/,*/,*/,*/
....Tawi-tawi,Goose for Dressing,..,..,..,..,..,..,..,..,..,..,..,..,..,..,..,..,*/,*/,*/,*/
....Tawi-tawi,Quail for Dressing,..,..,..,..,..,..,..,..,..,..,..,..,..,..,..,..,*/,*/,*/,*/
....Tawi-tawi,Turkey for Dressing,..,..,..,..,..,..,..,..,..,..,..,..,..,..,..,..,*/,*/,*/,*/
....Tawi-tawi,Quail Egg,..,..,..,..,..,..,..,..,..,..,..,..,..,..,..,..,*/,*/,*/,*/
