Geolocation,Number/Area of Holding/Farm Parcels,Tenure Status,1960,1971,1980,1991,2002,2012
PHILIPPINES,Number of Holding/Farm Parcels,TOTAL,2166216,2354469,3420323,4610041,4822739,7897371
PHILIPPINES,Number of Holding/Farm Parcels,..Owned  d/,967725,1364990,1993293,1999979,2292666,5214660
PHILIPPINES,Number of Holding/Farm Parcels,..Partly Owned  e/,310944,268665,367304,1522516,1500328,.
PHILIPPINES,Number of Holding/Farm Parcels,..Tenanted,804617,624821,871536,681469,621989,1467328
PHILIPPINES,Number of Holding/Farm Parcels,..Leased,.,.,.,116174,111085,319990
PHILIPPINES,Number of Holding/Farm Parcels,..Other Forms,82930,95993,188190,289903,284078,895393
PHILIPPINES,Area of Holding/Farm Parcels (in hectares),TOTAL,7772485,8493735,9725155,9974871,9670793,7271446
PHILIPPINES,Area of Holding/Farm Parcels (in hectares),..Owned  d/,4133276,5345429,6496200,4855059,4896765,4685335
PHILIPPINES,Area of Holding/Farm Parcels (in hectares),..Partly Owned  e/,1139957,930840,986700,3226083,3105017,.
PHILIPPINES,Area of Holding/Farm Parcels (in hectares),..Tenanted,1851535,1546722,1806900,1284179,1115283,1425140
PHILIPPINES,Area of Holding/Farm Parcels (in hectares),..Leased,.,.,.,252689,202518,433712
PHILIPPINES,Area of Holding/Farm Parcels (in hectares),..Other Forms,647717,670744,435400,356861,328664,727259
..NATIONAL  CAPITAL  REGION (NCR),Number of Holding/Farm Parcels,TOTAL,5272,2787,12841,15136,22820,40032
..NATIONAL  CAPITAL  REGION (NCR),Number of Holding/Farm Parcels,..Owned  d/,1932,1631,11148,11114,18400,33337
..NATIONAL  CAPITAL  REGION (NCR),Number of Holding/Farm Parcels,..Partly Owned  e/,246,143,346,996,1620,.
..NATIONAL  CAPITAL  REGION (NCR),Number of Holding/Farm Parcels,..Tenanted,2897,777,764,819,1052,1088
..NATIONAL  CAPITAL  REGION (NCR),Number of Holding/Farm Parcels,..Leased,.,.,.,743,624,1393
..NATIONAL  CAPITAL  REGION (NCR),Number of Holding/Farm Parcels,..Other Forms,197,236,583,1464,1023,4214
..NATIONAL  CAPITAL  REGION (NCR),Area of Holding/Farm Parcels (in hectares),TOTAL,8980,6244,47946,53646,71632,20271
..NATIONAL  CAPITAL  REGION (NCR),Area of Holding/Farm Parcels (in hectares),..Owned  d/,2414,3845,42848,24233,60490,18954
..NATIONAL  CAPITAL  REGION (NCR),Area of Holding/Farm Parcels (in hectares),..Partly Owned  e/,863,445,2286,9464,6528,.
..NATIONAL  CAPITAL  REGION (NCR),Area of Holding/Farm Parcels (in hectares),..Tenanted,4864,1591,1889,739,1573,396
..NATIONAL  CAPITAL  REGION (NCR),Area of Holding/Farm Parcels (in hectares),..Leased,.,.,.,18801,1845,305
..NATIONAL  CAPITAL  REGION (NCR),Area of Holding/Farm Parcels (in hectares),..Other Forms,840,363,923,409,1061,617
..CORDILLERA ADMINISTRATIVE REGION  (CAR),Number of Holding/Farm Parcels,TOTAL,69312,67036,93940,108251,120104,343715
..CORDILLERA ADMINISTRATIVE REGION  (CAR),Number of Holding/Farm Parcels,..Owned  d/,56520,54789,71617,61353,63666,262449
..CORDILLERA ADMINISTRATIVE REGION  (CAR),Number of Holding/Farm Parcels,..Partly Owned  e/,6791,6731,9397,41154,49177,46158
..CORDILLERA ADMINISTRATIVE REGION  (CAR),Number of Holding/Farm Parcels,..Tenanted,4940,3877,5043,2297,2530,13488
..CORDILLERA ADMINISTRATIVE REGION  (CAR),Number of Holding/Farm Parcels,..Leased,.,.,.,829,1343,17981
..CORDILLERA ADMINISTRATIVE REGION  (CAR),Number of Holding/Farm Parcels,..Other Forms,1061,1639,7883,2619,3130,3639
..CORDILLERA ADMINISTRATIVE REGION  (CAR),Area of Holding/Farm Parcels (in hectares),TOTAL,163334,161451,227365,155581,177839,138817
..CORDILLERA ADMINISTRATIVE REGION  (CAR),Area of Holding/Farm Parcels (in hectares),..Owned  d/,135989,137170,189059,94357,94792,103604
..CORDILLERA ADMINISTRATIVE REGION  (CAR),Area of Holding/Farm Parcels (in hectares),..Partly Owned  e/,14625,14438,12612,55465,74535,17347
..CORDILLERA ADMINISTRATIVE REGION  (CAR),Area of Holding/Farm Parcels (in hectares),..Tenanted,8007,6162,5730,2498,3860,5909
..CORDILLERA ADMINISTRATIVE REGION  (CAR),Area of Holding/Farm Parcels (in hectares),..Leased,.,.,.,659,1889,4461
..CORDILLERA ADMINISTRATIVE REGION  (CAR),Area of Holding/Farm Parcels (in hectares),..Other Forms,4713,3682,19964,2601,2401,7496
..Region I  (ILOCOS REGION),Number of Holding/Farm Parcels,TOTAL,175004,175308,246261,311758,276766,601436
..Region I  (ILOCOS REGION),Number of Holding/Farm Parcels,..Owned  d/,52747,65890,101116,112138,92096,326681
..Region I  (ILOCOS REGION),Number of Holding/Farm Parcels,..Partly Owned  e/,50973,52471,81749,171709,140845,.
..Region I  (ILOCOS REGION),Number of Holding/Farm Parcels,..Tenanted,68512,49892,44684,19902,38297,240336
..Region I  (ILOCOS REGION),Number of Holding/Farm Parcels,..Leased,.,.,.,2734,2895,20118
..Region I  (ILOCOS REGION),Number of Holding/Farm Parcels,..Other Forms,2772,7055,18712,5274,2143,14301
..Region I  (ILOCOS REGION),Area of Holding/Farm Parcels (in hectares),TOTAL,293292,297200,326915,324501,270664,218658
..Region I  (ILOCOS REGION),Area of Holding/Farm Parcels (in hectares),..Owned  d/,92210,111137,138629,113020,97110,110968
..Region I  (ILOCOS REGION),Area of Holding/Farm Parcels (in hectares),..Partly Owned  e/,92208,93910,114088,184943,133237,.
..Region I  (ILOCOS REGION),Area of Holding/Farm Parcels (in hectares),..Tenanted,99108,75587,53643,21171,34987,94240
..Region I  (ILOCOS REGION),Area of Holding/Farm Parcels (in hectares),..Leased,.,.,.,2681,2695,9269
..Region I  (ILOCOS REGION),Area of Holding/Farm Parcels (in hectares),..Other Forms,9767,16567,20555,2686,2183,4182
..Region II  (CAGAYAN VALLEY),Number of Holding/Farm Parcels,TOTAL,125297,144827,209284,285721,321755,720637
..Region II  (CAGAYAN VALLEY),Number of Holding/Farm Parcels,..Owned  d/,50631,73142,113729,120984,148874,556667
..Region II  (CAGAYAN VALLEY),Number of Holding/Farm Parcels,..Partly Owned  e/,27058,27286,40341,144264,148384,.
..Region II  (CAGAYAN VALLEY),Number of Holding/Farm Parcels,..Tenanted,44681,38252,40443,8411,10875,88702
..Region II  (CAGAYAN VALLEY),Number of Holding/Farm Parcels,..Leased,.,.,.,2659,3297,23245
..Region II  (CAGAYAN VALLEY),Number of Holding/Farm Parcels,..Other Forms,2927,6147,14771,9401,9674,52023
..Region II  (CAGAYAN VALLEY),Area of Holding/Farm Parcels (in hectares),TOTAL,417788,502439,506563,530143,540812,480957
..Region II  (CAGAYAN VALLEY),Area of Holding/Farm Parcels (in hectares),..Owned  d/,182592,258827,303967,225473,247848,343334
..Region II  (CAGAYAN VALLEY),Area of Holding/Farm Parcels (in hectares),..Partly Owned  e/,94384,84202,101872,271806,263982,.
..Region II  (CAGAYAN VALLEY),Area of Holding/Farm Parcels (in hectares),..Tenanted,105294,83529,67597,10241,13494,79548
..Region II  (CAGAYAN VALLEY),Area of Holding/Farm Parcels (in hectares),..Leased,.,.,.,3401,4264,23109
..Region II  (CAGAYAN VALLEY),Area of Holding/Farm Parcels (in hectares),..Other Forms,35518,75882,33127,19222,10357,34966
..Region III  (CENTRAL LUZON),Number of Holding/Farm Parcels,TOTAL,174598,174445,245491,350785,341466,490023
..Region III  (CENTRAL LUZON),Number of Holding/Farm Parcels,..Owned  d/,30821,38162,121502,140375,179400,347248
..Region III  (CENTRAL LUZON),Number of Holding/Farm Parcels,..Partly Owned  e/,18639,25983,21408,156892,116374,.
..Region III  (CENTRAL LUZON),Number of Holding/Farm Parcels,..Tenanted,118266,93942,93108,18325,23652,72208
..Region III  (CENTRAL LUZON),Number of Holding/Farm Parcels,..Leased,.,.,.,20244,9775,25297
..Region III  (CENTRAL LUZON),Number of Holding/Farm Parcels,..Other Forms,6872,16358,9473,14950,11422,45270
..Region III  (CENTRAL LUZON),Area of Holding/Farm Parcels (in hectares),TOTAL,565728,564921,526750,632493,552104,446176
..Region III  (CENTRAL LUZON),Area of Holding/Farm Parcels (in hectares),..Owned  d/,110047,145140,272444,239421,273456,297130
..Region III  (CENTRAL LUZON),Area of Holding/Farm Parcels (in hectares),..Partly Owned  e/,66516,89791,60559,311772,212618,.
..Region III  (CENTRAL LUZON),Area of Holding/Farm Parcels (in hectares),..Tenanted,325322,258139,175096,36636,37748,81011
..Region III  (CENTRAL LUZON),Area of Holding/Farm Parcels (in hectares),..Leased,.,.,.,28874,13039,27333
..Region III  (CENTRAL LUZON),Area of Holding/Farm Parcels (in hectares),..Other Forms,63842,71851,18651,15791,13994,40701
..Region IV-A  (CALABARZON),Number of Holding/Farm Parcels,TOTAL,163807,169407,250771,319865,282746,414907
..Region IV-A  (CALABARZON),Number of Holding/Farm Parcels,..Owned  d/,52227,79902,121927,135129,132759,247160
..Region IV-A  (CALABARZON),Number of Holding/Farm Parcels,..Partly Owned  e/,22942,19005,21953,77458,57135,100710
..Region IV-A  (CALABARZON),Number of Holding/Farm Parcels,..Tenanted,82725,64694,98792,78273,66255,16102
..Region IV-A  (CALABARZON),Number of Holding/Farm Parcels,..Leased,.,.,.,7531,5189,37762
..Region IV-A  (CALABARZON),Number of Holding/Farm Parcels,..Other Forms,5913,5806,8099,21477,20862,13173
..Region IV-A  (CALABARZON),Area of Holding/Farm Parcels (in hectares),TOTAL,543561,586399,654217,703256,588516,497669
..Region IV-A  (CALABARZON),Area of Holding/Farm Parcels (in hectares),..Owned  d/,200000,281672,308443,280291,244259,269097
..Region IV-A  (CALABARZON),Area of Holding/Farm Parcels (in hectares),..Partly Owned  e/,89314,70898,73011,198090,143475,172157
..Region IV-A  (CALABARZON),Area of Holding/Farm Parcels (in hectares),..Tenanted,224406,184134,256571,192514,172464,16223
..Region IV-A  (CALABARZON),Area of Holding/Farm Parcels (in hectares),..Leased,.,.,.,11014,7498,18346
..Region IV-A  (CALABARZON),Area of Holding/Farm Parcels (in hectares),..Other Forms,29842,49697,16192,21346,19877,21845
..MIMAROPA Region,Number of Holding/Farm Parcels,TOTAL,78888,92550,138368,209248,220967,376483
..MIMAROPA Region,Number of Holding/Farm Parcels,..Owned  d/,42015,61429,92510,113224,114512,258254
..MIMAROPA Region,Number of Holding/Farm Parcels,..Partly Owned  e/,10099,6696,10478,51503,63106,.
..MIMAROPA Region,Number of Holding/Farm Parcels,..Tenanted,23759,19170,30392,31672,29048,59909
..MIMAROPA Region,Number of Holding/Farm Parcels,..Leased,.,.,.,3131,3847,16459
..MIMAROPA Region,Number of Holding/Farm Parcels,..Other Forms,3015,5255,4988,9715,9937,41861
..MIMAROPA Region,Area of Holding/Farm Parcels (in hectares),TOTAL,411791,456080,565757,569814,542218,445568
..MIMAROPA Region,Area of Holding/Farm Parcels (in hectares),..Owned  d/,228940,308068,423374,332487,287536,299259
..MIMAROPA Region,Area of Holding/Farm Parcels (in hectares),..Partly Owned  e/,40389,37787,40604,140908,163613,.
..MIMAROPA Region,Area of Holding/Farm Parcels (in hectares),..Tenanted,65796,63165,81409,72649,71094,81323
..MIMAROPA Region,Area of Holding/Farm Parcels (in hectares),..Leased,.,.,.,5967,6018,25162
..MIMAROPA Region,Area of Holding/Farm Parcels (in hectares),..Other Forms,76664,47062,20370,17803,12590,39825
..Region V  (BICOL REGION),Number of Holding/Farm Parcels,TOTAL,196695,223023,311214,377791,384801,663400
..Region V  (BICOL REGION),Number of Holding/Farm Parcels,..Owned  d/,90575,131548,174348,146341,158380,399940
..Region V  (BICOL REGION),Number of Holding/Farm Parcels,..Partly Owned  e/,24380,19977,27611,126437,133206,.
..Region V  (BICOL REGION),Number of Holding/Farm Parcels,..Tenanted,71600,61731,89418,70604,63137,150699
..Region V  (BICOL REGION),Number of Holding/Farm Parcels,..Leased,.,.,.,10648,7498,27938
..Region V  (BICOL REGION),Number of Holding/Farm Parcels,..Other Forms,10140,9767,19837,23760,22232,84823
..Region V  (BICOL REGION),Area of Holding/Farm Parcels (in hectares),TOTAL,834401,921276,1036607,936174,891955,774225
..Region V  (BICOL REGION),Area of Holding/Farm Parcels (in hectares),..Owned  d/,450360,584248,629203,388066,373384,465919
..Region V  (BICOL REGION),Area of Holding/Farm Parcels (in hectares),..Partly Owned  e/,111267,79608,94262,306340,324142,.
..Region V  (BICOL REGION),Area of Holding/Farm Parcels (in hectares),..Tenanted,208242,196894,265670,201588,159806,224156
..Region V  (BICOL REGION),Area of Holding/Farm Parcels (in hectares),..Leased,.,.,.,16055,10326,29826
..Region V  (BICOL REGION),Area of Holding/Farm Parcels (in hectares),..Other Forms,64533,60527,47472,24124,23638,54324
..Region VI  (WESTERN VISAYAS),Number of Holding/Farm Parcels,TOTAL,211715,190704,279123,411572,429456,743574
..Region VI  (WESTERN VISAYAS),Number of Holding/Farm Parcels,..Owned  d/,72986,92244,133588,140507,168153,418755
..Region VI  (WESTERN VISAYAS),Number of Holding/Farm Parcels,..Partly Owned  e/,23889,24345,27983,161975,150983,.
..Region VI  (WESTERN VISAYAS),Number of Holding/Farm Parcels,..Tenanted,105414,63182,96166,36137,37933,111691
..Region VI  (WESTERN VISAYAS),Number of Holding/Farm Parcels,..Leased,.,.,.,22975,22580,60319
..Region VI  (WESTERN VISAYAS),Number of Holding/Farm Parcels,..Other Forms,9426,10933,21386,49978,48787,152809
..Region VI  (WESTERN VISAYAS),Area of Holding/Farm Parcels (in hectares),TOTAL,813865,781954,765886,754386,666917,467789
..Region VI  (WESTERN VISAYAS),Area of Holding/Farm Parcels (in hectares),..Owned  d/,389319,429555,476042,345104,311663,276535
..Region VI  (WESTERN VISAYAS),Area of Holding/Farm Parcels (in hectares),..Partly Owned  e/,98713,120750,91839,287910,237638,.
..Region VI  (WESTERN VISAYAS),Area of Holding/Farm Parcels (in hectares),..Tenanted,239922,142330,151039,45948,44297,73210
..Region VI  (WESTERN VISAYAS),Area of Holding/Farm Parcels (in hectares),..Leased,.,.,.,34750,28553,59294
..Region VI  (WESTERN VISAYAS),Area of Holding/Farm Parcels (in hectares),..Other Forms,85914,89321,46966,40673,43460,58750
..Region VII  (CENTRAL VISAYAS),Number of Holding/Farm Parcels,TOTAL,235458,221742,341884,424825,430043,620407
..Region VII  (CENTRAL VISAYAS),Number of Holding/Farm Parcels,..Owned  d/,88623,126573,191436,183757,215749,390649
..Region VII  (CENTRAL VISAYAS),Number of Holding/Farm Parcels,..Partly Owned  e/,48738,32931,52640,113484,98878,.
..Region VII  (CENTRAL VISAYAS),Number of Holding/Farm Parcels,..Tenanted,90180,57830,82247,102286,83726,151135
..Region VII  (CENTRAL VISAYAS),Number of Holding/Farm Parcels,..Leased,.,.,.,5234,7772,16756
..Region VII  (CENTRAL VISAYAS),Number of Holding/Farm Parcels,..Other Forms,7917,4408,15561,20065,22622,61867
..Region VII  (CENTRAL VISAYAS),Area of Holding/Farm Parcels (in hectares),TOTAL,456035,479133,582862,549895,522433,292505
..Region VII  (CENTRAL VISAYAS),Area of Holding/Farm Parcels (in hectares),..Owned  d/,220848,304738,391121,282789,287652,185323
..Region VII  (CENTRAL VISAYAS),Area of Holding/Farm Parcels (in hectares),..Partly Owned  e/,103876,73294,88635,158186,136294,.
..Region VII  (CENTRAL VISAYAS),Area of Holding/Farm Parcels (in hectares),..Tenanted,105361,75891,81650,87844,71623,62722
..Region VII  (CENTRAL VISAYAS),Area of Holding/Farm Parcels (in hectares),..Leased,.,.,.,6740,7207,12859
..Region VII  (CENTRAL VISAYAS),Area of Holding/Farm Parcels (in hectares),..Other Forms,25948,25211,21456,14336,18354,31602
..Region VIII  (EASTERN VISAYAS),Number of Holding/Farm Parcels,TOTAL,201370,200147,271283,321456,330750,593883
..Region VIII  (EASTERN VISAYAS),Number of Holding/Farm Parcels,..Owned  d/,106727,128779,159402,116387,126439,357394
..Region VIII  (EASTERN VISAYAS),Number of Holding/Farm Parcels,..Partly Owned  e/,29561,20414,28659,123775,127452,.
..Region VIII  (EASTERN VISAYAS),Number of Holding/Farm Parcels,..Tenanted,57486,46509,73791,61710,54907,150144
..Region VIII  (EASTERN VISAYAS),Number of Holding/Farm Parcels,..Leased,.,.,.,6384,7190,21078
..Region VIII  (EASTERN VISAYAS),Number of Holding/Farm Parcels,..Other Forms,7596,4445,9431,13200,13982,65267
..Region VIII  (EASTERN VISAYAS),Area of Holding/Farm Parcels (in hectares),TOTAL,670353,674136,744141,695711,723048,453641
..Region VIII  (EASTERN VISAYAS),Area of Holding/Farm Parcels (in hectares),..Owned  d/,388649,458469,484259,285439,295445,283771
..Region VIII  (EASTERN VISAYAS),Area of Holding/Farm Parcels (in hectares),..Partly Owned  e/,125580,84529,95595,284908,302513,.
..Region VIII  (EASTERN VISAYAS),Area of Holding/Farm Parcels (in hectares),..Tenanted,126022,106651,147082,105815,101188,141632
..Region VIII  (EASTERN VISAYAS),Area of Holding/Farm Parcels (in hectares),..Leased,.,.,.,7670,9876,11413
..Region VIII  (EASTERN VISAYAS),Area of Holding/Farm Parcels (in hectares),..Other Forms,30103,24488,17205,11878,12736,16825
..Region IX  (ZAMBOANGA PENINSULA),Number of Holding/Farm Parcels,TOTAL,85594,123814,169898,235674,252659,267667
..Region IX  (ZAMBOANGA PENINSULA),Number of Holding/Farm Parcels,..Owned  d/,46164,87598,106712,114223,133844,193243
..Region IX  (ZAMBOANGA PENINSULA),Number of Holding/Farm Parcels,..Partly Owned  e/,8395,5443,6686,41849,47220,.
..Region IX  (ZAMBOANGA PENINSULA),Number of Holding/Farm Parcels,..Tenanted,26525,26355,42057,58782,49134,51473
..Region IX  (ZAMBOANGA PENINSULA),Number of Holding/Farm Parcels,..Leased,.,.,.,3807,5319,6070
..Region IX  (ZAMBOANGA PENINSULA),Number of Holding/Farm Parcels,..Other Forms,4510,4418,14443,17013,16356,16881
..Region IX  (ZAMBOANGA PENINSULA),Area of Holding/Farm Parcels (in hectares),TOTAL,390161,500495,613069,675723,785294,448198
..Region IX  (ZAMBOANGA PENINSULA),Area of Holding/Farm Parcels (in hectares),..Owned  d/,234283,368365,447680,402955,506212,343299
..Region IX  (ZAMBOANGA PENINSULA),Area of Holding/Farm Parcels (in hectares),..Partly Owned  e/,55011,34560,29706,134091,157313,.
..Region IX  (ZAMBOANGA PENINSULA),Area of Holding/Farm Parcels (in hectares),..Tenanted,70927,71928,91693,132533,92214,79501
..Region IX  (ZAMBOANGA PENINSULA),Area of Holding/Farm Parcels (in hectares),..Leased,.,.,.,6000,7208,6866
..Region IX  (ZAMBOANGA PENINSULA),Area of Holding/Farm Parcels (in hectares),..Other Forms,36872,25643,43992,30082,20383,18532
..Region X  (NORTHERN MINDANAO),Number of Holding/Farm Parcels,TOTAL,107373,140539,208401,289468,319157,483792
..Region X  (NORTHERN MINDANAO),Number of Holding/Farm Parcels,..Owned  d/,59640,96370,135388,125736,142572,310277
..Region X  (NORTHERN MINDANAO),Number of Holding/Farm Parcels,..Partly Owned  e/,10585,7162,12048,74418,90989,.
..Region X  (NORTHERN MINDANAO),Number of Holding/Farm Parcels,..Tenanted,32564,29586,50281,55403,42080,68795
..Region X  (NORTHERN MINDANAO),Number of Holding/Farm Parcels,..Leased,.,.,.,6622,7530,22016
..Region X  (NORTHERN MINDANAO),Number of Holding/Farm Parcels,..Other Forms,4584,7421,10684,27289,35190,82704
..Region X  (NORTHERN MINDANAO),Area of Holding/Farm Parcels (in hectares),TOTAL,478299,571530,758642,768290,746901,565231
..Region X  (NORTHERN MINDANAO),Area of Holding/Farm Parcels (in hectares),..Owned  d/,298483,401876,548165,386153,348845,321129
..Region X  (NORTHERN MINDANAO),Area of Holding/Farm Parcels (in hectares),..Partly Owned  e/,60483,35129,52687,214207,239968,.
..Region X  (NORTHERN MINDANAO),Area of Holding/Farm Parcels (in hectares),..Tenanted,80201,83854,131317,102739,74938,80953
..Region X  (NORTHERN MINDANAO),Area of Holding/Farm Parcels (in hectares),..Leased,.,.,.,32593,32327,51985
..Region X  (NORTHERN MINDANAO),Area of Holding/Farm Parcels (in hectares),..Other Forms,39133,50670,26473,32685,48657,111164
..Region XI  (DAVAO REGION),Number of Holding/Farm Parcels,TOTAL,92243,113202,187711,267224,299966,401158
..Region XI  (DAVAO REGION),Number of Holding/Farm Parcels,..Owned  d/,50230,82975,137080,125878,174402,274333
..Region XI  (DAVAO REGION),Number of Holding/Farm Parcels,..Partly Owned  e/,4950,3242,3764,61577,62852,.
..Region XI  (DAVAO REGION),Number of Holding/Farm Parcels,..Tenanted,32615,21135,34064,42862,31561,32085
..Region XI  (DAVAO REGION),Number of Holding/Farm Parcels,..Leased,.,.,.,5499,5639,9455
..Region XI  (DAVAO REGION),Number of Holding/Farm Parcels,..Other Forms,4448,5850,12803,31407,24443,85285
..Region XI  (DAVAO REGION),Area of Holding/Farm Parcels (in hectares),TOTAL,460385,551413,746727,795893,758335,575559
..Region XI  (DAVAO REGION),Area of Holding/Farm Parcels (in hectares),..Owned  d/,320126,429147,587498,434901,462001,381038
..Region XI  (DAVAO REGION),Area of Holding/Farm Parcels (in hectares),..Partly Owned  e/,35062,20825,40942,192342,173756,.
..Region XI  (DAVAO REGION),Area of Holding/Farm Parcels (in hectares),..Tenanted,69453,55082,81338,91880,73856,55789
..Region XI  (DAVAO REGION),Area of Holding/Farm Parcels (in hectares),..Leased,.,.,.,14647,14974,33923
..Region XI  (DAVAO REGION),Area of Holding/Farm Parcels (in hectares),..Other Forms,35739,46360,36949,62124,30625,104809
..Region XII  (SOCCSKSARGEN),Number of Holding/Farm Parcels,TOTAL,75311,116053,169823,264095,330571,529518
..Region XII  (SOCCSKSARGEN),Number of Holding/Farm Parcels,..Owned  d/,44556,76503,104158,124069,171283,368361
..Region XII  (SOCCSKSARGEN),Number of Holding/Farm Parcels,..Partly Owned  e/,5484,7178,6827,71862,95356,.
..Region XII  (SOCCSKSARGEN),Number of Holding/Farm Parcels,..Tenanted,19813,29238,49190,48553,38702,72013
..Region XII  (SOCCSKSARGEN),Number of Holding/Farm Parcels,..Leased,.,.,.,7219,6212,20141
..Region XII  (SOCCSKSARGEN),Number of Holding/Farm Parcels,..Other Forms,5458,3134,9648,13392,18219,69003
..Region XII  (SOCCSKSARGEN),Area of Holding/Farm Parcels (in hectares),TOTAL,450826,591157,623648,746702,775309,638267
..Region XII  (SOCCSKSARGEN),Area of Holding/Farm Parcels (in hectares),..Owned  d/,286100,410096,450638,419743,421468,432060
..Region XII  (SOCCSKSARGEN),Area of Holding/Farm Parcels (in hectares),..Partly Owned  e/,40411,40409,28227,189998,228940,.
..Region XII  (SOCCSKSARGEN),Area of Holding/Farm Parcels (in hectares),..Tenanted,59043,83802,111370,86224,69063,90722
..Region XII  (SOCCSKSARGEN),Area of Holding/Farm Parcels (in hectares),..Leased,.,.,.,28290,23626,27194
..Region XII  (SOCCSKSARGEN),Area of Holding/Farm Parcels (in hectares),..Other Forms,65272,56850,33413,22448,30700,88292
..Region XIII (Caraga),Number of Holding/Farm Parcels,TOTAL,63367,79348,131990,189600,210184,256178
..Region XIII (Caraga),Number of Holding/Farm Parcels,..Owned  d/,44559,61886,90878,72020,89708,176799
..Region XIII (Caraga),Number of Holding/Farm Parcels,..Partly Owned  e/,6106,5607,10433,82213,82210,.
..Region XIII (Caraga),Number of Holding/Farm Parcels,..Tenanted,11466,10533,23698,16466,18689,42812
..Region XIII (Caraga),Number of Holding/Farm Parcels,..Leased,.,.,.,3143,4913,9127
..Region XIII (Caraga),Number of Holding/Farm Parcels,..Other Forms,1236,1322,6981,15758,14145,27440
..Region XIII (Caraga),Area of Holding/Farm Parcels (in hectares),TOTAL,283629,359750,483936,517446,523407,461389
..Region XIII (Caraga),Area of Holding/Farm Parcels (in hectares),..Owned  d/,216826,291753,360591,228120,231780,267277
..Region XIII (Caraga),Area of Holding/Farm Parcels (in hectares),..Partly Owned  e/,29961,28409,44232,214311,211346,.
..Region XIII (Caraga),Area of Holding/Farm Parcels (in hectares),..Tenanted,30840,32069,58486,35187,38295,59775
..Region XIII (Caraga),Area of Holding/Farm Parcels (in hectares),..Leased,.,.,.,21002,15403,82076
..Region XIII (Caraga),Area of Holding/Farm Parcels (in hectares),..Other Forms,6002,7519,20627,18826,25639,52260
..AUTONOMOUS  REGION  IN MUSLIM MINDANAO  (ARMM),Number of Holding/Farm Parcels,TOTAL,103075,117882,152040,223605,248528,350561
..AUTONOMOUS  REGION  IN MUSLIM MINDANAO  (ARMM),Number of Holding/Farm Parcels,..Owned  d/,75270,104095,126754,154516,162429,293113
..AUTONOMOUS  REGION  IN MUSLIM MINDANAO  (ARMM),Number of Holding/Farm Parcels,..Partly Owned  e/,12049,3994,4981,21726,34541,.
..AUTONOMOUS  REGION  IN MUSLIM MINDANAO  (ARMM),Number of Holding/Farm Parcels,..Tenanted,10945,8062,17398,27863,30411,27370
..AUTONOMOUS  REGION  IN MUSLIM MINDANAO  (ARMM),Number of Holding/Farm Parcels,..Leased,.,.,.,6637,9462,10988
..AUTONOMOUS  REGION  IN MUSLIM MINDANAO  (ARMM),Number of Holding/Farm Parcels,..Other Forms,4811,1731,2907,12864,9911,19090
..AUTONOMOUS  REGION  IN MUSLIM MINDANAO  (ARMM),Area of Holding/Farm Parcels (in hectares),TOTAL,520726,474389,514124,553301,533410,346525
..AUTONOMOUS  REGION  IN MUSLIM MINDANAO  (ARMM),Area of Holding/Farm Parcels (in hectares),..Owned  d/,368030,409508,442197,392198,352827,286638
..AUTONOMOUS  REGION  IN MUSLIM MINDANAO  (ARMM),Area of Holding/Farm Parcels (in hectares),..Partly Owned  e/,80261,21328,15589,72282,95118,.
..AUTONOMOUS  REGION  IN MUSLIM MINDANAO  (ARMM),Area of Holding/Farm Parcels (in hectares),..Tenanted,35480,24999,45319,55868,54782,30659
..AUTONOMOUS  REGION  IN MUSLIM MINDANAO  (ARMM),Area of Holding/Farm Parcels (in hectares),..Leased,.,.,.,13527,15770,10966
..AUTONOMOUS  REGION  IN MUSLIM MINDANAO  (ARMM),Area of Holding/Farm Parcels (in hectares),..Other Forms,36956,18555,11019,19427,12010,18261
