Geolocation,Number/Area of Holdings/Farms,Number/Area of Parcels,1960,1971,1980,1991,2002,2012
PHILIPPINES,Number of Holdings/Farms,TOTAL,2166216,2354469,3420323,4610041,4822739,5563138
PHILIPPINES,Number of Holdings/Farms,..Under 1.0 Hectares,249773,319363,775791,1685380,1935874,3162683
PHILIPPINES,Number of Holdings/Farms,..1.00-2.99 Hectares,1100974,1117581,1578044,1967639,1974572,1779364
PHILIPPINES,Number of Holdings/Farms,..3.00-4.99 Hectares,404882,558347,588151,523201,508880,370974
PHILIPPINES,Number of Holdings/Farms,..5.00-9.99 Hectares,289730,243847,360006,325243,303139,194222
PHILIPPINES,Number of Holdings/Farms,..10.00-24.99 Hectares,109119,101130,103721,95537,88658,50199
PHILIPPINES,Number of Holdings/Farms,..25.00  Hectares and Over,11738,14201,14608,13042,11616,5696
PHILIPPINES,Area of Holdings/Farms,TOTAL,7772485,8493735,9725155,9974871,9670793,7271446
PHILIPPINES,Area of Holdings/Farms,..Under 1.0 Hectares,124423,162194,369100,728112,827031,872686
PHILIPPINES,Area of Holdings/Farms,..1.00-2.99 Hectares,1796009,1887663,2522200,3037906,3001608,2586935
PHILIPPINES,Area of Holdings/Farms,..3.00-4.99 Hectares,1426457,2013269,2066700,1835084,1778383,1278311
PHILIPPINES,Area of Holdings/Farms,..5.00-9.99 Hectares,1845252,1553496,2243000,2046380,1914396,1211136
PHILIPPINES,Area of Holdings/Farms,..10.00-24.99 Hectares,1396103,1412100,1406400,1293385,1192189,662624
PHILIPPINES,Area of Holdings/Farms,..25.00  Hectares and Over,1184240,1465011,1117800,1034004,957187,659754
..NATIONAL  CAPITAL  REGION (NCR),Number of Holdings/Farms,TOTAL,5272,2787,12841,15136,22820,38580
..NATIONAL  CAPITAL  REGION (NCR),Number of Holdings/Farms,..Under 1.0 Hectares,1844,1007,3104,11103,8840,34079
..NATIONAL  CAPITAL  REGION (NCR),Number of Holdings/Farms,..1.00-2.99 Hectares,2731,1184,4533,2374,7658,2554
..NATIONAL  CAPITAL  REGION (NCR),Number of Holdings/Farms,..3.00-4.99 Hectares,479,427,2488,676,2649,902
..NATIONAL  CAPITAL  REGION (NCR),Number of Holdings/Farms,..5.00-9.99 Hectares,150,108,1852,650,2354,679
..NATIONAL  CAPITAL  REGION (NCR),Number of Holdings/Farms,..10.00-24.99 Hectares,57,46,712,175,1001,313
..NATIONAL  CAPITAL  REGION (NCR),Number of Holdings/Farms,..25.00  Hectares and Over,11,15,152,157,318,53
..NATIONAL  CAPITAL  REGION (NCR),Area of Holdings/Farms,TOTAL,8980,6244,47946,53646,71632,20271
..NATIONAL  CAPITAL  REGION (NCR),Area of Holdings/Farms,..Under 1.0 Hectares,477,228,815,2271,2443,986
..NATIONAL  CAPITAL  REGION (NCR),Area of Holdings/Farms,..1.00-2.99 Hectares,4158,1760,7271,3515,10983,3804
..NATIONAL  CAPITAL  REGION (NCR),Area of Holdings/Farms,..3.00-4.99 Hectares,1658,1566,8824,2335,9077,3089
..NATIONAL  CAPITAL  REGION (NCR),Area of Holdings/Farms,..5.00-9.99 Hectares,937,643,11183,4028,14931,4235
..NATIONAL  CAPITAL  REGION (NCR),Area of Holdings/Farms,..10.00-24.99 Hectares,665,610,9603,2486,14181,4259
..NATIONAL  CAPITAL  REGION (NCR),Area of Holdings/Farms,..25.00  Hectares and Over,1084,1437,10250,39011,20017,3899
..CORDILLERA ADMINISTRATIVE REGION  (CAR),Number of Holdings/Farms,TOTAL,69312,67036,93940,108251,120104,167515
..CORDILLERA ADMINISTRATIVE REGION  (CAR),Number of Holdings/Farms,..Under 1.0 Hectares,15747,18809,39382,61549,68874,124484
..CORDILLERA ADMINISTRATIVE REGION  (CAR),Number of Holdings/Farms,..1.00-2.99 Hectares,37942,32143,36542,35633,38677,35026
..CORDILLERA ADMINISTRATIVE REGION  (CAR),Number of Holdings/Farms,..3.00-4.99 Hectares,9002,11173,10490,6301,7480,4529
..CORDILLERA ADMINISTRATIVE REGION  (CAR),Number of Holdings/Farms,..5.00-9.99 Hectares,4995,3702,5649,3635,3795,2758
..CORDILLERA ADMINISTRATIVE REGION  (CAR),Number of Holdings/Farms,..10.00-24.99 Hectares,1491,1063,1369,928,967,602
..CORDILLERA ADMINISTRATIVE REGION  (CAR),Number of Holdings/Farms,..25.00  Hectares and Over,135,146,508,207,311,116
..CORDILLERA ADMINISTRATIVE REGION  (CAR),Area of Holdings/Farms,TOTAL,163333,161451,227365,155581,177839,138817
..CORDILLERA ADMINISTRATIVE REGION  (CAR),Area of Holdings/Farms,..Under 1.0 Hectares,6740,9533,17178,26273,27974,35202
..CORDILLERA ADMINISTRATIVE REGION  (CAR),Area of Holdings/Farms,..1.00-2.99 Hectares,58254,54773,58682,55249,60416,51358
..CORDILLERA ADMINISTRATIVE REGION  (CAR),Area of Holdings/Farms,..3.00-4.99 Hectares,32125,40878,37389,22764,26942,16099
..CORDILLERA ADMINISTRATIVE REGION  (CAR),Area of Holdings/Farms,..5.00-9.99 Hectares,31355,23640,35074,23502,24349,18454
..CORDILLERA ADMINISTRATIVE REGION  (CAR),Area of Holdings/Farms,..10.00-24.99 Hectares,18306,15184,19047,12510,12974,8058
..CORDILLERA ADMINISTRATIVE REGION  (CAR),Area of Holdings/Farms,..25.00  Hectares and Over,16554,17444,59992,15283,25184,9646
..Region I  (ILOCOS REGION),Number of Holdings/Farms,TOTAL,175004,175308,246261,311758,276766,313398
..Region I  (ILOCOS REGION),Number of Holdings/Farms,..Under 1.0 Hectares,45819,55683,113032,187008,180645,233353
..Region I  (ILOCOS REGION),Number of Holdings/Farms,..1.00-2.99 Hectares,108441,95658,114572,107976,83807,71733
..Region I  (ILOCOS REGION),Number of Holdings/Farms,..3.00-4.99 Hectares,14863,19111,13361,11904,8175,6189
..Region I  (ILOCOS REGION),Number of Holdings/Farms,..5.00-9.99 Hectares,4632,3951,4289,4070,3274,1828
..Region I  (ILOCOS REGION),Number of Holdings/Farms,..10.00-24.99 Hectares,1082,763,808,709,750,277
..Region I  (ILOCOS REGION),Number of Holdings/Farms,..25.00  Hectares and Over,167,142,199,91,115,18
..Region I  (ILOCOS REGION),Area of Holdings/Farms,TOTAL,293292,297200,326915,324501,270664,218658
..Region I  (ILOCOS REGION),Area of Holdings/Farms,..Under 1.0 Hectares,23757,29126,55555,81806,80467,82175
..Region I  (ILOCOS REGION),Area of Holdings/Farms,..1.00-2.99 Hectares,161961,152841,170976,159858,121563,99566
..Region I  (ILOCOS REGION),Area of Holdings/Farms,..3.00-4.99 Hectares,51096,67896,46848,42197,28661,21487
..Region I  (ILOCOS REGION),Area of Holdings/Farms,..5.00-9.99 Hectares,28429,24289,26639,25277,20627,11261
..Region I  (ILOCOS REGION),Area of Holdings/Farms,..10.00-24.99 Hectares,13509,10319,11085,9519,10279,3558
..Region I  (ILOCOS REGION),Area of Holdings/Farms,..25.00  Hectares and Over,14541,12730,15812,5845,9068,612
..Region II  (CAGAYAN VALLEY),Number of Holdings/Farms,TOTAL,125297,144827,209284,285721,321755,443260
..Region II  (CAGAYAN VALLEY),Number of Holdings/Farms,..Under 1.0 Hectares,6886,12854,41862,95242,130803,267288
..Region II  (CAGAYAN VALLEY),Number of Holdings/Farms,..1.00-2.99 Hectares,71966,81325,117878,142854,144933,136482
..Region II  (CAGAYAN VALLEY),Number of Holdings/Farms,..3.00-4.99 Hectares,28289,34628,32646,31602,29490,25187
..Region II  (CAGAYAN VALLEY),Number of Holdings/Farms,..5.00-9.99 Hectares,13885,12496,13576,13321,13423,11407
..Region II  (CAGAYAN VALLEY),Number of Holdings/Farms,..10.00-24.99 Hectares,3824,3032,2852,2437,2712,2646
..Region II  (CAGAYAN VALLEY),Number of Holdings/Farms,..25.00  Hectares and Over,447,492,470,266,394,250
..Region II  (CAGAYAN VALLEY),Area of Holdings/Farms,TOTAL,417788,502439,506563,530143,540812,480957
..Region II  (CAGAYAN VALLEY),Area of Holdings/Farms,..Under 1.0 Hectares,3609,6913,22199,46230,63159,67558
..Region II  (CAGAYAN VALLEY),Area of Holdings/Farms,..1.00-2.99 Hectares,121811,138828,191674,227833,226077,202938
..Region II  (CAGAYAN VALLEY),Area of Holdings/Farms,..3.00-4.99 Hectares,98584,122617,114544,112757,105289,88793
..Region II  (CAGAYAN VALLEY),Area of Holdings/Farms,..5.00-9.99 Hectares,88769,78362,85356,84286,85844,71890
..Region II  (CAGAYAN VALLEY),Area of Holdings/Farms,..10.00-24.99 Hectares,48906,42252,37572,32493,36658,34988
..Region II  (CAGAYAN VALLEY),Area of Holdings/Farms,..25.00  Hectares and Over,56106,113469,55216,26544,23785,14790
..Region III  (CENTRAL LUZON),Number of Holdings/Farms,TOTAL,174598,174445,245491,350785,341466,361545
..Region III  (CENTRAL LUZON),Number of Holdings/Farms,..Under 1.0 Hectares,10591,13859,46728,119719,144515,196570
..Region III  (CENTRAL LUZON),Number of Holdings/Farms,..1.00-2.99 Hectares,93006,90053,140664,170874,149274,126476
..Region III  (CENTRAL LUZON),Number of Holdings/Farms,..3.00-4.99 Hectares,49365,50595,43222,41528,31149,24840
..Region III  (CENTRAL LUZON),Number of Holdings/Farms,..5.00-9.99 Hectares,18419,16533,12729,15390,12911,10889
..Region III  (CENTRAL LUZON),Number of Holdings/Farms,..10.00-24.99 Hectares,2717,2840,1823,2829,3157,2511
..Region III  (CENTRAL LUZON),Number of Holdings/Farms,..25.00  Hectares and Over,497,565,325,448,460,259
..Region III  (CENTRAL LUZON),Area of Holdings/Farms,TOTAL,565728,564921,526750,632493,552104,446176
..Region III  (CENTRAL LUZON),Area of Holdings/Farms,..Under 1.0 Hectares,4661,6954,22603,50994,62429,54257
..Region III  (CENTRAL LUZON),Area of Holdings/Farms,..1.00-2.99 Hectares,165924,161635,229501,266945,228242,186619
..Region III  (CENTRAL LUZON),Area of Holdings/Farms,..3.00-4.99 Hectares,172566,179402,148963,144643,108566,85865
..Region III  (CENTRAL LUZON),Area of Holdings/Farms,..5.00-9.99 Hectares,112445,100766,76729,95303,80967,67592
..Region III  (CENTRAL LUZON),Area of Holdings/Farms,..10.00-24.99 Hectares,35472,39466,25057,38593,42545,33021
..Region III  (CENTRAL LUZON),Area of Holdings/Farms,..25.00  Hectares and Over,74660,76696,23899,36013,29355,18822
..Region IV-A  (CALABARZON),Number of Holdings/Farms,TOTAL,163807,169407,250771,319865,282746,341851
..Region IV-A  (CALABARZON),Number of Holdings/Farms,..Under 1.0 Hectares,14177,22119,61387,125062,120478,190109
..Region IV-A  (CALABARZON),Number of Holdings/Farms,..1.00-2.99 Hectares,84883,80524,112159,122733,100232,98609
..Region IV-A  (CALABARZON),Number of Holdings/Farms,..3.00-4.99 Hectares,34454,38459,44715,37460,31949,28757
..Region IV-A  (CALABARZON),Number of Holdings/Farms,..5.00-9.99 Hectares,22472,20040,24931,25483,21844,18394
..Region IV-A  (CALABARZON),Number of Holdings/Farms,..10.00-24.99 Hectares,7211,7447,6884,8221,7414,5585
..Region IV-A  (CALABARZON),Number of Holdings/Farms,..25.00  Hectares and Over,613,818,695,907,829,397
..Region IV-A  (CALABARZON),Area of Holdings/Farms,TOTAL,543561,586399,654217,703256,588516,497669
..Region IV-A  (CALABARZON),Area of Holdings/Farms,..Under 1.0 Hectares,5877,10155,26624,48929,45167,45463
..Region IV-A  (CALABARZON),Area of Holdings/Farms,..1.00-2.99 Hectares,141617,135766,177962,188299,152892,145865
..Region IV-A  (CALABARZON),Area of Holdings/Farms,..3.00-4.99 Hectares,121335,138928,158424,131249,111593,99093
..Region IV-A  (CALABARZON),Area of Holdings/Farms,..5.00-9.99 Hectares,143739,128465,157663,163784,140198,117417
..Region IV-A  (CALABARZON),Area of Holdings/Farms,..10.00-24.99 Hectares,91441,104947,93720,111917,100632,73965
..Region IV-A  (CALABARZON),Area of Holdings/Farms,..25.00  Hectares and Over,39553,68138,39829,59077,38033,15864
..MIMAROPA Region,Number of Holdings/Farms,TOTAL,78888,92550,138368,209248,220967,277742
..MIMAROPA Region,Number of Holdings/Farms,..Under 1.0 Hectares,4863,7610,16234,58599,68324,142317
..MIMAROPA Region,Number of Holdings/Farms,..1.00-2.99 Hectares,35931,37833,59748,88448,94930,90349
..MIMAROPA Region,Number of Holdings/Farms,..3.00-4.99 Hectares,16568,24102,33536,30543,29414,24618
..MIMAROPA Region,Number of Holdings/Farms,..5.00-9.99 Hectares,15214,14143,21208,23575,20803,15721
..MIMAROPA Region,Number of Holdings/Farms,..10.00-24.99 Hectares,5529,7927,6829,7336,6772,4323
..MIMAROPA Region,Number of Holdings/Farms,..25.00  Hectares and Over,783,935,813,747,724,414
..MIMAROPA Region,Area of Holdings/Farms,TOTAL,411791,456080,565757,569814,542218,445568
..MIMAROPA Region,Area of Holdings/Farms,..Under 1.0 Hectares,2612,3928,7884,25348,29877,37204
..MIMAROPA Region,Area of Holdings/Farms,..1.00-2.99 Hectares,59239,64494,99696,138043,145520,136273
..MIMAROPA Region,Area of Holdings/Farms,..3.00-4.99 Hectares,58293,87158,116701,107214,102873,86216
..MIMAROPA Region,Area of Holdings/Farms,..5.00-9.99 Hectares,98754,91638,135099,149711,132564,99827
..MIMAROPA Region,Area of Holdings/Farms,..10.00-24.99 Hectares,70233,108387,92068,96767,91408,57358
..MIMAROPA Region,Area of Holdings/Farms,..25.00  Hectares and Over,122659,100476,114311,52733,39975,28689
..Region V  (BICOL REGION),Number of Holdings/Farms,TOTAL,196695,223023,311214,377791,384801,486312
..Region V  (BICOL REGION),Number of Holdings/Farms,..Under 1.0 Hectares,14028,25706,72150,135489,149930,259366
..Region V  (BICOL REGION),Number of Holdings/Farms,..1.00-2.99 Hectares,94090,100630,132596,147572,144285,147366
..Region V  (BICOL REGION),Number of Holdings/Farms,..3.00-4.99 Hectares,39907,54196,51536,46328,47598,44071
..Region V  (BICOL REGION),Number of Holdings/Farms,..5.00-9.99 Hectares,32722,26268,37853,34303,31445,26678
..Region V  (BICOL REGION),Number of Holdings/Farms,..10.00-24.99 Hectares,14068,14201,14638,12536,10355,8038
..Region V  (BICOL REGION),Number of Holdings/Farms,..25.00  Hectares and Over,1880,2022,2441,1564,1188,793
..Region V  (BICOL REGION),Area of Holdings/Farms,TOTAL,834401,921276,1036607,936174,891955,774225
..Region V  (BICOL REGION),Area of Holdings/Farms,..Under 1.0 Hectares,7200,13140,33543,58860,62906,67133
..Region V  (BICOL REGION),Area of Holdings/Farms,..1.00-2.99 Hectares,154550,167651,211279,226677,223227,220519
..Region V  (BICOL REGION),Area of Holdings/Farms,..3.00-4.99 Hectares,141432,196028,181462,162943,166112,151534
..Region V  (BICOL REGION),Area of Holdings/Farms,..5.00-9.99 Hectares,212990,171486,243527,221430,202180,169528
..Region V  (BICOL REGION),Area of Holdings/Farms,..10.00-24.99 Hectares,188486,204598,204609,172052,141641,106781
..Region V  (BICOL REGION),Area of Holdings/Farms,..25.00  Hectares and Over,129744,168374,162182,94213,95888,58730
..Region VI  (WESTERN VISAYAS),Number of Holdings/Farms,TOTAL,211715,190704,279123,411572,429456,517796
..Region VI  (WESTERN VISAYAS),Number of Holdings/Farms,..Under 1.0 Hectares,22134,27261,79001,203060,227302,367892
..Region VI  (WESTERN VISAYAS),Number of Holdings/Farms,..1.00-2.99 Hectares,124513,105615,141647,161040,160638,122995
..Region VI  (WESTERN VISAYAS),Number of Holdings/Farms,..3.00-4.99 Hectares,36253,35854,31126,27461,24293,16773
..Region VI  (WESTERN VISAYAS),Number of Holdings/Farms,..5.00-9.99 Hectares,18834,12529,17773,13296,11960,7444
..Region VI  (WESTERN VISAYAS),Number of Holdings/Farms,..10.00-24.99 Hectares,7959,6886,7065,4651,4036,2025
..Region VI  (WESTERN VISAYAS),Number of Holdings/Farms,..25.00  Hectares and Over,2022,2559,2511,2066,1227,667
..Region VI  (WESTERN VISAYAS),Area of Holdings/Farms,TOTAL,813865,781954,765886,754386,666917,467789
..Region VI  (WESTERN VISAYAS),Area of Holdings/Farms,..Under 1.0 Hectares,11460,15090,39536,86495,94296,91965
..Region VI  (WESTERN VISAYAS),Area of Holdings/Farms,..1.00-2.99 Hectares,204171,177255,217631,242328,236171,175517
..Region VI  (WESTERN VISAYAS),Area of Holdings/Farms,..3.00-4.99 Hectares,127770,129388,109313,96328,84666,57766
..Region VI  (WESTERN VISAYAS),Area of Holdings/Farms,..5.00-9.99 Hectares,120279,80486,111187,83574,75288,45924
..Region VI  (WESTERN VISAYAS),Area of Holdings/Farms,..10.00-24.99 Hectares,101821,97224,98370,65010,55921,27189
..Region VI  (WESTERN VISAYAS),Area of Holdings/Farms,..25.00  Hectares and Over,248363,282511,189851,180651,120574,69428
..Region VII  (CENTRAL VISAYAS),Number of Holdings/Farms,TOTAL,235458,221742,341884,424825,430043,427464
..Region VII  (CENTRAL VISAYAS),Number of Holdings/Farms,..Under 1.0 Hectares,81391,78025,159700,254194,266190,336957
..Region VII  (CENTRAL VISAYAS),Number of Holdings/Farms,..1.00-2.99 Hectares,119828,106620,136915,135566,133201,77088
..Region VII  (CENTRAL VISAYAS),Number of Holdings/Farms,..3.00-4.99 Hectares,19335,25371,27041,21224,18903,8608
..Region VII  (CENTRAL VISAYAS),Number of Holdings/Farms,..5.00-9.99 Hectares,10457,7785,13365,10216,8601,3613
..Region VII  (CENTRAL VISAYAS),Number of Holdings/Farms,..10.00-24.99 Hectares,3918,3173,3965,2912,2516,995
..Region VII  (CENTRAL VISAYAS),Number of Holdings/Farms,..25.00  Hectares and Over,529,768,898,715,632,203
..Region VII  (CENTRAL VISAYAS),Area of Holdings/Farms,TOTAL,456035,479133,582862,549895,522433,292505
..Region VII  (CENTRAL VISAYAS),Area of Holdings/Farms,..Under 1.0 Hectares,41179,38939,72903,104988,105592,89672
..Region VII  (CENTRAL VISAYAS),Area of Holdings/Farms,..1.00-2.99 Hectares,179531,169870,205563,200671,191935,108063
..Region VII  (CENTRAL VISAYAS),Area of Holdings/Farms,..3.00-4.99 Hectares,67705,92114,95098,74712,65739,29717
..Region VII  (CENTRAL VISAYAS),Area of Holdings/Farms,..5.00-9.99 Hectares,65180,49366,82968,64330,53402,22365
..Region VII  (CENTRAL VISAYAS),Area of Holdings/Farms,..10.00-24.99 Hectares,49530,44826,54482,40286,34371,13365
..Region VII  (CENTRAL VISAYAS),Area of Holdings/Farms,..25.00  Hectares and Over,52911,84018,71850,64907,71393,29325
..Region VIII  (EASTERN VISAYAS),Number of Holdings/Farms,TOTAL,201370,200147,271283,321456,330750,412852
..Region VIII  (EASTERN VISAYAS),Number of Holdings/Farms,..Under 1.0 Hectares,15732,27190,57640,118342,123744,242770
..Region VIII  (EASTERN VISAYAS),Number of Holdings/Farms,..1.00-2.99 Hectares,110276,96795,129852,132482,132038,127054
..Region VIII  (EASTERN VISAYAS),Number of Holdings/Farms,..3.00-4.99 Hectares,39602,47248,48644,38136,40205,29167
..Region VIII  (EASTERN VISAYAS),Number of Holdings/Farms,..5.00-9.99 Hectares,24387,18998,26040,24335,26158,11992
..Region VIII  (EASTERN VISAYAS),Number of Holdings/Farms,..10.00-24.99 Hectares,10361,8816,8038,7291,7838,1766
..Region VIII  (EASTERN VISAYAS),Number of Holdings/Farms,..25.00  Hectares and Over,1012,1100,1069,871,767,103
..Region VIII  (EASTERN VISAYAS),Area of Holdings/Farms,TOTAL,670354,674136,744141,695711,723048,453641
..Region VIII  (EASTERN VISAYAS),Area of Holdings/Farms,..Under 1.0 Hectares,8333,14162,28082,52765,53288,56993
..Region VIII  (EASTERN VISAYAS),Area of Holdings/Farms,..1.00-2.99 Hectares,178994,163038,208011,209057,204788,188057
..Region VIII  (EASTERN VISAYAS),Area of Holdings/Farms,..3.00-4.99 Hectares,139687,173464,172735,136277,142350,100903
..Region VIII  (EASTERN VISAYAS),Area of Holdings/Farms,..5.00-9.99 Hectares,154975,123488,166371,156868,168042,73988
..Region VIII  (EASTERN VISAYAS),Area of Holdings/Farms,..10.00-24.99 Hectares,131393,125200,111536,98402,106136,22572
..Region VIII  (EASTERN VISAYAS),Area of Holdings/Farms,..25.00  Hectares and Over,56973,74783,57407,42341,48445,11128
..Region IX  (ZAMBOANGA PENINSULA),Number of Holdings/Farms,TOTAL,85594,126814,169898,235674,252659,212718
..Region IX  (ZAMBOANGA PENINSULA),Number of Holdings/Farms,..Under 1.0 Hectares,2528,4667,15671,53188,68807,72771
..Region IX  (ZAMBOANGA PENINSULA),Number of Holdings/Farms,..1.00-2.99 Hectares,38377,56343,77411,110325,109620,95341
..Region IX  (ZAMBOANGA PENINSULA),Number of Holdings/Farms,..3.00-4.99 Hectares,18681,37130,37760,36041,37165,25474
..Region IX  (ZAMBOANGA PENINSULA),Number of Holdings/Farms,..5.00-9.99 Hectares,17654,16621,28775,26470,27196,14694
..Region IX  (ZAMBOANGA PENINSULA),Number of Holdings/Farms,..10.00-24.99 Hectares,7843,8457,9678,8869,8980,4094
..Region IX  (ZAMBOANGA PENINSULA),Number of Holdings/Farms,..25.00  Hectares and Over,511,596,603,783,891,344
..Region IX  (ZAMBOANGA PENINSULA),Area of Holdings/Farms,TOTAL,390161,500495,613069,675723,785294,448198
..Region IX  (ZAMBOANGA PENINSULA),Area of Holdings/Farms,..Under 1.0 Hectares,1312,2419,7738,24733,30908,29282
..Region IX  (ZAMBOANGA PENINSULA),Area of Holdings/Farms,..1.00-2.99 Hectares,64186,96552,124341,169838,167676,141078
..Region IX  (ZAMBOANGA PENINSULA),Area of Holdings/Farms,..3.00-4.99 Hectares,66064,133826,133579,126553,130794,88193
..Region IX  (ZAMBOANGA PENINSULA),Area of Holdings/Farms,..5.00-9.99 Hectares,114050,107149,182291,169354,173419,92001
..Region IX  (ZAMBOANGA PENINSULA),Area of Holdings/Farms,..10.00-24.99 Hectares,102396,119317,131711,122298,120742,54678
..Region IX  (ZAMBOANGA PENINSULA),Area of Holdings/Farms,..25.00  Hectares and Over,42154,41233,33412,62947,161755,42965
..Region X  (NORTHERN MINDANAO),Number of Holdings/Farms,TOTAL,107373,140539,208401,289468,319157,371950
..Region X  (NORTHERN MINDANAO),Number of Holdings/Farms,..Under 1.0 Hectares,5547,9961,25093,77972,102007,198066
..Region X  (NORTHERN MINDANAO),Number of Holdings/Farms,..1.00-2.99 Hectares,50566,62622,92307,135683,141825,133768
..Region X  (NORTHERN MINDANAO),Number of Holdings/Farms,..3.00-4.99 Hectares,22112,39437,45136,41138,41802,24356
..Region X  (NORTHERN MINDANAO),Number of Holdings/Farms,..5.00-9.99 Hectares,20776,20168,35324,26301,25150,12055
..Region X  (NORTHERN MINDANAO),Number of Holdings/Farms,..10.00-24.99 Hectares,7620,7471,9350,7279,7320,3140
..Region X  (NORTHERN MINDANAO),Number of Holdings/Farms,..25.00  Hectares and Over,752,880,1191,1095,1053,565
..Region X  (NORTHERN MINDANAO),Area of Holdings/Farms,TOTAL,478300,571530,758642,768290,746901,565231
..Region X  (NORTHERN MINDANAO),Area of Holdings/Farms,..Under 1.0 Hectares,2830,4756,12011,34272,43958,51886
..Region X  (NORTHERN MINDANAO),Area of Holdings/Farms,..1.00-2.99 Hectares,82867,106856,149430,209150,215853,188913
..Region X  (NORTHERN MINDANAO),Area of Holdings/Farms,..3.00-4.99 Hectares,77933,141135,157906,143902,146138,83649
..Region X  (NORTHERN MINDANAO),Area of Holdings/Farms,..5.00-9.99 Hectares,134590,129684,221276,167447,160120,74872
..Region X  (NORTHERN MINDANAO),Area of Holdings/Farms,..10.00-24.99 Hectares,97256,104247,126620,99479,98576,41597
..Region X  (NORTHERN MINDANAO),Area of Holdings/Farms,..25.00  Hectares and Over,82825,84851,91403,114041,82256,124314
..Region XI  (DAVAO REGION),Number of Holdings/Farms,TOTAL,92243,113202,187711,267224,299966,338344
..Region XI  (DAVAO REGION),Number of Holdings/Farms,..Under 1.0 Hectares,4409,6463,17769,64492,82961,153680
..Region XI  (DAVAO REGION),Number of Holdings/Farms,..1.00-2.99 Hectares,41241,45078,77650,115215,132319,128592
..Region XI  (DAVAO REGION),Number of Holdings/Farms,..3.00-4.99 Hectares,17416,32045,44560,42056,45286,32096
..Region XI  (DAVAO REGION),Number of Holdings/Farms,..5.00-9.99 Hectares,18107,19228,35286,33555,30035,18705
..Region XI  (DAVAO REGION),Number of Holdings/Farms,..10.00-24.99 Hectares,10065,9289,11266,10674,8492,4766
..Region XI  (DAVAO REGION),Number of Holdings/Farms,..25.00  Hectares and Over,1005,1099,1180,1231,873,505
..Region XI  (DAVAO REGION),Area of Holdings/Farms,TOTAL,460385,551413,746727,795893,758335,575559
..Region XI  (DAVAO REGION),Area of Holdings/Farms,..Under 1.0 Hectares,2348,2996,8716,28287,35621,41215
..Region XI  (DAVAO REGION),Area of Holdings/Farms,..1.00-2.99 Hectares,67373,76605,124972,179104,205866,190344
..Region XI  (DAVAO REGION),Area of Holdings/Farms,..3.00-4.99 Hectares,61496,115564,158290,147388,158176,110304
..Region XI  (DAVAO REGION),Area of Holdings/Farms,..5.00-9.99 Hectares,115144,122986,218291,208736,187223,115145
..Region XI  (DAVAO REGION),Area of Holdings/Farms,..10.00-24.99 Hectares,130156,129058,152075,145068,111938,62219
..Region XI  (DAVAO REGION),Area of Holdings/Farms,..25.00  Hectares and Over,83868,104205,84383,87310,59511,56332
..Region XII  (SOCCSKSARGEN),Number of Holdings/Farms,TOTAL,75311,116053,169823,264095,330571,385648
..Region XII  (SOCCSKSARGEN),Number of Holdings/Farms,..Under 1.0 Hectares,737,2725,12301,46287,76982,153961
..Region XII  (SOCCSKSARGEN),Number of Holdings/Farms,..1.00-2.99 Hectares,24998,46120,79999,134714,171923,172367
..Region XII  (SOCCSKSARGEN),Number of Holdings/Farms,..3.00-4.99 Hectares,15202,38171,35938,40867,46065,36612
..Region XII  (SOCCSKSARGEN),Number of Holdings/Farms,..5.00-9.99 Hectares,26109,20379,32959,32911,27765,18147
..Region XII  (SOCCSKSARGEN),Number of Holdings/Farms,..10.00-24.99 Hectares,7796,7845,7942,8473,7108,4105
..Region XII  (SOCCSKSARGEN),Number of Holdings/Farms,..25.00  Hectares and Over,469,813,684,842,728,456
..Region XII  (SOCCSKSARGEN),Area of Holdings/Farms,TOTAL,450826,591157,623648,746702,775309,638267
..Region XII  (SOCCSKSARGEN),Area of Holdings/Farms,..Under 1.0 Hectares,367,1225,6334,21665,35283,48658
..Region XII  (SOCCSKSARGEN),Area of Holdings/Farms,..1.00-2.99 Hectares,44022,82517,130517,210373,259069,248488
..Region XII  (SOCCSKSARGEN),Area of Holdings/Farms,..3.00-4.99 Hectares,54024,139857,127387,141765,158507,124066
..Region XII  (SOCCSKSARGEN),Area of Holdings/Farms,..5.00-9.99 Hectares,162489,126759,194272,196381,168814,109250
..Region XII  (SOCCSKSARGEN),Area of Holdings/Farms,..10.00-24.99 Hectares,95864,105474,102063,110487,93158,53695
..Region XII  (SOCCSKSARGEN),Area of Holdings/Farms,..25.00  Hectares and Over,94065,135325,63074,66030,60478,54111
..Region XIII (Caraga),Number of Holdings/Farms,TOTAL,63367,79348,131990,189600,210184,183471
..Region XIII (Caraga),Number of Holdings/Farms,..Under 1.0 Hectares,1522,2665,11663,48130,57477,60253
..Region XIII (Caraga),Number of Holdings/Farms,..1.00-2.99 Hectares,26671,29808,56661,84824,93521,81803
..Region XIII (Caraga),Number of Holdings/Farms,..3.00-4.99 Hectares,15025,25159,31769,28457,31815,23933
..Region XIII (Caraga),Number of Holdings/Farms,..5.00-9.99 Hectares,13769,14074,23605,21102,20869,13403
..Region XIII (Caraga),Number of Holdings/Farms,..10.00-24.99 Hectares,5899,7058,7670,6465,5956,3706
..Region XIII (Caraga),Number of Holdings/Farms,..25.00  Hectares and Over,481,584,622,622,546,373
..Region XIII (Caraga),Area of Holdings/Farms,TOTAL,283629,359750,483936,517446,523407,461389
..Region XIII (Caraga),Area of Holdings/Farms,..Under 1.0 Hectares,825,1375,5793,21652,25675,22613
..Region XIII (Caraga),Area of Holdings/Farms,..1.00-2.99 Hectares,45586,52148,94728,132129,145279,122620
..Region XIII (Caraga),Area of Holdings/Farms,..3.00-4.99 Hectares,53543,91393,111323,100248,111219,81863
..Region XIII (Caraga),Area of Holdings/Farms,..5.00-9.99 Hectares,89677,90022,147885,133416,131764,83415
..Region XIII (Caraga),Area of Holdings/Farms,..10.00-24.99 Hectares,74008,93425,99350,85198,78151,48587
..Region XIII (Caraga),Area of Holdings/Farms,..25.00  Hectares and Over,20260,31388,24856,44785,31319,102290
..AUTONOMOUS  REGION  IN MUSLIM MINDANAO  (ARMM),Number of Holdings/Farms,TOTAL,104912,119537,152040,227572,248528,282692
..AUTONOMOUS  REGION  IN MUSLIM MINDANAO  (ARMM),Number of Holdings/Farms,..Under 1.0 Hectares,1818,2759,3074,25086,57995,128767
..AUTONOMOUS  REGION  IN MUSLIM MINDANAO  (ARMM),Number of Holdings/Farms,..1.00-2.99 Hectares,35514,48322,66910,137266,135691,131761
..AUTONOMOUS  REGION  IN MUSLIM MINDANAO  (ARMM),Number of Holdings/Farms,..3.00-4.99 Hectares,28329,44846,54183,41049,35442,14862
..AUTONOMOUS  REGION  IN MUSLIM MINDANAO  (ARMM),Number of Holdings/Farms,..5.00-9.99 Hectares,27148,16630,24792,16322,15556,5815
..AUTONOMOUS  REGION  IN MUSLIM MINDANAO  (ARMM),Number of Holdings/Farms,..10.00-24.99 Hectares,11679,4755,2832,3476,3284,1307
..AUTONOMOUS  REGION  IN MUSLIM MINDANAO  (ARMM),Number of Holdings/Farms,..25.00  Hectares and Over,424,631,249,406,560,180
..AUTONOMOUS  REGION  IN MUSLIM MINDANAO  (ARMM),Area of Holdings/Farms,TOTAL,520726,474389,514124,553301,533410,346525
..AUTONOMOUS  REGION  IN MUSLIM MINDANAO  (ARMM),Area of Holdings/Farms,..Under 1.0 Hectares,780,1230,1557,12171,27989,50422
..AUTONOMOUS  REGION  IN MUSLIM MINDANAO  (ARMM),Area of Holdings/Farms,..1.00-2.99 Hectares,60910,83601,119982,215806,206051,176913
..AUTONOMOUS  REGION  IN MUSLIM MINDANAO  (ARMM),Area of Holdings/Farms,..3.00-4.99 Hectares,100138,160679,187936,140314,121681,49675
..AUTONOMOUS  REGION  IN MUSLIM MINDANAO  (ARMM),Area of Holdings/Farms,..5.00-9.99 Hectares,167922,103149,147149,96784,94662,33970
..AUTONOMOUS  REGION  IN MUSLIM MINDANAO  (ARMM),Area of Holdings/Farms,..10.00-24.99 Hectares,142972,66652,37453,46922,42876,16735
..AUTONOMOUS  REGION  IN MUSLIM MINDANAO  (ARMM),Area of Holdings/Farms,..25.00  Hectares and Over,48003,59075,20048,41306,40151,18809
