Year,Month,Exports,Imports,Balance of Trade (BOT-G),Total Trade
1991,Jan,635.57,950.41,-314.85,1585.98
1991,Feb,662.65,1094.81,-432.16,1757.46
1991,Mar,742.13,1076.87,-334.74,1819.00
1991,Apr,709.70,896.52,-186.82,1606.22
1991,May,688.51,983.15,-294.64,1671.66
1991,Jun,767.70,937.91,-170.21,1705.61
1991,Jul,793.50,1025.69,-232.19,1819.20
1991,Aug,741.20,967.43,-226.23,1708.63
1991,Sep,764.46,988.48,-224.02,1752.94
1991,Oct,756.88,1023.15,-266.27,1780.02
1991,Nov,751.08,1110.04,-358.96,1861.11
1991,Dec,826.13,996.90,-170.77,1823.03
1991,Total,8839.51,12051.36,-3211.85,20890.88
1992,Jan,662.37,1037.69,-375.33,1700.06
1992,Feb,714.90,1032.51,-317.61,1747.41
1992,Mar,898.46,1164.81,-266.36,2063.27
1992,Apr,666.45,1196.81,-530.36,1863.26
1992,May,811.71,1186.29,-374.59,1998.00
1992,Jun,835.57,1088.95,-253.38,1924.52
1992,Jul,851.13,1166.41,-315.28,2017.54
1992,Aug,913.09,1399.19,-486.10,2312.29
1992,Sep,873.34,1335.70,-462.36,2209.05
1992,Oct,860.36,1330.79,-470.43,2191.15
1992,Nov,824.14,1255.04,-430.90,2079.19
1992,Dec,912.80,1324.72,-411.91,2237.52
1992,Total,9824.31,14518.93,-4694.61,24343.24
1993,Jan,790.44,1183.58,-393.15,1974.02
1993,Feb,842.71,1181.68,-338.97,2024.38
1993,Mar,842.46,1390.57,-548.11,2233.04
1993,Apr,861.73,1504.00,-642.28,2365.73
1993,May,932.14,1460.29,-528.15,2392.43
1993,Jun,914.44,1335.13,-420.69,2249.56
1993,Jul,998.17,1553.48,-555.32,2551.65
1993,Aug,994.50,1512.67,-518.16,2507.17
1993,Sep,1018.30,1565.59,-547.29,2583.89
1993,Oct,1012.52,1654.69,-642.16,2667.21
1993,Nov,1163.36,1682.74,-519.38,2846.10
1993,Dec,1004.05,1572.98,-568.93,2577.02
1993,Total,11374.81,17597.40,-6222.60,28972.21
1994,Jan,951.62,1650.56,-698.94,2602.19
1994,Feb,927.01,1349.04,-422.03,2276.05
1994,Mar,1057.67,1599.52,-541.86,2657.19
1994,Apr,965.79,1775.99,-810.20,2741.79
1994,May,1083.86,1810.36,-726.50,2894.22
1994,Jun,1125.27,2041.89,-916.62,3167.17
1994,Jul,1217.56,1768.46,-550.90,2986.02
1994,Aug,1178.01,1728.14,-550.13,2906.16
1994,Sep,1239.74,1967.95,-728.21,3207.69
1994,Oct,1299.34,1886.76,-587.42,3186.10
1994,Nov,1128.46,1860.74,-732.28,2989.21
1994,Dec,1308.55,1893.13,-584.58,3201.68
1994,Total,13482.90,21332.57,-7849.67,34815.46
1995,Jan,1160.75,1855.58,-694.83,3016.33
1995,Feb,1263.77,1615.89,-352.12,2879.66
1995,Mar,1298.58,2142.54,-843.96,3441.11
1995,Apr,1377.42,2229.56,-852.15,3606.98
1995,May,1400.58,2143.63,-743.05,3544.21
1995,Jun,1521.69,2328.66,-806.97,3850.36
1995,Jul,1592.69,2175.49,-582.79,3768.18
1995,Aug,1591.45,2273.59,-682.14,3865.03
1995,Sep,1594.97,2444.22,-849.25,4039.19
1995,Oct,1601.65,2342.36,-740.71,3944.01
1995,Nov,1422.63,2414.72,-992.09,3837.35
1995,Dec,1621.01,2571.39,-950.37,4192.40
1995,Total,17447.19,26537.63,-9090.44,43984.81
1996,Jan,1420.45,2236.09,-815.65,3656.54
1996,Feb,1594.01,2359.58,-765.57,3953.58
1996,Mar,1670.60,2760.47,-1089.87,4431.08
1996,Apr,1491.87,2811.15,-1319.28,4303.01
1996,May,1612.18,2712.35,-1100.17,4324.53
1996,Jun,1793.39,2750.55,-957.16,4543.94
1996,Jul,1693.69,2838.70,-1145.01,4532.40
1996,Aug,1773.89,2799.68,-1025.78,4573.57
1996,Sep,1875.57,2870.06,-994.49,4745.63
1996,Oct,1883.71,2858.51,-974.80,4742.22
1996,Nov,1849.91,2711.55,-861.64,4561.47
1996,Dec,1883.27,2718.24,-834.97,4601.51
1996,Total,20542.55,32426.93,-11884.39,52969.48
1997,Jan,1692.26,2837.89,-1145.63,4530.15
1997,Feb,1812.42,2626.54,-814.12,4438.95
1997,Mar,2001.02,2935.16,-934.15,4936.18
1997,Apr,2082.43,2942.08,-859.65,5024.51
1997,May,1982.88,2954.37,-971.49,4937.24
1997,Jun,2129.08,3032.34,-903.26,5161.42
1997,Jul,2067.14,3169.20,-1102.06,5236.35
1997,Aug,2257.97,3327.94,-1069.97,5585.92
1997,Sep,2337.47,2956.48,-619.01,5293.95
1997,Oct,2326.05,3413.80,-1087.75,5739.85
1997,Nov,2308.43,2945.29,-636.86,5253.72
1997,Dec,2230.56,2792.73,-562.18,5023.29
1997,Total,25227.70,35933.82,-10706.12,61161.52
1998,Jan,2114.81,2837.90,-723.09,4952.71
1998,Feb,2227.20,2585.23,-358.03,4812.44
1998,Mar,2474.18,2613.60,-139.41,5087.78
1998,Apr,2284.50,2457.46,-172.95,4741.96
1998,May,2414.74,2624.02,-209.28,5038.76
1998,Jun,2389.57,2260.74,128.83,4650.31
1998,Jul,2501.37,2465.59,35.78,4966.97
1998,Aug,2652.45,2508.47,143.99,5160.92
1998,Sep,2786.32,2454.45,331.87,5240.78
1998,Oct,2542.30,2417.41,124.88,4959.71
1998,Nov,2585.82,2373.40,212.41,4959.22
1998,Dec,2523.08,2061.61,461.47,4584.69
1998,Total,29496.35,29659.89,-163.53,59156.24
1999,Jan,2580.78,2399.85,180.94,4980.63
1999,Feb,2569.33,2256.56,312.77,4825.89
1999,Mar,2702.33,2656.30,46.03,5358.63
1999,Apr,2345.95,2599.21,-253.26,4945.15
1999,May,2746.90,2533.48,213.42,5280.37
1999,Jun,2857.20,2670.94,186.26,5528.13
1999,Jul,2851.06,2791.64,59.42,5642.70
1999,Aug,3211.54,2661.46,550.08,5872.99
1999,Sep,3693.28,2555.30,1137.98,6248.57
1999,Oct,3459.67,2612.62,847.04,6072.29
1999,Nov,3075.37,2351.64,723.73,5427.01
1999,Dec,2943.51,2653.47,290.04,5596.98
1999,Total,35036.89,30742.46,4294.43,65779.35
2000,Jan,2716.57,2900.85,-184.28,5617.42
2000,Feb,2902.31,2775.14,127.16,5677.45
2000,Mar,2988.52,2908.07,80.45,5896.59
2000,Apr,2667.59,2728.17,-60.58,5395.76
2000,May,2930.83,2641.93,288.90,5572.77
2000,Jun,3410.27,2730.33,679.94,6140.60
2000,Jul,3219.40,2855.65,363.75,6075.05
2000,Aug,3529.46,2842.45,687.01,6371.91
2000,Sep,3502.01,3294.23,207.77,6796.24
2000,Oct,3398.14,3276.14,122.00,6674.28
2000,Nov,3316.78,2919.80,396.98,6236.58
2000,Dec,3496.37,2618.10,878.27,6114.46
2000,Total,38078.25,34490.87,3587.38,72569.12
2001,Jan,2889.00,3031.16,-142.16,5920.15
2001,Feb,2805.47,2482.11,323.36,5287.58
2001,Mar,2869.64,3037.40,-167.76,5907.04
2001,Apr,2245.69,3105.06,-859.37,5350.76
2001,May,2599.97,2939.86,-339.89,5539.83
2001,Jun,2578.16,2856.88,-278.72,5435.05
2001,Jul,2594.45,2873.16,-278.71,5467.61
2001,Aug,2620.76,2893.64,-272.87,5514.40
2001,Sep,2731.02,2752.00,-20.98,5483.02
2001,Oct,2940.77,2540.95,399.82,5481.72
2001,Nov,2629.79,2216.80,413.00,4846.59
2001,Dec,2645.47,2328.14,317.33,4973.62
2001,Total,32150.20,33057.16,-906.96,65207.36
2002,Jan,2631.44,2225.79,405.65,4857.22
2002,Feb,2627.87,2543.97,83.90,5171.84
2002,Mar,2849.06,3435.73,-586.67,6284.80
2002,Apr,2748.80,3881.24,-1132.44,6630.05
2002,May,2918.06,3302.52,-384.46,6220.57
2002,Jun,2936.41,3353.37,-416.96,6289.78
2002,Jul,3222.74,3520.29,-297.54,6743.03
2002,Aug,3032.17,3857.01,-824.84,6889.18
2002,Sep,3191.39,3536.52,-345.13,6727.92
2002,Oct,3033.18,3247.17,-213.99,6280.35
2002,Nov,3103.28,3436.50,-333.22,6539.79
2002,Dec,2913.75,2896.40,17.35,5810.14
2002,Total,35208.16,39236.51,-4028.36,74444.67
2003,Jan,2732.85,3142.49,-409.64,5875.33
2003,Feb,2787.82,3021.44,-233.61,5809.26
2003,Mar,3128.98,3694.22,-565.24,6823.20
2003,Apr,2726.21,3432.72,-706.51,6158.93
2003,May,2827.66,3609.65,-781.99,6437.31
2003,Jun,3060.47,3175.46,-114.99,6235.93
2003,Jul,3009.49,3491.62,-482.12,6501.11
2003,Aug,3003.21,3360.19,-356.98,6363.41
2003,Sep,3353.95,3265.38,88.57,6619.33
2003,Oct,3339.92,3401.22,-61.30,6741.14
2003,Nov,3085.49,3545.75,-460.26,6631.24
2003,Dec,3175.14,3330.38,-155.24,6505.52
2003,Total,36231.21,40470.51,-4239.31,76701.72
2004,Jan,2849.37,3481.40,-632.04,6330.77
2004,Feb,3004.81,3313.65,-308.84,6318.46
2004,Mar,3361.75,3921.99,-560.24,7283.74
2004,Apr,2982.49,3764.80,-782.31,6747.30
2004,May,3267.55,3584.00,-316.45,6851.55
2004,Jun,3317.93,3778.07,-460.14,7096.00
2004,Jul,3108.88,3760.77,-651.89,6869.65
2004,Aug,3430.06,3687.63,-257.57,7117.69
2004,Sep,3641.43,3816.87,-175.45,7458.30
2004,Oct,3753.43,4007.92,-254.49,7761.36
2004,Nov,3685.41,3657.58,27.83,7342.99
2004,Dec,3277.42,3264.51,12.91,6541.93
2004,Total,39680.52,44039.21,-4358.69,83719.73
2005,Jan,3294.32,3501.40,-207.07,6795.72
2005,Feb,3000.16,3211.23,-211.06,6211.39
2005,Mar,3267.57,3832.01,-564.44,7099.58
2005,Apr,3245.70,4112.56,-866.86,7358.25
2005,May,3304.99,3798.00,-493.00,7102.99
2005,Jun,3358.57,4210.26,-851.69,7568.84
2005,Jul,3503.07,3832.99,-329.92,7336.06
2005,Aug,3512.64,4238.87,-726.23,7751.51
2005,Sep,3674.93,4337.20,-662.27,8012.13
2005,Oct,3634.53,4159.12,-524.60,7793.65
2005,Nov,3631.01,3975.17,-344.16,7606.17
2005,Dec,3827.18,4209.38,-382.19,8036.56
2005,Total,41254.68,47418.18,-6163.50,88672.87
2006,Jan,3532.75,3707.18,-174.43,7239.93
2006,Feb,3448.30,3415.25,33.05,6863.56
2006,Mar,4173.60,4226.60,-53.01,8400.20
2006,Apr,3917.88,4416.68,-498.79,8334.56
2006,May,3885.12,4447.84,-562.72,8332.96
2006,Jun,4055.14,4534.00,-478.86,8589.14
2006,Jul,4016.28,4412.45,-396.17,8428.73
2006,Aug,4273.80,4883.66,-609.86,9157.46
2006,Sep,4178.40,4355.48,-177.08,8533.89
2006,Oct,4207.34,4686.41,-479.07,8893.75
2006,Nov,4031.03,4509.66,-478.62,8540.69
2006,Dec,3690.46,4178.47,-488.01,7868.94
2006,Total,47410.12,51773.68,-4363.57,99183.80
2007,Jan,3991.85,3904.16,87.69,7896.01
2007,Feb,3721.35,3690.14,31.21,7411.48
2007,Mar,4487.33,4566.52,-79.18,9053.85
2007,Apr,4124.05,4342.80,-218.75,8466.85
2007,May,4127.86,4296.14,-168.27,8424.00
2007,Jun,4147.42,4706.54,-559.11,8853.96
2007,Jul,4248.79,5041.56,-792.77,9290.36
2007,Aug,4121.45,4986.61,-865.16,9108.06
2007,Sep,4389.38,4743.80,-354.42,9133.18
2007,Oct,4659.53,5150.65,-491.11,9810.18
2007,Nov,3964.81,5084.21,-1119.41,9049.02
2007,Dec,4481.90,5000.63,-518.73,9482.53
2007,Total,50465.72,55513.74,-5048.02,105979.47
2008,Jan,4230.56,4995.76,-765.20,9226.32
2008,Feb,4112.01,4491.46,-379.45,8603.47
2008,Mar,4200.13,5123.01,-922.88,9323.14
2008,Apr,4327.48,4856.96,-529.48,9184.43
2008,May,4225.38,4775.68,-550.30,9001.06
2008,Jun,4527.02,5322.25,-795.23,9849.27
2008,Jul,4437.23,5882.36,-1445.12,10319.59
2008,Aug,4394.50,5044.11,-649.61,9438.61
2008,Sep,4445.62,4891.09,-445.47,9336.71
2008,Oct,3990.06,4577.74,-587.68,8567.80
2008,Nov,3512.97,3484.68,28.29,6997.65
2008,Dec,2674.58,3300.96,-626.38,5975.54
2008,Total,49077.54,56746.06,-7668.52,105823.60
2009,Jan,2512.96,3269.94,-756.97,5782.90
2009,Feb,2506.32,3058.78,-552.46,5565.10
2009,Mar,2906.75,3269.83,-363.09,6176.58
2009,Apr,2803.77,3057.23,-253.46,5861.00
2009,May,3088.03,3616.59,-528.56,6704.62
2009,Jun,3406.91,4106.94,-700.03,7513.86
2009,Jul,3313.36,4025.96,-712.60,7339.32
2009,Aug,3472.89,3617.29,-144.40,7090.19
2009,Sep,3637.64,3669.91,-32.27,7307.55
2009,Oct,3748.09,3808.29,-60.19,7556.38
2009,Nov,3717.83,3654.51,63.31,7372.34
2009,Dec,3321.24,3936.26,-615.02,7257.50
2009,Total,38435.81,43091.54,-4655.73,81527.34
2010,Jan,3579.44,4310.26,-730.82,7889.70
2010,Feb,3570.23,3906.25,-336.02,7476.48
2010,Mar,4181.80,4555.82,-374.02,8737.63
2010,Apr,3611.61,4568.36,-956.75,8179.97
2010,May,4241.42,4811.76,-570.33,9053.18
2010,Jun,4556.73,4224.95,331.78,8781.68
2010,Jul,4505.19,4687.77,-182.58,9192.95
2010,Aug,4774.45,4461.16,313.28,9235.61
2010,Sep,5340.85,4597.22,743.63,9938.06
2010,Oct,4788.45,4904.46,-116.01,9692.91
2010,Nov,4146.07,4955.78,-809.70,9101.85
2010,Dec,4201.28,4949.14,-747.87,9150.42
2010,Total,51497.51,54932.92,-3435.40,106430.43
2011,Jan,4001.93,5302.44,-1300.51,9304.37
2011,Feb,3927.75,4876.58,-948.83,8804.33
2011,Mar,4356.35,5552.51,-1196.16,9908.86
2011,Apr,4306.44,5525.44,-1218.99,9831.88
2011,May,4118.69,4892.57,-773.88,9011.26
2011,Jun,4134.78,4503.90,-369.12,8638.68
2011,Jul,4460.27,5001.32,-541.05,9461.59
2011,Aug,4172.90,5076.38,-903.48,9249.28
2011,Sep,3896.95,5082.89,-1185.94,8979.84
2011,Oct,4155.66,5024.49,-868.82,9180.15
2011,Nov,3366.03,5024.01,-1657.98,8390.04
2011,Dec,3407.16,4633.32,-1226.16,8040.47
2011,Total,48304.93,60495.84,-12190.91,108800.77
2012,Jan,4123.42,5139.40,-1015.98,9262.82
2012,Feb,4430.45,4998.18,-567.73,9428.63
2012,Mar,4324.62,5371.48,-1046.86,9696.10
2012,Apr,4635.17,4788.12,-152.94,9423.29
2012,May,4931.60,5385.84,-454.25,10317.44
2012,Jun,4314.23,5103.03,-788.79,9417.26
2012,Jul,4727.39,5047.28,-319.89,9774.67
2012,Aug,3809.98,5183.83,-1373.85,8993.80
2012,Sep,4810.80,5326.59,-515.79,10137.38
2012,Oct,4410.11,5276.86,-866.75,9686.96
2012,Nov,3611.01,5207.74,-1596.73,8818.75
2012,Dec,3970.75,5300.32,-1329.57,9271.06
2012,Total,52099.52,62128.66,-10029.14,114228.18
2013,Jan,4514.31,4776.90,-262.59,9291.22
2013,Feb,4174.32,4707.71,-533.39,8882.03
2013,Mar,4698.59,4951.87,-253.28,9650.45
2013,Apr,4506.50,5153.25,-646.74,9659.75
2013,May,5131.34,5272.10,-140.76,10403.44
2013,Jun,4490.20,4889.69,-399.49,9379.89
2013,Jul,4858.79,5494.15,-635.36,10352.94
2013,Aug,4956.02,5563.84,-607.83,10519.86
2013,Sep,5056.21,5719.19,-662.98,10775.40
2013,Oct,5026.67,4844.03,182.64,9870.70
2013,Nov,4324.99,5592.57,-1267.59,9917.56
2013,Dec,4959.93,5445.26,-485.33,10405.19
2013,Total,56697.86,62410.57,-5712.70,119108.43
2014,Jan,4357.47,6006.12,-1648.65,10363.58
2014,Feb,4650.95,4855.79,-204.84,9506.74
2014,Mar,5268.41,5485.68,-217.27,10754.09
2014,Apr,4563.49,5365.82,-802.32,9929.31
2014,May,5931.59,5068.88,862.71,11000.47
2014,Jun,5461.54,4828.71,632.84,10290.25
2014,Jul,5425.48,5564.43,-138.95,10989.91
2014,Aug,5471.23,5844.51,-373.28,11315.74
2014,Sep,5846.06,5782.74,63.33,11628.80
2014,Oct,5148.21,5589.32,-441.11,10737.54
2014,Nov,5174.90,5536.25,-361.35,10711.15
2014,Dec,4802.28,5469.75,-667.47,10272.04
2014,Total,62101.62,65397.98,-3296.37,127499.60
2015,Jan,4356.78,5662.73,-1305.94,10019.51
2015,Feb,4513.40,5734.54,-1221.14,10247.94
2015,Mar,5434.17,5691.35,-257.18,11125.52
2015,Apr,4434.03,5052.99,-618.95,9487.02
2015,May,4899.37,4834.42,64.95,9733.79
2015,Jun,5363.96,5940.76,-576.80,11304.72
2015,Jul,5370.52,6845.66,-1475.14,12216.19
2015,Aug,5127.93,6175.98,-1048.06,11303.91
2015,Sep,4959.51,6255.01,-1295.50,11214.53
2015,Oct,4590.26,6534.11,-1943.85,11124.37
2015,Nov,5117.78,6094.66,-976.87,11212.44
2015,Dec,4659.51,6245.02,-1585.51,10904.53
2015,Total,58827.24,71067.23,-12239.99,129894.46
2016,Jan,4255.49,6825.21,-2569.71,11080.70
2016,Feb,4361.92,5651.64,-1289.73,10013.56
2016,Mar,4730.01,6678.28,-1948.28,11408.29
2016,Apr,4284.87,6864.59,-2579.71,11149.46
2016,May,4828.35,7067.86,-2239.51,11896.21
2016,Jun,4872.90,7243.66,-2370.75,12116.56
2016,Jul,4786.91,7159.42,-2372.51,11946.33
2016,Aug,5036.07,7165.89,-2129.81,12201.96
2016,Sep,5361.57,7381.22,-2019.64,12742.79
2016,Oct,5036.08,7260.09,-2224.02,12296.17
2016,Nov,4886.88,7377.52,-2490.64,12264.40
2016,Dec,4965.05,7432.67,-2467.62,12397.72
2016,Total,57406.12,84108.04,-26701.92,141514.17
2017,Jan,5597.12,7926.01,-2328.88,13523.13
2017,Feb,5156.30,6825.96,-1669.65,11982.26
2017,Mar,6003.05,8107.13,-2104.09,14110.18
2017,Apr,5587.11,7140.82,-1553.71,12727.93
2017,May,5987.55,8494.95,-2507.40,14482.50
2017,Jun,5704.04,7289.68,-1585.65,12993.72
2017,Jul,5833.61,7138.89,-1305.28,12972.51
2017,Aug,5978.83,8715.34,-2736.51,14694.17
2017,Sep,5985.71,7737.89,-1752.18,13723.60
2017,Oct,5912.65,8497.79,-2585.14,14410.43
2017,Nov,5582.90,8862.53,-3279.63,14445.43
2017,Dec,5384.03,9356.25,-3972.22,14740.28
2017,Total,68712.90,96093.24,-27380.34,164806.13
2018,Jan,5656.21,8882.70,-3226.49,14538.91
2018,Feb,5225.71,7762.25,-2536.55,12987.96
2018,Mar,6024.47,8364.28,-2339.80,14388.75
2018,Apr,5481.97,9180.81,-3698.84,14662.79
2018,May,6091.89,9972.39,-3880.50,16064.28
2018,Jun,5916.49,9469.46,-3552.96,15385.95
2018,Jul,5966.51,9982.73,-4016.22,15949.24
2018,Aug,6216.23,9814.79,-3598.56,16031.02
2018,Sep,6052.78,10076.42,-4023.64,16129.20
2018,Oct,6308.84,10724.29,-4415.45,17033.14
2018,Nov,5636.46,9710.64,-4074.18,15347.11
2018,Dec,4729.85,8900.09,-4170.24,13629.94
2018,Total,69307.43,112840.85,-43533.42,182148.27
2019,Jan,5293.10,9565.31,-4272.21,14858.41
2019,Feb,5251.62,7984.95,-2733.32,13236.57
2019,Mar,6030.80,9365.80,-3335.00,15396.59
2019,Apr,5652.23,9451.19,-3798.96,15103.41
2019,May,6199.69,9848.90,-3649.21,16048.60
2019,Jun,6149.83,8785.68,-2635.85,14935.51
2019,Jul,6252.11,9893.35,-3641.24,16145.45
2019,Aug,6302.58,9307.45,-3004.87,15610.04
2019,Sep,6079.81,9488.56,-3408.76,15568.37
2019,Oct,6341.73,9914.28,-3572.55,16256.00
2019,Nov,5622.87,9275.21,-3652.34,14898.08
2019,Dec,5750.62,8712.41,-2961.78,14463.03
2019,Total,70926.98,111593.08,-40666.10,182520.06
2020,Jan,5801.89,9556.69,-3754.79,15358.58
2020,Feb,5432.17,7400.35,-1968.17,12832.52
2020,Mar,5079.05,7804.99,-2725.94,12884.03
2020,Apr,3319.97,3507.07,-187.10,6827.05
2020,May,4541.51,5855.19,-1313.68,10396.70
2020,Jun,5531.67,6955.79,-1424.13,12487.46
2020,Jul,5698.73,7833.60,-2134.87,13532.33
2020,Aug,5499.62,7679.40,-2179.78,13179.02
2020,Sep,6286.06,8552.49,-2266.44,14838.55
2020,Oct,6287.05,8335.45,-2048.40,14622.49
2020,Nov,5882.74,8026.77,-2144.03,13909.51
2020,Dec,5854.06,8303.75,-2449.70,14157.81
2020,Total,65214.52,89811.54,-24597.02,155026.06
2021,Jan,5549.40,8424.81,-2875.41,13974.22
2021,Feb,5358.48,8064.45,-2705.97,13422.92
2021,Mar,6779.04,9533.14,-2754.10,16312.18
2021,Apr,5784.51,8878.68,-3094.17,14663.18
2021,May,5943.04,9121.64,-3178.61,15064.68
2021,Jun,6578.17,9906.89,-3328.72,16485.06
2021,Jul,6487.15,9991.04,-3503.88,16478.19
2021,Aug,6541.29,9850.62,-3309.33,16391.91
2021,Sep,6691.76,10499.42,-3807.66,17191.18
2021,Oct,6420.43,10234.67,-3814.24,16655.10
2021,Nov,6278.24,10984.18,-4705.94,17262.42
2021,Dec,6281.60,11395.68,-5114.07,17677.28
2021,Total,74693.11,116885.21,-42192.10,191578.31
2022,Jan,6082.16,10559.01,-4476.86,16641.17
2022,Feb,6249.09,10185.73,-3936.64,16434.82
2022,Mar,7305.01,11768.49,-4463.48,19073.49
2022,Apr,6167.58,11462.84,-5295.27,17630.42
2022,May,6355.77,11879.48,-5523.70,18235.25
2022,Jun,6741.31,12521.68,-5780.38,19262.99
2022,Jul,6240.31,12215.00,-5974.69,18455.31
2022,Aug,6461.89,12455.33,-5993.43,18917.22
2022,Sep,7249.23,12011.51,-4762.29,19260.74
2022,Oct,7745.59,11024.21,-3278.63,18769.80
2022,Nov,7165.60,10817.61,-3652.01,17983.21
2022,Dec,5810.57,10320.21,-4509.64,16130.79
2022,Total,79574.11,137221.11,-57647.01,216795.22
2023,Jan,5441.87,10997.87,-5556.00,16439.73
2023,Feb,5103.31,8983.78,-3880.47,14087.09
2023,Mar,6613.63,11631.81,-5018.18,18245.43
2023,Apr,4916.14,9748.47,-4832.34,14664.61
2023,May,6530.25,10932.62,-4402.37,17462.87
2023,Jun,6730.74,10667.01,-3936.27,17397.75
2023,Jul,6245.73,10370.22,-4124.48,16615.95
2023,Aug,6729.64,10834.74,-4105.11,17564.38
2023,Sep,6771.93,10320.24,-3548.31,17092.17
2023,Oct,6518.43,10759.41,-4240.99,17277.84
2023,Nov,6231.07,11000.53,-4769.45,17231.60
2023,Dec,5784.38,9962.50,-4178.12,15746.88
2023,Total,73617.12,126209.20,-52592.09,199826.32
2024,Jan,5993.40,10340.59,-4347.19,16333.99
2024,Feb,6015.84,9578.97,-3563.13,15594.80
2024,Mar,6225.25,9579.22,-3353.97,15804.48
2024,Apr,6304.70,11030.93,-4726.23,17335.63
2024,May,6334.84,11064.76,-4729.91,17399.60
2024,Jun,5568.59,9904.20,-4335.61,15472.78
2024,Jul,6251.60,11129.79,-4878.19,17381.39
2024,Aug,6753.40,11148.73,-4395.33,17902.13
2024,Sep,6259.74,11362.26,-5102.52,17622.00
2024,Oct,6191.05,12005.74,-5814.68,18196.79
2024,Nov,5697.41,10632.93,-4935.52,16330.34
2024,Dec,5672.89,9818.51,-4145.62,15491.40
2024,Total,73268.72,127596.63,-54327.91,200865.35
2025,Jan,6573.54,11528.18,-4954.64,18101.72
2025,Feb,6787.17,9778.51,-2991.34,16565.68
2025,Mar,6782.69,11292.16,-4509.47,18074.85
2025,Apr,6783.35,10766.13,-3982.78,17549.49
2025,May,7318.28,10959.84,-3641.56,18278.12
2025,Jun,7066.39,11464.76,-4398.38,18531.15
2025,Jul,7357.23,11785.66,-4428.43,19142.90
2025,Aug,7127.97,11116.83,-3988.86,18244.80
2025,Sep,7281.54,11954.21,-4672.67,19235.74
2025,Oct,7448.86,11647.04,-4198.18,19095.90
2025,Nov,6926.80,10888.86,-3962.05,17815.66
2025,Dec,7026.05,11019.28,-3993.22,18045.33
2025,Total,84479.87,134201.46,-49721.59,218681.34
2026,Jan,7142.75,11421.23,-4278.49,18563.98
2026,Feb,7389.31,11404.21,-4014.90,18793.52
2026,Mar,8191.15,13216.54,-5025.39,21407.69
2026,Apr,7207.71,13173.14,-5965.42,20380.85
2026,May,..,..,..,..
2026,Jun,..,..,..,..
2026,Jul,..,..,..,..
2026,Aug,..,..,..,..
2026,Sep,..,..,..,..
2026,Oct,..,..,..,..
2026,Nov,..,..,..,..
2026,Dec,..,..,..,..
2026,Total,29930.92,49215.11,-19284.20,79146.03
