year,direction,country,value_usd
2007,Exports,NETHERLANDS,3051831083
2007,Exports,HONG KONG,1649274492
2007,Exports,GERMANY,773660132
2007,Exports,SINGAPORE,576829975
2007,Exports,TAIWAN,402749478
2007,Exports,JAPAN,394222061
2007,Exports,"KOREA, REP. (SOUTH)",197650526
2007,Exports,UNITED STATES,125755918
2007,Exports,CHINA,63439351
2007,Exports,THAILAND,46293327
2007,Exports,MALAYSIA,43329019
2007,Exports,INDONESIA,27448992
2007,Exports,CZECH REPUBLIC,16775777
2007,Exports,AUSTRIA,11484822
2007,Exports,BELGIUM,8197834
2007,Exports,UNITED KINGDOM,5437754
2007,Exports,ANDORRA,5367414
2007,Exports,ITALY,2571870
2007,Exports,SPAIN,2236429
2007,Exports,CANADA,2231683
2007,Exports,MEXICO,1625751
2007,Exports,SWITZERLAND,1521523
2007,Exports,BRAZIL,1516714
2007,Exports,AUSTRALIA,718370
2007,Exports,ESTONIA,666492
2007,Exports,FRANCE,548145
2007,Exports,SWEDEN,540128
2007,Exports,INDIA,536341
2007,Exports,IRELAND,413992
2007,Exports,ISRAEL,406887
2007,Exports,"HONDURAS, REPUBLIC OF",294866
2007,Exports,PERU,251786
2007,Exports,HUNGARY,161764
2007,Exports,MOROCCO,132621
2007,Exports,BURUNDI,86648
2007,Exports,"SOUTH AFRICA, REP. OF",62440
2007,Exports,SLOVAKIA,56626
2007,Exports,ARGENTINA,50540
2007,Exports,PACIFIC TRUST TERRITORY,32640
2007,Exports,NEW ZEALAND (EXCLUDES WESTERN SAMOA),27833
2007,Exports,VIRGIN ISLANDS (BRITISH),22550
2007,Exports,VIETNAM,22252
2007,Exports,FINLAND,17444
2007,Exports,DENMARK,17012
2007,Exports,CAYMAN ISLANDS,11400
2007,Exports,PORTUGAL,11299
2007,Exports,WALLIS AND FUTUNA ISLANDS,8429
2007,Exports,FIJI,8226
2007,Exports,ROMANIA,5837
2007,Exports,POLAND,4250
2007,Exports,TURKEY,3703
2007,Exports,BULGARIA,2988
2007,Exports,COLOMBIA,799
2007,Exports,SRI LANKA (CEYLON),781
2007,Exports,BERMUDA,653
2007,Exports,ETHIOPIA,522
2007,Exports,UKRAINE,504
2007,Exports,JORDAN,402
2007,Exports,NORWAY,238
2007,Exports,SYRIAN ARAB REPUBLIC,177
2007,Exports,EGYPT ARAB REPUBLIC,115
2007,Exports,MALI (WEST AFRICA),115
2007,Exports,LUXEMBOURG,95
2007,Exports,CROATIA,76
2007,Exports,"PAKISTAN, ISLAMIC REP. OF",76
2007,Exports,SLOVENIA,65
2007,Exports,COSTA RICA,30
2007,Exports,BANGLADESH,25
2007,Imports,UNITED STATES,1907258326
2007,Imports,TAIWAN,1180707010
2007,Imports,JAPAN,1028592462
2007,Imports,"KOREA, REP. (SOUTH)",590463513
2007,Imports,SINGAPORE,496773673
2007,Imports,MALAYSIA,212138535
2007,Imports,GERMANY,184915874
2007,Imports,CHINA,177513912
2007,Imports,NETHERLANDS,158867656
2007,Imports,HONG KONG,104769026
2007,Imports,UNITED KINGDOM,99243315
2007,Imports,FRANCE,65205163
2007,Imports,THAILAND,49934164
2007,Imports,FINLAND,20052220
2007,Imports,NORWAY,8412383
2007,Imports,INDONESIA,7188640
2007,Imports,ISRAEL,5242570
2007,Imports,IRELAND,4330864
2007,Imports,SWITZERLAND,2644945
2007,Imports,CANADA,2323430
2007,Imports,BELGIUM,2208647
2007,Imports,AUSTRIA,2001596
2007,Imports,ITALY,1584792
2007,Imports,HUNGARY,1550041
2007,Imports,COSTA RICA,1327126
2007,Imports,INDIA,1291656
2007,Imports,CZECH REPUBLIC,1270724
2007,Imports,AUSTRALIA,1119928
2007,Imports,SPAIN,1060499
2007,Imports,"SOUTH AFRICA, REP. OF",924113
2007,Imports,DENMARK,857996
2007,Imports,VIETNAM,608879
2007,Imports,MEXICO,574478
2007,Imports,SWEDEN,142601
2007,Imports,BRAZIL,140657
2007,Imports,BRUNEI DARUSSALAM,131845
2007,Imports,UNITED ARAB EMIRATES,88593
2007,Imports,TURKEY,61137
2007,Imports,MALTA,34972
2007,Imports,ROMANIA,17755
2007,Imports,NEPAL,12492
2007,Imports,NIGERIA,10886
2007,Imports,SRI LANKA (CEYLON),9980
2007,Imports,POLAND,3328
2007,Imports,MACAU,3221
2007,Imports,BURUNDI,2657
2007,Imports,NEW ZEALAND,2406
2007,Imports,PORTUGAL,1861
2007,Imports,BULGARIA,969
2007,Imports,CHILE,389
2007,Imports,RUSSIA,333
2007,Imports,CUBA,288
2008,Exports,NETHERLANDS,2445919480
2008,Exports,HONG KONG,1801280669
2008,Exports,GERMANY,766903250
2008,Exports,JAPAN,452297320
2008,Exports,TAIWAN,320405821
2008,Exports,SINGAPORE,316187581
2008,Exports,"KOREA, REP. (SOUTH)",147503700
2008,Exports,UNITED STATES,94647038
2008,Exports,CHINA,70765880
2008,Exports,THAILAND,37666240
2008,Exports,INDONESIA,34975487
2008,Exports,MALAYSIA,32142598
2008,Exports,CZECH REPUBLIC,10602291
2008,Exports,SPAIN,9144319
2008,Exports,MEXICO,4544411
2008,Exports,AUSTRIA,4187863
2008,Exports,UNITED KINGDOM,4046400
2008,Exports,ANDORRA,2194039
2008,Exports,CANADA,1933409
2008,Exports,HUNGARY,1829204
2008,Exports,BELGIUM,1498924
2008,Exports,AUSTRALIA,1143577
2008,Exports,FRANCE,1023491
2008,Exports,ISRAEL,788812
2008,Exports,ESTONIA,779944
2008,Exports,INDIA,758838
2008,Exports,SWITZERLAND,634239
2008,Exports,BRAZIL,451619
2008,Exports,SWEDEN,434729
2008,Exports,POLAND,395725
2008,Exports,SAUDI ARABIA,245801
2008,Exports,TURKEY,240821
2008,Exports,COSTA RICA,217186
2008,Exports,BURUNDI,198970
2008,Exports,FINLAND,188745
2008,Exports,ROMANIA,187008
2008,Exports,MOROCCO,177039
2008,Exports,ITALY,166718
2008,Exports,PORTUGAL,115940
2008,Exports,"SOUTH AFRICA, REP. OF",102082
2008,Exports,LIECHTENSTEIN,101986
2008,Exports,ARGENTINA,76758
2008,Exports,LESOTHO,44744
2008,Exports,SLOVAKIA,43879
2008,Exports,GEORGIA,17323
2008,Exports,NEPAL,15325
2008,Exports,IRELAND,12051
2008,Exports,NEW ZEALAND (EXCLUDES WESTERN SAMOA),11380
2008,Exports,BULGARIA,9233
2008,Exports,BANGLADESH,9120
2008,Exports,VIRGIN ISLANDS (BRITISH),7258
2008,Exports,VIETNAM,7253
2008,Exports,SLOVENIA,4950
2008,Exports,COLOMBIA,3561
2008,Exports,DENMARK,2420
2008,Exports,"PAKISTAN, ISLAMIC REP. OF",1616
2008,Exports,SWAZILAND,1187
2008,Exports,UKRAINE (UKRAINIAN S.S.R.),1073
2008,Exports,NORWAY,964
2008,Exports,EGYPT ARAB REPUBLIC,836
2008,Exports,NIGER,616
2008,Exports,MACAU,482
2008,Exports,JORDAN,431
2008,Exports,PERU,365
2008,Exports,BOLIVIA,333
2008,Exports,RUSSIA,280
2008,Exports,GREECE,273
2008,Exports,LITHUANIA,270
2008,Exports,ETHIOPIA,113
2008,Exports,TUNISIA,81
2008,Exports,"JAMAICA (EXCLUDES CAYMAN IS.,TURKS,CAICOS)",46
2008,Exports,MONGOLIA,40
2008,Exports,PARAGUAY,29
2008,Imports,UNITED STATES,1941243670
2008,Imports,TAIWAN,881372561
2008,Imports,JAPAN,876498165
2008,Imports,SINGAPORE,544301732
2008,Imports,"KOREA, REP. (SOUTH)",477178527
2008,Imports,CHINA,354725943
2008,Imports,NETHERLANDS,178263658
2008,Imports,MALAYSIA,167835259
2008,Imports,GERMANY,128109489
2008,Imports,FRANCE,114352938
2008,Imports,HONG KONG,91169751
2008,Imports,UNITED KINGDOM,90820930
2008,Imports,THAILAND,57530143
2008,Imports,FINLAND,15111334
2008,Imports,INDONESIA,5076969
2008,Imports,ISRAEL,4189929
2008,Imports,MEXICO,2979404
2008,Imports,CANADA,2875407
2008,Imports,IRELAND,2686372
2008,Imports,"SOUTH AFRICA, REP. OF",2243776
2008,Imports,DENMARK,2057057
2008,Imports,BELGIUM,1998363
2008,Imports,SWITZERLAND,1696248
2008,Imports,AUSTRIA,1462597
2008,Imports,ITALY,1157170
2008,Imports,HUNGARY,1002898
2008,Imports,AUSTRALIA,993480
2008,Imports,CZECH REPUBLIC,805197
2008,Imports,VIETNAM,701023
2008,Imports,INDIA,347949
2008,Imports,UNITED ARAB EMIRATES,241274
2008,Imports,NIGER,229678
2008,Imports,COSTA RICA,227239
2008,Imports,SPAIN,206247
2008,Imports,SWEDEN,145224
2008,Imports,NEPAL,96935
2008,Imports,BRAZIL,89549
2008,Imports,SLOVAKIA,74138
2008,Imports,CROATIA,55794
2008,Imports,NORWAY,55467
2008,Imports,SRI LANKA (CEYLON),49964
2008,Imports,AFGHANISTAN,31723
2008,Imports,LUXEMBOURG,19303
2008,Imports,MACAU,10813
2008,Imports,PORTUGAL,3556
2008,Imports,PACIFIC TRUST TERRITORY,3062
2008,Imports,RUSSIA,2301
2008,Imports,GREECE,1605
2008,Imports,PERU,1493
2008,Imports,ROMANIA,1084
2008,Imports,ESTONIA,536
2008,Imports,ARGENTINA,513
2008,Imports,TURKEY,309
2009,Exports,NETHERLANDS,1989593022
2009,Exports,HONG KONG,1600233556
2009,Exports,GERMANY,854972109
2009,Exports,SINGAPORE,651505008
2009,Exports,JAPAN,616397949
2009,Exports,TAIWAN,358206041
2009,Exports,"KOREA, REP. (SOUTH)",217012917
2009,Exports,UNITED STATES,114011237
2009,Exports,CHINA,112976066
2009,Exports,THAILAND,50990110
2009,Exports,MALAYSIA,27656601
2009,Exports,INDIA,19451671
2009,Exports,FRANCE,13246380
2009,Exports,HUNGARY,11889389
2009,Exports,MEXICO,11754768
2009,Exports,UNITED KINGDOM,9843424
2009,Exports,INDONESIA,9123140
2009,Exports,ITALY,7596512
2009,Exports,SWITZERLAND,6175417
2009,Exports,BRAZIL,3736138
2009,Exports,FINLAND,2759341
2009,Exports,TURKEY,2535390
2009,Exports,VIETNAM,2465620
2009,Exports,SWEDEN,1828745
2009,Exports,CZECH REPUBLIC,1659607
2009,Exports,ANDORRA,1341393
2009,Exports,ISRAEL,1129242
2009,Exports,BELGIUM,1051461
2009,Exports,AUSTRIA,894017
2009,Exports,AUSTRALIA,697194
2009,Exports,POLAND,578486
2009,Exports,ROMANIA,541712
2009,Exports,PORTUGAL,433425
2009,Exports,SPAIN,210433
2009,Exports,ZIMBABWE (RHODESIA),210072
2009,Exports,CANADA,177225
2009,Exports,ESTONIA,101269
2009,Exports,IRELAND,51781
2009,Exports,BURUNDI,8879
2009,Exports,"SOUTH AFRICA, REP. OF",4430
2009,Exports,UGANDA,3777
2009,Exports,COLOMBIA,3494
2009,Exports,SAUDI ARABIA,3476
2009,Exports,ICELAND,2400
2009,Exports,VANUATU (NEW HEBRIDES),1838
2009,Exports,CUBA,1400
2009,Exports,UKRAINE (UKRAINIAN S.S.R.),816
2009,Exports,SRI LANKA (CEYLON),635
2009,Exports,GEORGIA,257
2009,Exports,NORWAY,76
2009,Exports,REUNION,63
2009,Exports,RUSSIA,59
2009,Exports,DENMARK,42
2009,Exports,"PAKISTAN, ISLAMIC REP. OF",38
2009,Exports,PARAGUAY,35
2009,Exports,CHILE,29
2009,Exports,LIECHTENSTEIN,28
2009,Imports,UNITED STATES,1712291544
2009,Imports,JAPAN,667986962
2009,Imports,TAIWAN,544622357
2009,Imports,SINGAPORE,519712753
2009,Imports,"KOREA, REP. (SOUTH)",485814409
2009,Imports,CHINA,255144916
2009,Imports,MALAYSIA,121068869
2009,Imports,FRANCE,117047798
2009,Imports,HONG KONG,88057870
2009,Imports,GERMANY,87724569
2009,Imports,NETHERLANDS,70577257
2009,Imports,THAILAND,45385448
2009,Imports,UNITED KINGDOM,45053712
2009,Imports,FINLAND,7745560
2009,Imports,INDONESIA,4954018
2009,Imports,MEXICO,3991097
2009,Imports,ISRAEL,3067741
2009,Imports,"SOUTH AFRICA, REP. OF",2705508
2009,Imports,NORWAY,2568064
2009,Imports,SWITZERLAND,1683835
2009,Imports,BELGIUM,1554789
2009,Imports,CZECH REPUBLIC,1300747
2009,Imports,VIETNAM,1013191
2009,Imports,HUNGARY,749569
2009,Imports,ITALY,727957
2009,Imports,IRELAND,577179
2009,Imports,DENMARK,504818
2009,Imports,INDIA,328122
2009,Imports,BRAZIL,305769
2009,Imports,SWEDEN,291785
2009,Imports,UNITED ARAB EMIRATES,251673
2009,Imports,BURUNDI,242944
2009,Imports,AUSTRIA,169151
2009,Imports,COSTA RICA,161029
2009,Imports,AUSTRALIA,135404
2009,Imports,CANADA,134205
2009,Imports,MACAU,99819
2009,Imports,SPAIN,86512
2009,Imports,MOROCCO,68643
2009,Imports,NEW ZEALAND (EXCLUDES WESTERN SAMOA),61284
2009,Imports,NEPAL,55535
2009,Imports,AFGHANISTAN,43421
2009,Imports,SLOVAKIA,32010
2009,Imports,NIGER,26022
2009,Imports,LIECHTENSTEIN,22909
2009,Imports,ST. HELENA,14908
2009,Imports,RUSSIA,9049
2009,Imports,CHILE,8454
2009,Imports,POLAND,8426
2009,Imports,PORTUGAL,6608
2009,Imports,SRI LANKA (CEYLON),5480
2009,Imports,MALTA,4879
2009,Imports,PANAMA,2733
2009,Imports,SLOVENIA,1499
2009,Imports,ROMANIA,1279
2009,Imports,CROATIA,516
2009,Imports,UKRAINE (UKRAINIAN S.S.R.),386
2010,Exports,HONG KONG,2111422826
2010,Exports,NETHERLANDS,1056162345
2010,Exports,CHINA,961682883
2010,Exports,SINGAPORE,921077634
2010,Exports,GERMANY,915251476
2010,Exports,"KOREA, REP. (SOUTH)",657603324
2010,Exports,JAPAN,602287358
2010,Exports,TAIWAN,525511970
2010,Exports,UNITED STATES,374436894
2010,Exports,INDIA,148780388
2010,Exports,FRANCE,133504479
2010,Exports,THAILAND,112177143
2010,Exports,ITALY,100380366
2010,Exports,MALAYSIA,97640988
2010,Exports,HUNGARY,66310726
2010,Exports,AUSTRIA,36127883
2010,Exports,BRAZIL,31469409
2010,Exports,SWITZERLAND,29745681
2010,Exports,MEXICO,23764343
2010,Exports,UNITED KINGDOM,19512489
2010,Exports,SPAIN,15302341
2010,Exports,CZECH REPUBLIC,14239029
2010,Exports,INDONESIA,9027036
2010,Exports,GREECE,8634715
2010,Exports,BELGIUM,7573947
2010,Exports,FINLAND,7301645
2010,Exports,SWEDEN,6635251
2010,Exports,CANADA,5268118
2010,Exports,VIETNAM,5241317
2010,Exports,AUSTRALIA,4412317
2010,Exports,TURKEY,4186918
2010,Exports,ISRAEL,2081727
2010,Exports,LUXEMBOURG,1629388
2010,Exports,ROMANIA,1461511
2010,Exports,POLAND,1431155
2010,Exports,LIECHTENSTEIN,1146883
2010,Exports,"SOUTH AFRICA, REP. OF",826036
2010,Exports,SLOVAKIA,662475
2010,Exports,PORTUGAL,659218
2010,Exports,UNITED ARAB EMIRATES,452256
2010,Exports,ESTONIA,450190
2010,Exports,ANDORRA,413898
2010,Exports,IRELAND,337653
2010,Exports,SLOVENIA,331531
2010,Exports,NORWAY,264000
2010,Exports,MOROCCO,240160
2010,Exports,NORFOLK ISLAND,119824
2010,Exports,TUNISIA,115235
2010,Exports,ARGENTINA,110120
2010,Exports,MALTA,108054
2010,Exports,NEW ZEALAND (EXCLUDES WESTERN SAMOA),107007
2010,Exports,COTE D' IVOIRE (IVORY COAST),35473
2010,Exports,ZIMBABWE (RHODESIA),35106
2010,Exports,ICELAND,32580
2010,Exports,COLOMBIA,22050
2010,Exports,RUSSIA,19328
2010,Exports,DENMARK,18896
2010,Exports,FRENCH GUIANA,15064
2010,Exports,EL SALVADOR,8755
2010,Exports,COSTA RICA,5760
2010,Exports,MONACO,4003
2010,Exports,NETHERLANDS ANTILLES (EXCLUDES ARUBA),3440
2010,Exports,BURUNDI,2820
2010,Exports,PACIFIC TRUST TERRITORY,2000
2010,Exports,VATICAN CITY STATE,1545
2010,Exports,SRI LANKA (CEYLON),936
2010,Exports,SENEGAL,693
2010,Exports,EAST TIMOR,551
2010,Exports,UKRAINE (UKRAINIAN S.S.R.),483
2010,Exports,PANAMA,130
2010,Imports,UNITED STATES,1934315550
2010,Imports,JAPAN,952197926
2010,Imports,TAIWAN,879247543
2010,Imports,SINGAPORE,715398730
2010,Imports,"KOREA, REP. (SOUTH)",649724089
2010,Imports,CHINA,290534207
2010,Imports,MALAYSIA,194899487
2010,Imports,FRANCE,140547191
2010,Imports,HONG KONG,122298086
2010,Imports,GERMANY,92061195
2010,Imports,THAILAND,62915092
2010,Imports,UNITED KINGDOM,50485251
2010,Imports,NORWAY,40974157
2010,Imports,NETHERLANDS,38805363
2010,Imports,FINLAND,19151741
2010,Imports,ISRAEL,3544978
2010,Imports,INDONESIA,3321416
2010,Imports,AUSTRIA,2492279
2010,Imports,SWEDEN,2154896
2010,Imports,BELGIUM,2032177
2010,Imports,IRELAND,1996234
2010,Imports,VIETNAM,1368648
2010,Imports,SWITZERLAND,1252294
2010,Imports,MEXICO,1068184
2010,Imports,CZECH REPUBLIC,1064848
2010,Imports,UNITED ARAB EMIRATES,676963
2010,Imports,ITALY,669003
2010,Imports,INDIA,562127
2010,Imports,BRUNEI DARUSSALAM,483907
2010,Imports,HUNGARY,456411
2010,Imports,BRAZIL,449728
2010,Imports,SPAIN,406117
2010,Imports,MOROCCO,342931
2010,Imports,COSTA RICA,322812
2010,Imports,"SOUTH AFRICA, REP. OF",319624
2010,Imports,BULGARIA,295054
2010,Imports,DENMARK,275968
2010,Imports,BURUNDI,184631
2010,Imports,MACAU,179591
2010,Imports,NEPAL,130425
2010,Imports,EGYPT ARAB REPUBLIC,100692
2010,Imports,CANADA,74680
2010,Imports,NIGER,72550
2010,Imports,MYANMAR,67406
2010,Imports,BOSNIA AND HERZEGOVINA,46242
2010,Imports,AUSTRALIA,44397
2010,Imports,MALTA,29795
2010,Imports,PORTUGAL,24464
2010,Imports,POLAND,23554
2010,Imports,RUSSIA,23115
2010,Imports,NEW ZEALAND (EXCLUDES WESTERN SAMOA),17145
2010,Imports,ROMANIA,11340
2010,Imports,PACIFIC TRUST TERRITORY,9565
2010,Imports,ICELAND,2534
2010,Imports,SLOVENIA,1888
2010,Imports,PARAGUAY,1775
2010,Imports,ARGENTINA,1272
2010,Imports,UKRAINE (UKRAINIAN S.S.R.),509
2010,Imports,SRI LANKA (CEYLON),366
2010,Imports,GREECE,196
2011,Exports,SINGAPORE,1336931319
2011,Exports,HONG KONG,1259509552
2011,Exports,JAPAN,1009462422
2011,Exports,CHINA,800829816
2011,Exports,UNITED STATES,747420338
2011,Exports,TAIWAN,516534048
2011,Exports,"KOREA, REP. (SOUTH)",483260980
2011,Exports,NETHERLANDS,458697648
2011,Exports,GERMANY,362402135
2011,Exports,FRANCE,267121741
2011,Exports,MALAYSIA,125142017
2011,Exports,THAILAND,95328368
2011,Exports,INDIA,78231755
2011,Exports,AUSTRIA,63409370
2011,Exports,VIETNAM,62046031
2011,Exports,HUNGARY,56884591
2011,Exports,MEXICO,55572564
2011,Exports,ITALY,52469094
2011,Exports,SWITZERLAND,40792886
2011,Exports,CANADA,24913931
2011,Exports,INDONESIA,17568309
2011,Exports,UNITED KINGDOM,17054563
2011,Exports,CZECH REPUBLIC,14413830
2011,Exports,BELGIUM,12826978
2011,Exports,SWEDEN,11968583
2011,Exports,AUSTRALIA,11495647
2011,Exports,BRAZIL,8693134
2011,Exports,SPAIN,8038198
2011,Exports,ISRAEL,3454587
2011,Exports,"SOUTH AFRICA, REP. OF",2948176
2011,Exports,TURKEY,2708857
2011,Exports,GREECE,2539541
2011,Exports,NORWAY,1849340
2011,Exports,ROMANIA,1819055
2011,Exports,LEBANON,1420540
2011,Exports,POLAND,1203456
2011,Exports,FRENCH POLYNESIA,1157995
2011,Exports,ESTONIA,1082160
2011,Exports,PORTUGAL,1065367
2011,Exports,FINLAND,579763
2011,Exports,TUNISIA,377872
2011,Exports,MALTA,304673
2011,Exports,MOROCCO,303268
2011,Exports,IRELAND,298238
2011,Exports,ARGENTINA,273989
2011,Exports,SLOVAKIA,234747
2011,Exports,CYPRUS,216431
2011,Exports,UNITED ARAB EMIRATES,145765
2011,Exports,NEW ZEALAND (EXCLUDES WESTERN SAMOA),117434
2011,Exports,BULGARIA,107458
2011,Exports,COLOMBIA,96074
2011,Exports,DENMARK,96070
2011,Exports,RUSSIA,81480
2011,Exports,GEORGIA,31671
2011,Exports,NIGER,22241
2011,Exports,BRUNEI DARUSSALAM,3582
2011,Exports,SWAZILAND,3402
2011,Exports,COSTA RICA,3040
2011,Exports,TOKELAU,2800
2011,Exports,PERU,2640
2011,Exports,ANDORRA,700
2011,Exports,UKRAINE (UKRAINIAN S.S.R.),420
2011,Exports,BAHRAIN,316
2011,Exports,SLOVENIA,84
2011,Exports,LIECHTENSTEIN,63
2011,Exports,PAPUA NEW GUINEA,52
2011,Exports,"PAKISTAN, ISLAMIC REP. OF",50
2011,Imports,UNITED STATES,1494032743
2011,Imports,TAIWAN,771721616
2011,Imports,JAPAN,654167593
2011,Imports,"KOREA, REP. (SOUTH)",505220337
2011,Imports,SINGAPORE,481176231
2011,Imports,MALAYSIA,174478966
2011,Imports,CHINA,155380011
2011,Imports,FRANCE,115121577
2011,Imports,HONG KONG,100497378
2011,Imports,GERMANY,84081318
2011,Imports,THAILAND,65196363
2011,Imports,UNITED KINGDOM,36851386
2011,Imports,NETHERLANDS,32292021
2011,Imports,FINLAND,27270135
2011,Imports,NORWAY,12510263
2011,Imports,ITALY,2390883
2011,Imports,MEXICO,1847442
2011,Imports,MALTA,1758289
2011,Imports,AUSTRIA,1708217
2011,Imports,CZECH REPUBLIC,1537087
2011,Imports,BELGIUM,1230532
2011,Imports,SWITZERLAND,1210514
2011,Imports,IRELAND,1054420
2011,Imports,COSTA RICA,883579
2011,Imports,ROMANIA,852405
2011,Imports,VIETNAM,842665
2011,Imports,INDONESIA,833815
2011,Imports,ISRAEL,751923
2011,Imports,NEPAL,515144
2011,Imports,SWEDEN,485469
2011,Imports,INDIA,403699
2011,Imports,BULGARIA,260695
2011,Imports,CANADA,243997
2011,Imports,AUSTRALIA,214476
2011,Imports,"SOUTH AFRICA, REP. OF",201248
2011,Imports,BRAZIL,198339
2011,Imports,HUNGARY,186974
2011,Imports,MACAU,178371
2011,Imports,RUSSIA,153761
2011,Imports,DENMARK,98276
2011,Imports,NEW ZEALAND (EXCLUDES WESTERN SAMOA),64964
2011,Imports,LIECHTENSTEIN,59653
2011,Imports,UNITED ARAB EMIRATES,34166
2011,Imports,LUXEMBOURG,33022
2011,Imports,PORTUGAL,26769
2011,Imports,SPAIN,24851
2011,Imports,TUNISIA,13307
2011,Imports,BURUNDI,11224
2011,Imports,MOROCCO,8860
2011,Imports,SLOVENIA,7192
2011,Imports,NICARAGUA,6101
2011,Imports,MALAWI,2290
2011,Imports,BOSNIA AND HERZEGOVINA,1150
2011,Imports,POLAND,582
2012,Exports,SINGAPORE,2470147879
2012,Exports,HONG KONG,1908671584
2012,Exports,JAPAN,1068446386
2012,Exports,UNITED STATES,942711249
2012,Exports,TAIWAN,924259844
2012,Exports,CHINA,785095155
2012,Exports,"KOREA, REP. (SOUTH)",533336355
2012,Exports,NETHERLANDS,412801079
2012,Exports,GERMANY,370212584
2012,Exports,THAILAND,261521385
2012,Exports,MALAYSIA,225790288
2012,Exports,FRANCE,185703938
2012,Exports,AUSTRIA,61177514
2012,Exports,VIETNAM,48779494
2012,Exports,MEXICO,44955233
2012,Exports,INDIA,40947129
2012,Exports,ITALY,23948231
2012,Exports,CANADA,22584051
2012,Exports,SWITZERLAND,20295314
2012,Exports,HUNGARY,19389659
2012,Exports,BRAZIL,14234246
2012,Exports,INDONESIA,13422763
2012,Exports,SWEDEN,12846783
2012,Exports,UNITED KINGDOM,11111627
2012,Exports,BELGIUM,9169024
2012,Exports,ISRAEL,7422072
2012,Exports,COSTA RICA,7319640
2012,Exports,CZECH REPUBLIC,6250247
2012,Exports,BULGARIA,5497401
2012,Exports,POLAND,5225005
2012,Exports,AUSTRALIA,4328084
2012,Exports,MALTA,4032266
2012,Exports,ESTONIA,3140361
2012,Exports,NORWAY,2934853
2012,Exports,DENMARK,2103508
2012,Exports,TUNISIA,2074299
2012,Exports,"SOUTH AFRICA, REP. OF",1682272
2012,Exports,TURKEY,1630999
2012,Exports,ROMANIA,1201723
2012,Exports,SLOVAKIA,1073867
2012,Exports,COLOMBIA,1031318
2012,Exports,PORTUGAL,916927
2012,Exports,IRELAND,738900
2012,Exports,ARGENTINA,717545
2012,Exports,SENEGAL,615313
2012,Exports,SPAIN,485422
2012,Exports,FINLAND,425759
2012,Exports,PERU,417245
2012,Exports,RUSSIA,321041
2012,Exports,GREECE,268922
2012,Exports,NEW ZEALAND (EXCLUDES WESTERN SAMOA),191257
2012,Exports,"KOREA, DPR (NORTH)",174120
2012,Exports,NIGER,130735
2012,Exports,MALI (WEST AFRICA),126844
2012,Exports,AZORES,121614
2012,Exports,CHILE,99812
2012,Exports,SEYCHELLES REPUBLIC,93000
2012,Exports,HAITI,64710
2012,Exports,KAZAKHSTAN,63391
2012,Exports,VENEZUELA,57792
2012,Exports,SLOVENIA,57241
2012,Exports,LIECHTENSTEIN,53347
2012,Exports,UKRAINE,46280
2012,Exports,MAURITIUS,44100
2012,Exports,CANARY ISLANDS,37165
2012,Exports,URUGUAY,35243
2012,Exports,MOROCCO,34607
2012,Exports,LATVIA,33105
2012,Exports,"MOLDOVA, REPUBLIC OF",19799
2012,Exports,SWAZILAND,18088
2012,Exports,ECUADOR,13888
2012,Exports,BRITISH INDIAN OCEAN TERRITORY,8448
2012,Exports,EGYPT ARAB REPUBLIC,6973
2012,Exports,SAUDI ARABIA,4435
2012,Exports,NOT SPECIFIED,4074
2012,Exports,BOLIVIA,3527
2012,Exports,MACAU,2145
2012,Exports,SIERRA LEONE,1005
2012,Exports,GUYANA,550
2012,Exports,BAHRAIN,500
2012,Exports,UNITED ARAB EMIRATES,490
2012,Exports,SRI LANKA (CEYLON),391
2012,Exports,ANGOLA,268
2012,Exports,U.S. MINOR OUTLYING ISLANDS,257
2012,Exports,PAPUA NEW GUINEA,139
2012,Exports,ARMENIA,100
2012,Exports,IRAN,100
2012,Imports,UNITED STATES,1813954428
2012,Imports,TAIWAN,835948991
2012,Imports,JAPAN,773011591
2012,Imports,"KOREA, REP. (SOUTH)",565592252
2012,Imports,SINGAPORE,446989064
2012,Imports,CHINA,201497798
2012,Imports,MALAYSIA,182913992
2012,Imports,FRANCE,156019343
2012,Imports,GERMANY,95151834
2012,Imports,HONG KONG,73012113
2012,Imports,THAILAND,44523555
2012,Imports,UNITED KINGDOM,37954463
2012,Imports,NETHERLANDS,35455832
2012,Imports,FINLAND,28136395
2012,Imports,ITALY,20389629
2012,Imports,MEXICO,13531425
2012,Imports,NORWAY,9993087
2012,Imports,SWITZERLAND,4630691
2012,Imports,MALTA,2713399
2012,Imports,"TANZANIA, UNITED REP. OF",2314854
2012,Imports,INDONESIA,1410723
2012,Imports,BELGIUM,1343043
2012,Imports,IRELAND,1250542
2012,Imports,COSTA RICA,1157863
2012,Imports,VIETNAM,1062942
2012,Imports,CANADA,894759
2012,Imports,DENMARK,576222
2012,Imports,AUSTRIA,567090
2012,Imports,INDIA,539522
2012,Imports,SPAIN,360275
2012,Imports,SWEDEN,325416
2012,Imports,CZECH REPUBLIC,246639
2012,Imports,TURKEY,217237
2012,Imports,ISRAEL,174066
2012,Imports,GREECE,117335
2012,Imports,AUSTRALIA,103804
2012,Imports,"SOUTH AFRICA, REP. OF",76782
2012,Imports,ROMANIA,64940
2012,Imports,JORDAN,62858
2012,Imports,"HONDURAS, REPUBLIC OF",58862
2012,Imports,HUNGARY,46016
2012,Imports,BULGARIA,31500
2012,Imports,NEPAL,17315
2012,Imports,UNITED ARAB EMIRATES,7046
2012,Imports,SLOVENIA,5797
2012,Imports,QATAR,4832
2012,Imports,PORTUGAL,4044
2012,Imports,RUSSIA,3799
2012,Imports,MACAU,3647
2012,Imports,NEW ZEALAND (EXCLUDES WESTERN SAMOA),3444
2012,Imports,TOGO,3111
2012,Imports,BRAZIL,2721
2012,Imports,MOROCCO,2535
2012,Imports,PERU,2284
2012,Imports,SLOVAKIA,596
2012,Imports,ESTONIA,206
2013,Exports,SINGAPORE,2547899885
2013,Exports,HONG KONG,2311956695
2013,Exports,JAPAN,1596614193
2013,Exports,TAIWAN,1106380916
2013,Exports,UNITED STATES,1002697190
2013,Exports,CHINA,922894515
2013,Exports,GERMANY,790850678
2013,Exports,"KOREA, REP. (SOUTH)",671240989
2013,Exports,NETHERLANDS,612756655
2013,Exports,MALAYSIA,350531183
2013,Exports,THAILAND,295911015
2013,Exports,VIETNAM,151175270
2013,Exports,FRANCE,138821729
2013,Exports,SWEDEN,138647451
2013,Exports,AUSTRIA,116075168
2013,Exports,MEXICO,55135568
2013,Exports,INDIA,52930814
2013,Exports,COSTA RICA,41968820
2013,Exports,CANADA,25343619
2013,Exports,BULGARIA,22718578
2013,Exports,BELGIUM,20405046
2013,Exports,SWITZERLAND,20015405
2013,Exports,ITALY,15806832
2013,Exports,INDONESIA,14262265
2013,Exports,CZECH REPUBLIC,13551700
2013,Exports,BRAZIL,13124033
2013,Exports,UNITED KINGDOM,12568730
2013,Exports,NORWAY,12268777
2013,Exports,HUNGARY,9440155
2013,Exports,MALTA,6936984
2013,Exports,AUSTRALIA,6144657
2013,Exports,ISRAEL,5342912
2013,Exports,NETHERLANDS ANTILLES,4992503
2013,Exports,IRELAND,3694202
2013,Exports,TUNISIA,3289863
2013,Exports,"SOUTH AFRICA, REP. OF",2752735
2013,Exports,ROMANIA,2533519
2013,Exports,POLAND,2155364
2013,Exports,"KOREA, DPR (NORTH)",2084137
2013,Exports,PORTUGAL,1875776
2013,Exports,SLOVAKIA,1802361
2013,Exports,TURKEY,1111716
2013,Exports,ESTONIA,818540
2013,Exports,SPAIN,501951
2013,Exports,DENMARK,480637
2013,Exports,FINLAND,450418
2013,Exports,NEW ZEALAND,371409
2013,Exports,RUSSIA,360084
2013,Exports,SLOVENIA,296728
2013,Exports,ARGENTINA,257912
2013,Exports,COLOMBIA,199492
2013,Exports,LITHUANIA,194848
2013,Exports,NEUTRAL ZONE,177381
2013,Exports,MOROCCO,142947
2013,Exports,VIRGIN ISLANDS (U.S.),122155
2013,Exports,IRAN,117853
2013,Exports,"MICRONESIA, FEDERATED STATES OF",106733
2013,Exports,SWAZILAND,83602
2013,Exports,NEPAL,68477
2013,Exports,ANDORRA,55188
2013,Exports,AFGHANISTAN,54545
2013,Exports,SRI LANKA (CEYLON),43831
2013,Exports,URUGUAY,39509
2013,Exports,PERU,38174
2013,Exports,BANGLADESH,37475
2013,Exports,EGYPT ARAB REPUBLIC,35153
2013,Exports,VENEZUELA,27642
2013,Exports,PAPUA NEW GUINEA,27585
2013,Exports,CHILE,22028
2013,Exports,UKRAINE (UKRAINIAN S.S.R.),18349
2013,Exports,BOLIVIA,17527
2013,Exports,ST. HELENA,15411
2013,Exports,SAUDI ARABIA,13120
2013,Exports,QATAR,12312
2013,Exports,TIMOR-LESTE (EAST TIMOR),11454
2013,Exports,LUXEMBOURG,4000
2013,Exports,ECUADOR,3191
2013,Exports,SENEGAL,3000
2013,Exports,U.S. MINOR OUTLYING ISLANDS,2808
2013,Exports,BAHRAIN,2060
2013,Exports,KYRGYZSTAN,1403
2013,Exports,CYPRUS,1248
2013,Exports,GEORGIA,936
2013,Exports,GREECE,924
2013,Exports,MACAU,810
2013,Exports,PARAGUAY,712
2013,Exports,"HONDURAS, REPUBLIC OF",361
2013,Exports,UNITED ARAB EMIRATES,309
2013,Exports,CHAD,163
2013,Exports,ICELAND,152
2013,Exports,OMAN,145
2013,Exports,CROATIA,125
2013,Exports,GUATEMALA,94
2013,Exports,SERBIA,78
2013,Exports,FRENCH POLYNESIA,50
2013,Exports,LIECHTENSTEIN,50
2013,Exports,KENYA,32
2013,Exports,"MOLDOVA, REPUBLIC OF",28
2013,Imports,UNITED STATES,1417325761
2013,Imports,TAIWAN,676364017
2013,Imports,JAPAN,523948438
2013,Imports,"KOREA, REP. (SOUTH)",282691400
2013,Imports,SINGAPORE,262987174
2013,Imports,CHINA,205266112
2013,Imports,MALAYSIA,154872555
2013,Imports,FRANCE,119146127
2013,Imports,GERMANY,87184981
2013,Imports,HONG KONG,60155628
2013,Imports,THAILAND,29839206
2013,Imports,NETHERLANDS,26688926
2013,Imports,UNITED KINGDOM,25639540
2013,Imports,ITALY,11622431
2013,Imports,FINLAND,11057130
2013,Imports,MEXICO,9891616
2013,Imports,MALTA,2874126
2013,Imports,AUSTRIA,1522552
2013,Imports,BELGIUM,1504467
2013,Imports,SPAIN,1168839
2013,Imports,CANADA,799504
2013,Imports,IRELAND,784708
2013,Imports,COSTA RICA,683868
2013,Imports,INDONESIA,360870
2013,Imports,SWITZERLAND,329947
2013,Imports,INDIA,315270
2013,Imports,VIETNAM,294666
2013,Imports,BULGARIA,237812
2013,Imports,SWEDEN,190544
2013,Imports,"SOUTH AFRICA, REP. OF",154704
2013,Imports,ISRAEL,135691
2013,Imports,AUSTRALIA,111057
2013,Imports,POLAND,66091
2013,Imports,DENMARK,63463
2013,Imports,NORWAY,50617
2013,Imports,HUNGARY,46266
2013,Imports,CZECH REPUBLIC,29950
2013,Imports,LIECHTENSTEIN,23671
2013,Imports,UNITED ARAB EMIRATES,16829
2013,Imports,ROMANIA,16031
2013,Imports,MOROCCO,10134
2013,Imports,MACAU,8657
2013,Imports,LUXEMBOURG,4073
2013,Imports,BRAZIL,3304
2013,Imports,TURKEY,1632
2013,Imports,SAUDI ARABIA,1627
2013,Imports,RUSSIA,1514
2013,Imports,SLOVENIA,1257
2013,Imports,CHILE,706
2013,Imports,NEW ZEALAND,565
2013,Imports,NIGERIA,461
2013,Imports,PORTUGAL,427
2013,Imports,OMAN,153
2014,Exports,HONG KONG,3186268611
2014,Exports,SINGAPORE,2791982173
2014,Exports,JAPAN,1893635165
2014,Exports,CHINA,1498657494
2014,Exports,TAIWAN,1458923338
2014,Exports,UNITED STATES,1103668056
2014,Exports,GERMANY,1055630526
2014,Exports,NETHERLANDS,730167231
2014,Exports,"KOREA, REP. (SOUTH)",448300766
2014,Exports,MALAYSIA,415637747
2014,Exports,THAILAND,392969291
2014,Exports,FRANCE,160517238
2014,Exports,SWEDEN,128523236
2014,Exports,VIETNAM,76984753
2014,Exports,AUSTRIA,68578174
2014,Exports,MEXICO,54882606
2014,Exports,SWITZERLAND,48305553
2014,Exports,CZECH REPUBLIC,28570016
2014,Exports,UNITED KINGDOM,27172677
2014,Exports,BELGIUM,22578958
2014,Exports,BULGARIA,15720599
2014,Exports,COSTA RICA,15030513
2014,Exports,CANADA,14253617
2014,Exports,INDONESIA,13769224
2014,Exports,INDIA,12824642
2014,Exports,ITALY,11721036
2014,Exports,BRAZIL,10521588
2014,Exports,HUNGARY,9079060
2014,Exports,ISRAEL,8173502
2014,Exports,IRELAND,7958638
2014,Exports,NETHERLANDS ANTILLES,5698807
2014,Exports,MALTA,4906356
2014,Exports,TUNISIA,3840481
2014,Exports,FINLAND,3308104
2014,Exports,"KOREA, DPR (NORTH)",3299979
2014,Exports,AUSTRALIA,3068557
2014,Exports,POLAND,3039802
2014,Exports,DENMARK,2862933
2014,Exports,ROMANIA,2807181
2014,Exports,PORTUGAL,2503088
2014,Exports,TURKEY,2344718
2014,Exports,"SOUTH AFRICA, REP. OF",2092612
2014,Exports,NORWAY,1993901
2014,Exports,SLOVAKIA,1885913
2014,Exports,AFGHANISTAN,675064
2014,Exports,RUSSIA,580537
2014,Exports,SPAIN,545770
2014,Exports,SAUDI ARABIA,544075
2014,Exports,ESTONIA,475045
2014,Exports,SLOVENIA,431059
2014,Exports,MOROCCO,289908
2014,Exports,SWAZILAND,207234
2014,Exports,CAMBODIA,193778
2014,Exports,MONGOLIA,169785
2014,Exports,UNITED ARAB EMIRATES,160758
2014,Exports,ARGENTINA,158523
2014,Exports,NEW ZEALAND,104957
2014,Exports,UKRAINE (UKRAINIAN S.S.R.),82881
2014,Exports,SRI LANKA (CEYLON),71051
2014,Exports,LITHUANIA,57241
2014,Exports,"JAMAICA (EXCLUDES CAYMAN IS.,TURKS,CAICOS)",52592
2014,Exports,VIRGIN ISLANDS (U.S.),48114
2014,Exports,EGYPT ARAB REPUBLIC,34250
2014,Exports,DJIBOUTI (AFFARS & ISSAS),22746
2014,Exports,SUDAN,15905
2014,Exports,CHILE,14952
2014,Exports,LIECHTENSTEIN,7515
2014,Exports,KENYA,6388
2014,Exports,COLOMBIA,5861
2014,Exports,MACAU,2100
2014,Exports,LIBYAN ARAB JAMAHIRIYA,1760
2014,Exports,IRAQ,1050
2014,Exports,GREECE,1030
2014,Exports,U.S. MINOR OUTLYING ISLANDS,708
2014,Exports,ICELAND,360
2014,Exports,BRUNEI DARUSSALAM,313
2014,Exports,JORDAN,301
2014,Exports,BAHRAIN,250
2014,Exports,FIJI,223
2014,Exports,CROATIA,187
2014,Exports,TUVALU,168
2014,Exports,KYRGYZSTAN,159
2014,Exports,PAPUA NEW GUINEA,149
2014,Exports,MYANMAR,105
2014,Exports,ANTIGUA AND BARBUDA,67
2014,Exports,BOSNIA AND HERZEGOVINA,63
2014,Exports,"HONDURAS, REPUBLIC OF",62
2014,Exports,"MACEDONIA, THE FORMER YUGOSLAV REP. OF",62
2014,Exports,KAZAKHSTAN,57
2014,Exports,NIGERIA,56
2014,Exports,"MOLDOVA, REPUBLIC OF",28
2014,Imports,UNITED STATES,752314381
2014,Imports,TAIWAN,408118706
2014,Imports,SINGAPORE,267587565
2014,Imports,CHINA,248649915
2014,Imports,JAPAN,232444910
2014,Imports,"KOREA, REP. (SOUTH)",206127302
2014,Imports,HONG KONG,90547253
2014,Imports,MALAYSIA,82076053
2014,Imports,THAILAND,41337373
2014,Imports,GERMANY,32159867
2014,Imports,FRANCE,31813586
2014,Imports,MEXICO,13049497
2014,Imports,NETHERLANDS,6771800
2014,Imports,MALTA,6714108
2014,Imports,UNITED KINGDOM,5561995
2014,Imports,FINLAND,4651391
2014,Imports,ITALY,2284465
2014,Imports,AUSTRIA,1564884
2014,Imports,INDONESIA,1213708
2014,Imports,"SOUTH AFRICA, REP. OF",1136875
2014,Imports,SWITZERLAND,936052
2014,Imports,CAYMAN ISLANDS,818961
2014,Imports,BELGIUM,489416
2014,Imports,VIETNAM,414937
2014,Imports,COSTA RICA,412439
2014,Imports,IRELAND,347795
2014,Imports,NORWAY,216875
2014,Imports,SWEDEN,206524
2014,Imports,INDIA,160701
2014,Imports,SAUDI ARABIA,152429
2014,Imports,CANADA,134364
2014,Imports,MOROCCO,130405
2014,Imports,MACAU,125949
2014,Imports,SPAIN,121953
2014,Imports,ISRAEL,85415
2014,Imports,TURKEY,62795
2014,Imports,CZECH REPUBLIC,60409
2014,Imports,UNITED ARAB EMIRATES,41934
2014,Imports,AUSTRALIA,35872
2014,Imports,DENMARK,29466
2014,Imports,SLOVAKIA,25440
2014,Imports,LIECHTENSTEIN,15827
2014,Imports,HUNGARY,11106
2014,Imports,SRI LANKA (CEYLON),8703
2014,Imports,NEW ZEALAND,4268
2014,Imports,BRAZIL,3671
2014,Imports,"JAMAICA (EXCLUDES CAYMAN IS.,TURKS,CAICOS)",2814
2014,Imports,UKRAINE (UKRAINIAN S.S.R.),1329
2014,Imports,ICELAND,1131
2014,Imports,"PAKISTAN, ISLAMIC REP. OF",723
2014,Imports,NORTHERN MARIANA ISLANDS,554
2015,Exports,HONG KONG,4082777961
2015,Exports,SINGAPORE,2943632089
2015,Exports,JAPAN,2272488567
2015,Exports,UNITED STATES,1418531739
2015,Exports,CHINA,1405642513
2015,Exports,GERMANY,1232239710
2015,Exports,TAIWAN,1103822519
2015,Exports,"KOREA, REP. (SOUTH)",642748226
2015,Exports,NETHERLANDS,613731962
2015,Exports,MALAYSIA,470910000
2015,Exports,THAILAND,362284097
2015,Exports,VIETNAM,248673217
2015,Exports,FRANCE,230930503
2015,Exports,MEXICO,103471848
2015,Exports,AUSTRIA,74703682
2015,Exports,"SOUTH AFRICA, REP. OF",43600684
2015,Exports,UNITED KINGDOM,34159026
2015,Exports,CZECH REPUBLIC,33566797
2015,Exports,BELGIUM,29325822
2015,Exports,SWITZERLAND,29310386
2015,Exports,IRELAND,20427226
2015,Exports,BULGARIA,19437825
2015,Exports,CANADA,18021347
2015,Exports,HUNGARY,15944427
2015,Exports,INDIA,14583246
2015,Exports,"KOREA, DPR (NORTH)",12717694
2015,Exports,ISRAEL,12132480
2015,Exports,ITALY,10728436
2015,Exports,INDONESIA,9280961
2015,Exports,BRAZIL,9254108
2015,Exports,ROMANIA,5215336
2015,Exports,PORTUGAL,4888124
2015,Exports,AUSTRALIA,4358434
2015,Exports,TUNISIA,4202180
2015,Exports,POLAND,4106523
2015,Exports,NETHERLANDS ANTILLES,3383982
2015,Exports,FINLAND,2992087
2015,Exports,SLOVAKIA,2803123
2015,Exports,MOROCCO,2786434
2015,Exports,MALTA,2690068
2015,Exports,TURKEY,2547823
2015,Exports,SWEDEN,1791888
2015,Exports,DENMARK,1621218
2015,Exports,NORWAY,1497826
2015,Exports,SPAIN,1359455
2015,Exports,RUSSIA,975438
2015,Exports,ARGENTINA,269660
2015,Exports,ESTONIA,218079
2015,Exports,COLOMBIA,196199
2015,Exports,SLOVENIA,163706
2015,Exports,NEW ZEALAND,159762
2015,Exports,UNITED ARAB EMIRATES,100080
2015,Exports,MACAU,92467
2015,Exports,"MALDIVES, REP. OF",87393
2015,Exports,SWAZILAND,48396
2015,Exports,ICELAND,41449
2015,Exports,UKRAINE (UKRAINIAN S.S.R.),34360
2015,Exports,LIECHTENSTEIN,31486
2015,Exports,LITHUANIA,22010
2015,Exports,EGYPT ARAB REPUBLIC,17818
2015,Exports,CHILE,16055
2015,Exports,U.S. MINOR OUTLYING ISLANDS,13757
2015,Exports,CYPRUS,11453
2015,Exports,DOMINICAN REPUBLIC,10057
2015,Exports,"JAMAICA (EXCLUDES CAYMAN IS.,TURKS,CAICOS)",9994
2015,Exports,VIRGIN ISLANDS (U.S.),5699
2015,Exports,FIJI,2917
2015,Exports,SAUDI ARABIA,2768
2015,Exports,GREECE,2117
2015,Exports,SUDAN,2100
2015,Exports,SRI LANKA (CEYLON),1760
2015,Exports,"TANZANIA, UNITED REP. OF",1565
2015,Exports,OMAN,1455
2015,Exports,MYANMAR,840
2015,Exports,LAOS,449
2015,Exports,GUYANA,382
2015,Exports,BOLIVIA,197
2015,Exports,SERBIA,138
2015,Exports,CROATIA,91
2015,Exports,PERU,87
2015,Exports,NORTHERN MARIANA ISLANDS,75
2015,Exports,MONGOLIA,56
2015,Exports,AFGHANISTAN,47
2015,Exports,GEORGIA,45
2015,Exports,COSTA RICA,28
2015,Imports,UNITED STATES,943576747
2015,Imports,TAIWAN,748898035
2015,Imports,"KOREA, REP. (SOUTH)",708984603
2015,Imports,CHINA,516043241
2015,Imports,JAPAN,399438093
2015,Imports,SINGAPORE,297859382
2015,Imports,MALAYSIA,89442371
2015,Imports,HONG KONG,75548305
2015,Imports,GERMANY,57391745
2015,Imports,THAILAND,52251922
2015,Imports,FRANCE,39581560
2015,Imports,UNITED KINGDOM,16702557
2015,Imports,MEXICO,11715924
2015,Imports,AUSTRIA,8289251
2015,Imports,NETHERLANDS,6609174
2015,Imports,MALTA,4103357
2015,Imports,NORWAY,4096785
2015,Imports,INDONESIA,3885163
2015,Imports,ITALY,3846967
2015,Imports,FINLAND,3593610
2015,Imports,MACAU,1646360
2015,Imports,BELGIUM,1515336
2015,Imports,CAMBODIA,1515195
2015,Imports,CAYMAN ISLANDS,1242656
2015,Imports,SWEDEN,992906
2015,Imports,"KOREA, DPR (NORTH)",860085
2015,Imports,SWITZERLAND,752250
2015,Imports,ISRAEL,549009
2015,Imports,CANADA,463773
2015,Imports,VIETNAM,427732
2015,Imports,BULGARIA,425737
2015,Imports,IRELAND,371564
2015,Imports,CZECH REPUBLIC,338620
2015,Imports,CHILE,273232
2015,Imports,INDIA,216852
2015,Imports,AUSTRALIA,156564
2015,Imports,SPAIN,155925
2015,Imports,ANDORRA,153791
2015,Imports,"SOUTH AFRICA, REP. OF",130397
2015,Imports,TURKEY,97185
2015,Imports,MOROCCO,85688
2015,Imports,HUNGARY,68306
2015,Imports,COSTA RICA,60156
2015,Imports,UNITED ARAB EMIRATES,48890
2015,Imports,TURKS AND CAICOS ISLANDS,45083
2015,Imports,DENMARK,37584
2015,Imports,ROMANIA,28135
2015,Imports,POLAND,22602
2015,Imports,MALI (WEST AFRICA),15906
2015,Imports,SLOVAKIA,14023
2015,Imports,SAUDI ARABIA,13740
2015,Imports,SLOVENIA,11781
2015,Imports,BRAZIL,3734
2015,Imports,NEW ZEALAND,3633
2015,Imports,ECUADOR,2624
2015,Imports,MYANMAR,2605
2015,Imports,"JAMAICA (EXCLUDES CAYMAN IS.,TURKS,CAICOS)",2164
2015,Imports,GREENLAND,2022
2015,Imports,EL SALVADOR,2013
2015,Imports,EGYPT ARAB REPUBLIC,1820
2015,Imports,LITHUANIA,1256
2015,Imports,ICELAND,937
2015,Imports,RWANDA,877
2015,Imports,TUNISIA,807
2015,Imports,RUSSIA,622
2015,Imports,ARGENTINA,462
2015,Imports,CYPRUS,316
2015,Imports,ESTONIA,203
2015,Imports,SENEGAL,185
2015,Imports,GREECE,184
2015,Imports,UKRAINE (UKRAINIAN S.S.R.),114
2015,Imports,DOMINICAN REPUBLIC,68
2015,Imports,CAMEROON,38
2015,Imports,LUXEMBOURG,38
2016,Exports,HONG KONG,3483820334
2016,Exports,SINGAPORE,2358658199
2016,Exports,JAPAN,1317661568
2016,Exports,CHINA,883772548
2016,Exports,TAIWAN,846963795
2016,Exports,UNITED STATES,768889330
2016,Exports,NETHERLANDS,578080947
2016,Exports,GERMANY,401604029
2016,Exports,"KOREA, REP. (SOUTH)",300388264
2016,Exports,MALAYSIA,231386199
2016,Exports,FRANCE,191306054
2016,Exports,THAILAND,159063733
2016,Exports,MEXICO,76973340
2016,Exports,VIETNAM,59051127
2016,Exports,AUSTRIA,27192418
2016,Exports,CZECH REPUBLIC,25461051
2016,Exports,SWITZERLAND,22872099
2016,Exports,IRELAND,16017662
2016,Exports,CANADA,12852579
2016,Exports,HUNGARY,10595815
2016,Exports,ITALY,10459618
2016,Exports,ROMANIA,8123080
2016,Exports,UNITED KINGDOM,7734244
2016,Exports,"SOUTH AFRICA, REP. OF",6570013
2016,Exports,BRAZIL,4606269
2016,Exports,POLAND,4512249
2016,Exports,INDONESIA,4031783
2016,Exports,INDIA,4011189
2016,Exports,AUSTRALIA,3700074
2016,Exports,BELGIUM,3566158
2016,Exports,TUNISIA,3189669
2016,Exports,"KOREA, DPR (NORTH)",2284981
2016,Exports,TURKEY,1689890
2016,Exports,SPAIN,1681956
2016,Exports,MALTA,1470124
2016,Exports,PORTUGAL,1173738
2016,Exports,BULGARIA,1087549
2016,Exports,ISRAEL,961637
2016,Exports,SLOVAKIA,920905
2016,Exports,NORWAY,539325
2016,Exports,RUSSIA,371887
2016,Exports,FINLAND,234624
2016,Exports,NETHERLANDS ANTILLES,218716
2016,Exports,DENMARK,178265
2016,Exports,ESTONIA,162211
2016,Exports,MAURITIUS,70517
2016,Exports,COSTA RICA,54808
2016,Exports,SWEDEN,52786
2016,Exports,EGYPT ARAB REPUBLIC,40689
2016,Exports,FAEROE ISLANDS,36575
2016,Exports,VIRGIN ISLANDS (BRITISH),32253
2016,Exports,MOROCCO,28122
2016,Exports,"MOLDOVA, REPUBLIC OF",17298
2016,Exports,ARGENTINA,16710
2016,Exports,MALAWI,8993
2016,Exports,BAHRAIN,8390
2016,Exports,GREECE,8270
2016,Exports,U.S. MINOR OUTLYING ISLANDS,8000
2016,Exports,MALI (WEST AFRICA),6964
2016,Exports,NEPAL,3707
2016,Exports,SAUDI ARABIA,3045
2016,Exports,LITHUANIA,2700
2016,Exports,UKRAINE (UKRAINIAN S.S.R.),1903
2016,Exports,PAPUA NEW GUINEA,1640
2016,Exports,CHAD,1500
2016,Exports,AFGHANISTAN,904
2016,Exports,MONACO,806
2016,Exports,COLOMBIA,655
2016,Exports,GUATEMALA,655
2016,Exports,PERU,655
2016,Exports,SLOVENIA,344
2016,Exports,NIGERIA,180
2016,Exports,MONGOLIA,168
2016,Exports,BOSNIA AND HERZEGOVINA,143
2016,Exports,SAMOA (WESTERN SAMOA),120
2016,Exports,NEW ZEALAND,108
2016,Exports,KAZAKHSTAN,63
2016,Exports,LEBANON,42
2016,Exports,PANAMA,35
2016,Exports,ETHIOPIA,28
2016,Imports,"KOREA, REP. (SOUTH)",1390297916
2016,Imports,UNITED STATES,1251843932
2016,Imports,TAIWAN,1198099145
2016,Imports,JAPAN,579179314
2016,Imports,CHINA,495945317
2016,Imports,SINGAPORE,451652683
2016,Imports,MALAYSIA,157216267
2016,Imports,HONG KONG,115551519
2016,Imports,THAILAND,71411022
2016,Imports,GERMANY,63762318
2016,Imports,FRANCE,47165918
2016,Imports,UNITED KINGDOM,47067197
2016,Imports,NORWAY,31285756
2016,Imports,ITALY,24720156
2016,Imports,AUSTRIA,15852773
2016,Imports,NETHERLANDS,14882339
2016,Imports,BELGIUM,5108833
2016,Imports,FINLAND,4107143
2016,Imports,MEXICO,3623013
2016,Imports,MALTA,3193914
2016,Imports,INDONESIA,2263805
2016,Imports,SWITZERLAND,2110071
2016,Imports,CANADA,1872542
2016,Imports,IRELAND,1493364
2016,Imports,CZECH REPUBLIC,1200836
2016,Imports,AUSTRALIA,1200655
2016,Imports,SPAIN,1140071
2016,Imports,INDIA,947067
2016,Imports,ISRAEL,599921
2016,Imports,CAYMAN ISLANDS,599010
2016,Imports,HUNGARY,383261
2016,Imports,VIETNAM,378393
2016,Imports,CAMBODIA,363115
2016,Imports,"KOREA, DPR (NORTH)",359297
2016,Imports,"NAURU, REP. OF",225307
2016,Imports,SWEDEN,218674
2016,Imports,"SOUTH AFRICA, REP. OF",203744
2016,Imports,"YEMEN, REPUBLIC OF",166052
2016,Imports,DENMARK,111989
2016,Imports,MOROCCO,83248
2016,Imports,MACAU,71809
2016,Imports,NEW ZEALAND,70760
2016,Imports,POLAND,66779
2016,Imports,ROMANIA,54130
2016,Imports,TURKEY,50155
2016,Imports,RUSSIA,47169
2016,Imports,SLOVENIA,36066
2016,Imports,"PAKISTAN, ISLAMIC REP. OF",34849
2016,Imports,COSTA RICA,33328
2016,Imports,"HONDURAS, REPUBLIC OF",20209
2016,Imports,EGYPT ARAB REPUBLIC,18554
2016,Imports,BULGARIA,13717
2016,Imports,TURKS AND CAICOS ISLANDS,13066
2016,Imports,MALI (WEST AFRICA),12651
2016,Imports,BRAZIL,12620
2016,Imports,UNITED ARAB EMIRATES,9533
2016,Imports,MALAWI,5984
2016,Imports,LUXEMBOURG,4469
2016,Imports,ESTONIA,2763
2016,Imports,SLOVAKIA,2605
2016,Imports,"JAMAICA (EXCLUDES CAYMAN IS.,TURKS,CAICOS)",2200
2016,Imports,SAUDI ARABIA,1381
2016,Imports,NIGER,1290
2016,Imports,LESOTHO,1090
2016,Imports,DOMINICAN REPUBLIC,1049
2016,Imports,LIECHTENSTEIN,1015
2016,Imports,UKRAINE (UKRAINIAN S.S.R.),962
2016,Imports,MYANMAR,794
2016,Imports,JORDAN,703
2016,Imports,BRUNEI DARUSSALAM,446
2016,Imports,KYRGYZSTAN,432
2016,Imports,GUYANA,352
2016,Imports,PORTUGAL,194
2016,Imports,TUNISIA,114
2016,Imports,COLOMBIA,113
2016,Imports,"TANZANIA, UNITED REP. OF",100
2016,Imports,QATAR,38
2016,Imports,KENYA,35
2017,Exports,HONG KONG,4545214920
2017,Exports,SINGAPORE,1971408779
2017,Exports,CHINA,1295860331
2017,Exports,TAIWAN,1096636232
2017,Exports,JAPAN,1094460063
2017,Exports,NETHERLANDS,992751484
2017,Exports,UNITED STATES,777011015
2017,Exports,GERMANY,715524147
2017,Exports,"KOREA, REP. (SOUTH)",489174847
2017,Exports,MALAYSIA,378855037
2017,Exports,THAILAND,266911590
2017,Exports,FRANCE,225282630
2017,Exports,MEXICO,122045406
2017,Exports,VIETNAM,104068493
2017,Exports,CZECH REPUBLIC,29050568
2017,Exports,AUSTRIA,21053974
2017,Exports,ITALY,17618594
2017,Exports,CANADA,17285393
2017,Exports,POLAND,15629667
2017,Exports,SWITZERLAND,13556715
2017,Exports,IRELAND,13232816
2017,Exports,HUNGARY,12878377
2017,Exports,BELGIUM,11918570
2017,Exports,UNITED KINGDOM,11160826
2017,Exports,NETHERLANDS ANTILLES,8271287
2017,Exports,MALTA,6764711
2017,Exports,ROMANIA,5659701
2017,Exports,BULGARIA,4764713
2017,Exports,INDIA,4162126
2017,Exports,TURKEY,3657312
2017,Exports,AUSTRALIA,3347346
2017,Exports,PORTUGAL,2930734
2017,Exports,INDONESIA,2527797
2017,Exports,TUNISIA,2487196
2017,Exports,NEW ZEALAND,2090019
2017,Exports,BRAZIL,2048116
2017,Exports,MOROCCO,1610469
2017,Exports,ISRAEL,1560410
2017,Exports,SPAIN,1501798
2017,Exports,RUSSIA,1028393
2017,Exports,ESTONIA,940701
2017,Exports,SLOVAKIA,767432
2017,Exports,DENMARK,613860
2017,Exports,FINLAND,476070
2017,Exports,AFGHANISTAN,317875
2017,Exports,"SOUTH AFRICA, REP. OF",303365
2017,Exports,NORWAY,293992
2017,Exports,SAUDI ARABIA,288539
2017,Exports,COSTA RICA,180651
2017,Exports,SWEDEN,113710
2017,Exports,ARGENTINA,39879
2017,Exports,HAITI,33833
2017,Exports,MONTENEGRO,32771
2017,Exports,SLOVENIA,18156
2017,Exports,CAMEROON,17250
2017,Exports,UNITED ARAB EMIRATES,15324
2017,Exports,ANDORRA,12448
2017,Exports,ST. HELENA,11809
2017,Exports,VIRGIN ISLANDS (BRITISH),11222
2017,Exports,KENYA,7025
2017,Exports,GREECE,6826
2017,Exports,"TANZANIA, UNITED REP. OF",6816
2017,Exports,UKRAINE (UKRAINIAN S.S.R.),6673
2017,Exports,TIMOR-LESTE (EAST TIMOR),3500
2017,Exports,EGYPT ARAB REPUBLIC,3200
2017,Exports,GHANA,3028
2017,Exports,ERITREA,2373
2017,Exports,FIJI,1460
2017,Exports,MONGOLIA,1400
2017,Exports,SERBIA,814
2017,Exports,BOSNIA AND HERZEGOVINA,445
2017,Exports,COLOMBIA,357
2017,Exports,UGANDA,210
2017,Exports,KAZAKHSTAN,35
2017,Imports,TAIWAN,1806950332
2017,Imports,"KOREA, REP. (SOUTH)",1451483283
2017,Imports,UNITED STATES,1072068585
2017,Imports,JAPAN,878083699
2017,Imports,SINGAPORE,668150390
2017,Imports,CHINA,584089843
2017,Imports,MALAYSIA,238231364
2017,Imports,THAILAND,203806458
2017,Imports,HONG KONG,187993602
2017,Imports,GERMANY,109330589
2017,Imports,UNITED KINGDOM,60743091
2017,Imports,ITALY,60638832
2017,Imports,FRANCE,47108070
2017,Imports,AUSTRIA,20991608
2017,Imports,BELGIUM,19326516
2017,Imports,NETHERLANDS,17681619
2017,Imports,CZECH REPUBLIC,14671180
2017,Imports,ISRAEL,13323914
2017,Imports,VIETNAM,11525108
2017,Imports,SWITZERLAND,8921872
2017,Imports,NORWAY,8756514
2017,Imports,CANADA,2807280
2017,Imports,INDONESIA,1961929
2017,Imports,BULGARIA,1945803
2017,Imports,IRELAND,1371476
2017,Imports,MEXICO,1215758
2017,Imports,INDIA,1110274
2017,Imports,MALTA,972935
2017,Imports,CAMBODIA,834957
2017,Imports,TURKEY,794764
2017,Imports,SPAIN,732305
2017,Imports,COSTA RICA,604470
2017,Imports,DENMARK,515896
2017,Imports,AUSTRALIA,379450
2017,Imports,HUNGARY,359440
2017,Imports,SWEDEN,312850
2017,Imports,MOROCCO,203761
2017,Imports,FINLAND,188169
2017,Imports,"TANZANIA, UNITED REP. OF",187455
2017,Imports,ALBANIA,170435
2017,Imports,NEW ZEALAND,125923
2017,Imports,"JAMAICA (EXCLUDES CAYMAN IS.,TURKS,CAICOS)",96554
2017,Imports,ROMANIA,84474
2017,Imports,"MALDIVES, REP. OF",59952
2017,Imports,MYANMAR,58530
2017,Imports,MACAU,54854
2017,Imports,TURKS AND CAICOS ISLANDS,54351
2017,Imports,SAUDI ARABIA,45820
2017,Imports,BANGLADESH,36901
2017,Imports,UKRAINE (UKRAINIAN S.S.R.),36117
2017,Imports,EGYPT ARAB REPUBLIC,34202
2017,Imports,TAJIKISTAN,31509
2017,Imports,JORDAN,21531
2017,Imports,"HONDURAS, REPUBLIC OF",20984
2017,Imports,EL SALVADOR,14665
2017,Imports,UNITED ARAB EMIRATES,10617
2017,Imports,POLAND,9246
2017,Imports,MALAWI,7230
2017,Imports,ANDORRA,6850
2017,Imports,CYPRUS,6123
2017,Imports,GHANA,5941
2017,Imports,GUINEA,5216
2017,Imports,CAMEROON,4342
2017,Imports,RUSSIA,3429
2017,Imports,"SOUTH AFRICA, REP. OF",2297
2017,Imports,LIECHTENSTEIN,2232
2017,Imports,CAYMAN ISLANDS,1411
2017,Imports,SLOVAKIA,1110
2017,Imports,QATAR,1032
2017,Imports,NETHERLANDS ANTILLES,773
2017,Imports,PORTUGAL,753
2017,Imports,ETHIOPIA,674
2017,Imports,GREECE,536
2017,Imports,BRAZIL,382
2017,Imports,TONGA,373
2017,Imports,CHILE,165
2017,Imports,BRUNEI DARUSSALAM,88
2018,Exports,HONG KONG,5341399470
2018,Exports,SINGAPORE,1736365584
2018,Exports,CHINA,1482950246
2018,Exports,NETHERLANDS,1248241655
2018,Exports,TAIWAN,1227761615
2018,Exports,UNITED STATES,1174355662
2018,Exports,JAPAN,1092491780
2018,Exports,GERMANY,945788960
2018,Exports,MALAYSIA,556053867
2018,Exports,"KOREA, REP. (SOUTH)",450410271
2018,Exports,THAILAND,331465658
2018,Exports,FRANCE,240533213
2018,Exports,VIETNAM,221506319
2018,Exports,MEXICO,126206607
2018,Exports,AUSTRIA,74064868
2018,Exports,CANADA,41559539
2018,Exports,CZECH REPUBLIC,34259104
2018,Exports,NETHERLANDS ANTILLES,28671046
2018,Exports,POLAND,27580410
2018,Exports,UNITED KINGDOM,18534360
2018,Exports,INDIA,18414546
2018,Exports,SWITZERLAND,15242851
2018,Exports,HUNGARY,12013233
2018,Exports,ROMANIA,11779548
2018,Exports,IRELAND,11087259
2018,Exports,ITALY,8293408
2018,Exports,BRAZIL,7609660
2018,Exports,ISRAEL,6601408
2018,Exports,BULGARIA,5362567
2018,Exports,AUSTRALIA,4646239
2018,Exports,PORTUGAL,3570419
2018,Exports,INDONESIA,3472278
2018,Exports,TURKEY,3378484
2018,Exports,TUNISIA,2871401
2018,Exports,BELGIUM,2659753
2018,Exports,MALTA,2441971
2018,Exports,COSTA RICA,1744772
2018,Exports,RUSSIA,1687394
2018,Exports,"SOUTH AFRICA, REP. OF",1327710
2018,Exports,SLOVAKIA,937309
2018,Exports,DENMARK,771765
2018,Exports,SPAIN,704563
2018,Exports,NEW ZEALAND,605016
2018,Exports,FINLAND,536870
2018,Exports,MOROCCO,504244
2018,Exports,AFGHANISTAN,485863
2018,Exports,VIRGIN ISLANDS (BRITISH),282299
2018,Exports,"MACEDONIA, THE FORMER YUGOSLAV REP. OF",272338
2018,Exports,ARGENTINA,260468
2018,Exports,NORWAY,255751
2018,Exports,ESTONIA,249456
2018,Exports,DJIBOUTI (AFFARS & ISSAS),180959
2018,Exports,COLOMBIA,150083
2018,Exports,SLOVENIA,91263
2018,Exports,SWAZILAND,59319
2018,Exports,SWEDEN,57116
2018,Exports,CHILE,56561
2018,Exports,"HONDURAS, REPUBLIC OF",36785
2018,Exports,ICELAND,33270
2018,Exports,UGANDA,19597
2018,Exports,PERU,19200
2018,Exports,CAMBODIA,16905
2018,Exports,RWANDA,16875
2018,Exports,U.S. MINOR OUTLYING ISLANDS,13133
2018,Exports,EGYPT ARAB REPUBLIC,10697
2018,Exports,DOMINICAN REPUBLIC,8640
2018,Exports,ALGERIA,7935
2018,Exports,SERBIA,7504
2018,Exports,KENYA,6099
2018,Exports,UKRAINE (UKRAINIAN S.S.R.),4053
2018,Exports,MONGOLIA,3534
2018,Exports,BOLIVIA,1930
2018,Exports,MACAU,230
2018,Exports,"PAKISTAN, ISLAMIC REP. OF",205
2018,Exports,GHANA,200
2018,Exports,LIECHTENSTEIN,200
2018,Exports,GREECE,186
2018,Exports,REUNION,150
2018,Exports,BOSNIA AND HERZEGOVINA,109
2018,Exports,UNITED ARAB EMIRATES,93
2018,Exports,ECUADOR,68
2018,Exports,VENEZUELA,68
2018,Exports,"MOLDOVA, REPUBLIC OF",56
2018,Exports,ANDORRA,53
2018,Imports,TAIWAN,2232284180
2018,Imports,UNITED STATES,1291826591
2018,Imports,JAPAN,1064620917
2018,Imports,CHINA,689599672
2018,Imports,SINGAPORE,679196281
2018,Imports,"KOREA, REP. (SOUTH)",654413847
2018,Imports,THAILAND,247077021
2018,Imports,HONG KONG,206855829
2018,Imports,MALAYSIA,177295016
2018,Imports,ITALY,99696412
2018,Imports,UNITED KINGDOM,90824484
2018,Imports,GERMANY,81467749
2018,Imports,FRANCE,56745484
2018,Imports,NETHERLANDS,21606554
2018,Imports,AUSTRIA,19338350
2018,Imports,SWITZERLAND,17097018
2018,Imports,VIETNAM,5016248
2018,Imports,NORWAY,3624697
2018,Imports,CANADA,3163021
2018,Imports,MEXICO,2943993
2018,Imports,CZECH REPUBLIC,2935881
2018,Imports,MALTA,1584111
2018,Imports,AUSTRALIA,1379449
2018,Imports,ISRAEL,1156701
2018,Imports,INDONESIA,1059716
2018,Imports,SPAIN,887719
2018,Imports,BELGIUM,829567
2018,Imports,INDIA,633272
2018,Imports,HUNGARY,613860
2018,Imports,"SOUTH AFRICA, REP. OF",603494
2018,Imports,BULGARIA,470642
2018,Imports,IRELAND,299046
2018,Imports,DENMARK,289280
2018,Imports,SWEDEN,243517
2018,Imports,FINLAND,162115
2018,Imports,COSTA RICA,120818
2018,Imports,UNITED ARAB EMIRATES,115873
2018,Imports,ANDORRA,98758
2018,Imports,ROMANIA,90853
2018,Imports,POLAND,83040
2018,Imports,SLOVENIA,82489
2018,Imports,MOROCCO,60496
2018,Imports,LAOS,60017
2018,Imports,PORTUGAL,51164
2018,Imports,CAMEROON,40254
2018,Imports,EL SALVADOR,39135
2018,Imports,MACAU,39039
2018,Imports,NIGER,22701
2018,Imports,ALBANIA,21929
2018,Imports,RUSSIA,18777
2018,Imports,UKRAINE (UKRAINIAN S.S.R.),16829
2018,Imports,BERMUDA,15931
2018,Imports,CAYMAN ISLANDS,8374
2018,Imports,KUWAIT,7255
2018,Imports,KENYA,4937
2018,Imports,NEW ZEALAND,4478
2018,Imports,TURKEY,4010
2018,Imports,LUXEMBOURG,3618
2018,Imports,SLOVAKIA,3490
2018,Imports,CROATIA,2787
2018,Imports,LEBANON,2657
2018,Imports,BRAZIL,2536
2018,Imports,EGYPT ARAB REPUBLIC,2125
2018,Imports,MALAWI,814
2018,Imports,JORDAN,736
2018,Imports,LIECHTENSTEIN,637
2018,Imports,TUVALU,592
2018,Imports,"MALDIVES, REP. OF",558
2018,Imports,QATAR,506
2018,Imports,TUNISIA,377
2019,Exports,HONG KONG,5846304962
2019,Exports,SINGAPORE,1562834076
2019,Exports,CHINA,1545205711
2019,Exports,JAPAN,1329630013
2019,Exports,UNITED STATES,1119796521
2019,Exports,NETHERLANDS,1026434967
2019,Exports,TAIWAN,1021374127
2019,Exports,GERMANY,885914099
2019,Exports,MALAYSIA,484473652
2019,Exports,"KOREA, REP. (SOUTH)",374849892
2019,Exports,THAILAND,336060655
2019,Exports,VIETNAM,327517942
2019,Exports,FRANCE,234260067
2019,Exports,MEXICO,168889386
2019,Exports,BELGIUM,71407957
2019,Exports,AUSTRIA,38207058
2019,Exports,CANADA,32599340
2019,Exports,CZECH REPUBLIC,32229872
2019,Exports,INDIA,28809283
2019,Exports,UNITED KINGDOM,25393690
2019,Exports,POLAND,19797409
2019,Exports,ISRAEL,16877033
2019,Exports,IRELAND,16414348
2019,Exports,BRAZIL,15670930
2019,Exports,HUNGARY,13195124
2019,Exports,SWITZERLAND,12903245
2019,Exports,NETHERLANDS ANTILLES,11978898
2019,Exports,ITALY,7100205
2019,Exports,ROMANIA,6552083
2019,Exports,INDONESIA,5831759
2019,Exports,BULGARIA,5065965
2019,Exports,AUSTRALIA,3311867
2019,Exports,"SOUTH AFRICA, REP. OF",2973873
2019,Exports,TUNISIA,2935383
2019,Exports,SPAIN,2398104
2019,Exports,PORTUGAL,2273438
2019,Exports,MALTA,1777116
2019,Exports,SLOVAKIA,1201707
2019,Exports,MACAU,1150050
2019,Exports,AFGHANISTAN,1042476
2019,Exports,COSTA RICA,838985
2019,Exports,TURKEY,695997
2019,Exports,MOROCCO,682256
2019,Exports,FINLAND,591084
2019,Exports,SWEDEN,501411
2019,Exports,DENMARK,392366
2019,Exports,RUSSIA,376341
2019,Exports,ESTONIA,302547
2019,Exports,SLOVENIA,298401
2019,Exports,COLOMBIA,208758
2019,Exports,NORWAY,202951
2019,Exports,SAUDI ARABIA,148167
2019,Exports,NEW ZEALAND,137602
2019,Exports,ARGENTINA,125050
2019,Exports,EGYPT ARAB REPUBLIC,48326
2019,Exports,MYANMAR,43614
2019,Exports,VIRGIN ISLANDS (U.S.),36288
2019,Exports,ICELAND,23311
2019,Exports,CHILE,21739
2019,Exports,PERU,19200
2019,Exports,VIRGIN ISLANDS (BRITISH),16381
2019,Exports,BARBADOS,13500
2019,Exports,IRAN,13442
2019,Exports,CAMBODIA,9044
2019,Exports,DOMINICAN REPUBLIC,8800
2019,Exports,NEW CALEDONIA,7901
2019,Exports,OMAN,6127
2019,Exports,UKRAINE (UKRAINIAN S.S.R.),5309
2019,Exports,"JAMAICA (EXCLUDES CAYMAN IS.,TURKS,CAICOS)",5255
2019,Exports,"PALAU, REP. OF",3600
2019,Exports,SERBIA,2892
2019,Exports,CROATIA,2855
2019,Exports,NIGERIA,2845
2019,Exports,HEARD AND MCDONALD ISLAND,1046
2019,Exports,GEORGIA,457
2019,Exports,UNITED ARAB EMIRATES,425
2019,Exports,CYPRUS,238
2019,Exports,"TANZANIA, UNITED REP. OF",161
2019,Exports,TAJIKISTAN,150
2019,Exports,SRI LANKA (CEYLON),126
2019,Exports,KAZAKHSTAN,70
2019,Exports,"MOLDOVA, REPUBLIC OF",62
2019,Exports,"MACEDONIA, THE FORMER YUGOSLAV REP. OF",57
2019,Exports,FIJI,46
2019,Exports,TRINIDAD AND TOBAGO,30
2019,Imports,TAIWAN,2068602612
2019,Imports,UNITED STATES,1258037187
2019,Imports,JAPAN,1086793166
2019,Imports,SINGAPORE,835932294
2019,Imports,CHINA,600451678
2019,Imports,"KOREA, REP. (SOUTH)",550596226
2019,Imports,HONG KONG,339100407
2019,Imports,THAILAND,324381973
2019,Imports,MALAYSIA,203051852
2019,Imports,ITALY,105712320
2019,Imports,UNITED KINGDOM,102267975
2019,Imports,GERMANY,70530708
2019,Imports,FRANCE,38289800
2019,Imports,SWITZERLAND,28787747
2019,Imports,NETHERLANDS,19010063
2019,Imports,AUSTRIA,15436848
2019,Imports,VIETNAM,4815309
2019,Imports,CANADA,4070484
2019,Imports,NORWAY,3518892
2019,Imports,MALTA,2392617
2019,Imports,BELGIUM,1350320
2019,Imports,CZECH REPUBLIC,1253708
2019,Imports,KENYA,1129938
2019,Imports,ANDORRA,1006259
2019,Imports,INDONESIA,962932
2019,Imports,HUNGARY,634186
2019,Imports,MEXICO,585928
2019,Imports,INDIA,583242
2019,Imports,IRELAND,505296
2019,Imports,SWEDEN,479005
2019,Imports,NETHERLANDS ANTILLES,341946
2019,Imports,RUSSIA,269722
2019,Imports,ISRAEL,261491
2019,Imports,AUSTRALIA,252552
2019,Imports,BULGARIA,163870
2019,Imports,DENMARK,116076
2019,Imports,SLOVAKIA,100748
2019,Imports,COSTA RICA,89184
2019,Imports,SLOVENIA,87157
2019,Imports,SPAIN,72702
2019,Imports,ALGERIA,61917
2019,Imports,MOROCCO,60669
2019,Imports,BANGLADESH,56080
2019,Imports,ALBANIA,55701
2019,Imports,ROMANIA,50151
2019,Imports,FINLAND,33038
2019,Imports,SYRIAN ARAB REPUBLIC,31500
2019,Imports,BRAZIL,28671
2019,Imports,POLAND,28606
2019,Imports,EGYPT ARAB REPUBLIC,27650
2019,Imports,PORTUGAL,26966
2019,Imports,VIRGIN ISLANDS (U.S.),18774
2019,Imports,EL SALVADOR,13140
2019,Imports,UNITED ARAB EMIRATES,13034
2019,Imports,LUXEMBOURG,11989
2019,Imports,ESTONIA,6874
2019,Imports,MYANMAR,6821
2019,Imports,SAUDI ARABIA,6084
2019,Imports,"SOUTH AFRICA, REP. OF",3990
2019,Imports,NEW ZEALAND,2732
2019,Imports,MACAU,2007
2019,Imports,PERU,1789
2019,Imports,TURKEY,1670
2019,Imports,MALI (WEST AFRICA),1298
2019,Imports,CROATIA,967
2019,Imports,AFGHANISTAN,208
2019,Imports,BRUNEI DARUSSALAM,59
2020,Exports,HONG KONG,5955207144
2020,Exports,CHINA,2071150014
2020,Exports,SINGAPORE,1531400558
2020,Exports,JAPAN,1334900058
2020,Exports,UNITED STATES,1026378188
2020,Exports,TAIWAN,919873876
2020,Exports,GERMANY,749378579
2020,Exports,NETHERLANDS,711207983
2020,Exports,MALAYSIA,532084783
2020,Exports,"KOREA, REP. (SOUTH)",472362369
2020,Exports,THAILAND,369605378
2020,Exports,VIETNAM,358987446
2020,Exports,MEXICO,189952857
2020,Exports,FRANCE,171954555
2020,Exports,BELGIUM,83352932
2020,Exports,AUSTRIA,42253481
2020,Exports,CZECH REPUBLIC,29855379
2020,Exports,CANADA,28792987
2020,Exports,INDIA,24869328
2020,Exports,UNITED KINGDOM,20866065
2020,Exports,ISRAEL,19568209
2020,Exports,IRELAND,17687580
2020,Exports,NETHERLANDS ANTILLES,15472362
2020,Exports,POLAND,12968623
2020,Exports,HUNGARY,12349429
2020,Exports,BRAZIL,11655176
2020,Exports,SWITZERLAND,10864869
2020,Exports,BULGARIA,7040768
2020,Exports,ROMANIA,5575105
2020,Exports,ITALY,4978478
2020,Exports,INDONESIA,4343925
2020,Exports,AUSTRALIA,3784608
2020,Exports,PORTUGAL,3594987
2020,Exports,MALTA,3370692
2020,Exports,TUNISIA,2980512
2020,Exports,DENMARK,2772418
2020,Exports,MACAU,1725801
2020,Exports,MOROCCO,1706688
2020,Exports,SLOVAKIA,1647622
2020,Exports,RUSSIA,1561578
2020,Exports,"MACEDONIA, THE FORMER YUGOSLAV REP. OF",1539176
2020,Exports,"SOUTH AFRICA, REP. OF",1126245
2020,Exports,SPAIN,1086030
2020,Exports,TURKEY,790462
2020,Exports,ESTONIA,558807
2020,Exports,NEW ZEALAND,291792
2020,Exports,FINLAND,272960
2020,Exports,SWAZILAND (ESWATINI),205296
2020,Exports,U.S. MINOR OUTLYING ISLANDS,157078
2020,Exports,NORWAY,150504
2020,Exports,CAMBODIA,149470
2020,Exports,COLOMBIA,136419
2020,Exports,SWEDEN,133064
2020,Exports,VIRGIN ISLANDS (U.S.),95830
2020,Exports,EGYPT ARAB REPUBLIC,79481
2020,Exports,COTE D' IVOIRE (IVORY COAST),68263
2020,Exports,ARGENTINA,48239
2020,Exports,COSTA RICA,44009
2020,Exports,WALLIS AND FUTUNA ISLANDS,35460
2020,Exports,GUYANA,26400
2020,Exports,VIRGIN ISLANDS (BRITISH),23906
2020,Exports,ANDORRA,17705
2020,Exports,QATAR,16575
2020,Exports,UKRAINE (UKRAINIAN S.S.R.),16265
2020,Exports,OMAN,16135
2020,Exports,"MICRONESIA, FEDERATED STATES OF",13770
2020,Exports,SAUDI ARABIA,10636
2020,Exports,DOMINICAN REPUBLIC,9760
2020,Exports,"JAMAICA (EXCLUDES CAYMAN IS.,TURKS,CAICOS)",7471
2020,Exports,ICELAND,7468
2020,Exports,LITHUANIA,7000
2020,Exports,SLOVENIA,6626
2020,Exports,CROATIA,5132
2020,Exports,AFGHANISTAN,3633
2020,Exports,HEARD AND MCDONALD ISLAND,2371
2020,Exports,SRI LANKA (CEYLON),2330
2020,Exports,SERBIA,1583
2020,Exports,"MOLDOVA, REPUBLIC OF",1034
2020,Exports,CHILE,713
2020,Exports,AZERBAIJAN,193
2020,Exports,UNITED ARAB EMIRATES,154
2020,Exports,ANGOLA,140
2020,Exports,NIGERIA,100
2020,Exports,URUGUAY,99
2020,Imports,TAIWAN,2292676239
2020,Imports,UNITED STATES,1329706675
2020,Imports,JAPAN,1049427372
2020,Imports,CHINA,751200237
2020,Imports,SINGAPORE,745734660
2020,Imports,"KOREA, REP. (SOUTH)",568403314
2020,Imports,HONG KONG,489395916
2020,Imports,THAILAND,215838464
2020,Imports,MALAYSIA,175762184
2020,Imports,ITALY,100214034
2020,Imports,UNITED KINGDOM,98470029
2020,Imports,GERMANY,56984219
2020,Imports,SWITZERLAND,35798542
2020,Imports,FRANCE,20519022
2020,Imports,AUSTRIA,19399138
2020,Imports,NETHERLANDS,10011576
2020,Imports,NORWAY,8196941
2020,Imports,VIETNAM,3635661
2020,Imports,CANADA,2314347
2020,Imports,MEXICO,1322637
2020,Imports,INDONESIA,1194499
2020,Imports,BELGIUM,823378
2020,Imports,MALTA,796349
2020,Imports,INDIA,746076
2020,Imports,HUNGARY,736310
2020,Imports,CZECH REPUBLIC,542777
2020,Imports,AUSTRALIA,529255
2020,Imports,NETHERLANDS ANTILLES,488048
2020,Imports,SWEDEN,294067
2020,Imports,RUSSIA,150727
2020,Imports,COCOS ISLAND,140752
2020,Imports,IRELAND,99138
2020,Imports,ISRAEL,96291
2020,Imports,DENMARK,95745
2020,Imports,POLAND,89800
2020,Imports,BRAZIL,73964
2020,Imports,SPAIN,60249
2020,Imports,CHILE,36299
2020,Imports,SYRIAN ARAB REPUBLIC,32222
2020,Imports,COLOMBIA,30522
2020,Imports,AFGHANISTAN,29518
2020,Imports,ROMANIA,28020
2020,Imports,BANGLADESH,25750
2020,Imports,MYANMAR,20288
2020,Imports,COSTA RICA,19818
2020,Imports,MOROCCO,18753
2020,Imports,TUNISIA,17737
2020,Imports,FINLAND,17035
2020,Imports,PORTUGAL,10239
2020,Imports,ESTONIA,10055
2020,Imports,PERU,9642
2020,Imports,TURKEY,8950
2020,Imports,NEW ZEALAND,7526
2020,Imports,ANGUILLA,7451
2020,Imports,EL SALVADOR,6537
2020,Imports,SLOVAKIA,5756
2020,Imports,LIECHTENSTEIN,4388
2020,Imports,CROATIA,4321
2020,Imports,BULGARIA,4164
2020,Imports,UNITED ARAB EMIRATES,2792
2020,Imports,EGYPT ARAB REPUBLIC,1800
2020,Imports,LUXEMBOURG,1143
2020,Imports,MALAWI,894
2020,Imports,DOMINICAN REPUBLIC,779
2020,Imports,SLOVENIA,547
2020,Imports,"SOUTH AFRICA, REP. OF",436
2020,Imports,"PAKISTAN, ISLAMIC REP. OF",101
2021,Exports,HONG KONG,6391445184
2021,Exports,CHINA,2556161528
2021,Exports,SINGAPORE,1680340657
2021,Exports,JAPAN,1425670442
2021,Exports,TAIWAN,1078787980
2021,Exports,UNITED STATES,1042865339
2021,Exports,GERMANY,872663283
2021,Exports,NETHERLANDS,693052685
2021,Exports,MALAYSIA,591910492
2021,Exports,"KOREA, REP. (SOUTH)",586093572
2021,Exports,THAILAND,495795503
2021,Exports,VIETNAM,315043151
2021,Exports,MEXICO,269175271
2021,Exports,FRANCE,220013923
2021,Exports,BELGIUM,112071202
2021,Exports,AUSTRIA,52733999
2021,Exports,NETHERLANDS ANTILLES,47709835
2021,Exports,HUNGARY,43492056
2021,Exports,INDIA,42394943
2021,Exports,CZECH REPUBLIC,40017050
2021,Exports,UNITED KINGDOM,39637889
2021,Exports,CANADA,33001607
2021,Exports,ISRAEL,32944658
2021,Exports,ROMANIA,26004397
2021,Exports,POLAND,22329632
2021,Exports,IRELAND,19464052
2021,Exports,SWITZERLAND,17029908
2021,Exports,BULGARIA,11761301
2021,Exports,BRAZIL,11666560
2021,Exports,ITALY,9900275
2021,Exports,INDONESIA,5645728
2021,Exports,MALTA,5314095
2021,Exports,TUNISIA,5287920
2021,Exports,DENMARK,4880610
2021,Exports,AUSTRALIA,3752850
2021,Exports,"MACEDONIA, THE FORMER YUGOSLAV REP. OF",3439566
2021,Exports,SPAIN,3343707
2021,Exports,RUSSIA,3127864
2021,Exports,PORTUGAL,2996924
2021,Exports,SLOVAKIA,2938275
2021,Exports,LUXEMBOURG,2025700
2021,Exports,MOROCCO,1818238
2021,Exports,LITHUANIA,1384289
2021,Exports,"SOUTH AFRICA, REP. OF",1382553
2021,Exports,SWEDEN,1258471
2021,Exports,EGYPT ARAB REPUBLIC,972751
2021,Exports,FINLAND,900208
2021,Exports,TURKEY,865539
2021,Exports,MACAU,840936
2021,Exports,NEW ZEALAND,478099
2021,Exports,ESTONIA,426355
2021,Exports,ANDORRA,231064
2021,Exports,NORWAY,211666
2021,Exports,COLOMBIA,116644
2021,Exports,SAUDI ARABIA,100548
2021,Exports,SERBIA,70439
2021,Exports,ARGENTINA,62076
2021,Exports,COSTA RICA,54928
2021,Exports,CAMBODIA,47909
2021,Exports,ICELAND,42747
2021,Exports,UNITED ARAB EMIRATES,30983
2021,Exports,SLOVENIA,25406
2021,Exports,CHILE,17097
2021,Exports,VIRGIN ISLANDS (U.S.),14784
2021,Exports,DOMINICAN REPUBLIC,12298
2021,Exports,CROATIA,8533
2021,Exports,PERU,8105
2021,Exports,UKRAINE (UKRAINIAN S.S.R.),7899
2021,Exports,MONGOLIA,6485
2021,Exports,MAURITIUS,5562
2021,Exports,OMAN,5000
2021,Exports,AFGHANISTAN,4190
2021,Exports,AZERBAIJAN,3750
2021,Exports,JORDAN,3693
2021,Exports,SURINAME,3069
2021,Exports,BOLIVIA,2110
2021,Exports,KAZAKHSTAN,1524
2021,Exports,TURKS AND CAICOS ISLANDS,952
2021,Exports,SRI LANKA (CEYLON),742
2021,Exports,BOSNIA AND HERZEGOVINA,301
2021,Exports,KUWAIT,168
2021,Exports,"MOLDOVA, REPUBLIC OF",129
2021,Exports,LIECHTENSTEIN,102
2021,Exports,CYPRUS,66
2021,Imports,TAIWAN,2568488047
2021,Imports,JAPAN,1543360990
2021,Imports,UNITED STATES,1287634937
2021,Imports,SINGAPORE,890993507
2021,Imports,CHINA,815663746
2021,Imports,"KOREA, REP. (SOUTH)",607601075
2021,Imports,HONG KONG,439476165
2021,Imports,THAILAND,291754648
2021,Imports,MALAYSIA,220956467
2021,Imports,UNITED KINGDOM,108250987
2021,Imports,ITALY,104457920
2021,Imports,GERMANY,80574422
2021,Imports,SWITZERLAND,29506171
2021,Imports,AUSTRIA,25365066
2021,Imports,FRANCE,22896527
2021,Imports,NORWAY,10952761
2021,Imports,NETHERLANDS,9420251
2021,Imports,RUSSIA,8719588
2021,Imports,CANADA,4753637
2021,Imports,MEXICO,3003937
2021,Imports,VIETNAM,2017778
2021,Imports,INDIA,1879287
2021,Imports,MALTA,1484566
2021,Imports,INDONESIA,1097727
2021,Imports,VIRGIN ISLANDS (BRITISH),891878
2021,Imports,SWEDEN,832248
2021,Imports,BELGIUM,681828
2021,Imports,AUSTRALIA,612108
2021,Imports,ANDORRA,371474
2021,Imports,CZECH REPUBLIC,284910
2021,Imports,MOROCCO,275239
2021,Imports,FINLAND,229457
2021,Imports,SPAIN,210938
2021,Imports,HUNGARY,184324
2021,Imports,ISRAEL,168324
2021,Imports,ROMANIA,140978
2021,Imports,CAMEROON,103713
2021,Imports,"SOUTH AFRICA, REP. OF",101441
2021,Imports,SLOVENIA,49716
2021,Imports,IRELAND,46246
2021,Imports,BRAZIL,41797
2021,Imports,POLAND,38558
2021,Imports,DENMARK,36791
2021,Imports,WALLIS AND FUTUNA ISLANDS,36264
2021,Imports,RWANDA,28391
2021,Imports,PORTUGAL,25221
2021,Imports,MAURITIUS,23658
2021,Imports,LIECHTENSTEIN,21204
2021,Imports,TURKEY,19184
2021,Imports,COSTA RICA,16699
2021,Imports,ESTONIA,16332
2021,Imports,BULGARIA,12176
2021,Imports,SLOVAKIA,9250
2021,Imports,ALBANIA,4784
2021,Imports,CAMBODIA,4136
2021,Imports,GRENADA,3693
2021,Imports,DOMINICAN REPUBLIC,2506
2021,Imports,"PAKISTAN, ISLAMIC REP. OF",2499
2021,Imports,LUXEMBOURG,2087
2021,Imports,LAOS,1732
2021,Imports,GREECE,1494
2021,Imports,EL SALVADOR,1458
2021,Imports,LITHUANIA,1411
2021,Imports,GEORGIA,1338
2021,Imports,SRI LANKA (CEYLON),959
2021,Imports,SERBIA,593
2021,Imports,MACAU,574
2021,Imports,BRUNEI DARUSSALAM,452
2021,Imports,CROATIA,290
2021,Imports,UNITED ARAB EMIRATES,239
2021,Imports,NEW ZEALAND,212
2021,Imports,UKRAINE (UKRAINIAN S.S.R.),210
2021,Imports,NIGER,173
2021,Imports,MYANMAR,149
2021,Imports,TUNISIA,140
2022,Exports,HONG KONG,7028012145
2022,Exports,CHINA,3142499302
2022,Exports,JAPAN,2056438984
2022,Exports,SINGAPORE,1953001475
2022,Exports,UNITED STATES,1896528484
2022,Exports,TAIWAN,1439610006
2022,Exports,NETHERLANDS,1212292824
2022,Exports,GERMANY,1081053065
2022,Exports,"KOREA, REP. (SOUTH)",744081148
2022,Exports,MALAYSIA,715173910
2022,Exports,THAILAND,612126689
2022,Exports,MEXICO,434247548
2022,Exports,FRANCE,429508839
2022,Exports,VIETNAM,326968374
2022,Exports,INDIA,81557303
2022,Exports,UNITED KINGDOM,69058850
2022,Exports,AUSTRIA,67615369
2022,Exports,ISRAEL,62683194
2022,Exports,HUNGARY,55046016
2022,Exports,CZECH REPUBLIC,41188104
2022,Exports,NETHERLANDS ANTILLES,35202041
2022,Exports,CANADA,33870989
2022,Exports,BELGIUM,27350197
2022,Exports,SWITZERLAND,24623269
2022,Exports,ROMANIA,23137343
2022,Exports,POLAND,22433539
2022,Exports,IRELAND,21247598
2022,Exports,BRAZIL,18294281
2022,Exports,ITALY,14937421
2022,Exports,PORTUGAL,14913250
2022,Exports,BULGARIA,11188583
2022,Exports,MACAU,9210749
2022,Exports,AUSTRALIA,8762976
2022,Exports,INDONESIA,6715563
2022,Exports,"SOUTH AFRICA, REP. OF",6710731
2022,Exports,DENMARK,4914586
2022,Exports,SWEDEN,4661871
2022,Exports,SPAIN,3996915
2022,Exports,SLOVAKIA,3859632
2022,Exports,TUNISIA,3853364
2022,Exports,FINLAND,3800935
2022,Exports,"MACEDONIA, THE FORMER YUGOSLAV REP. OF",3410332
2022,Exports,LUXEMBOURG,2154140
2022,Exports,MOROCCO,2074772
2022,Exports,MALTA,1834641
2022,Exports,SAUDI ARABIA,1633240
2022,Exports,"PAKISTAN, ISLAMIC REP. OF",1395242
2022,Exports,EGYPT ARAB REPUBLIC,1237413
2022,Exports,TURKEY,1236584
2022,Exports,RUSSIA,1152399
2022,Exports,NEW ZEALAND,741133
2022,Exports,LITHUANIA,672721
2022,Exports,COSTA RICA,592841
2022,Exports,WESTERN SAHARA (SPANISH SAHARA),333438
2022,Exports,SERBIA,295479
2022,Exports,HEARD AND MCDONALD ISLAND,275545
2022,Exports,CAMBODIA,145384
2022,Exports,ICELAND,134049
2022,Exports,VIRGIN ISLANDS (U.S.),109105
2022,Exports,ESTONIA,106197
2022,Exports,UNITED ARAB EMIRATES,99449
2022,Exports,NORWAY,92433
2022,Exports,ANDORRA,89028
2022,Exports,COLOMBIA,65092
2022,Exports,ARGENTINA,57181
2022,Exports,AFGHANISTAN,46538
2022,Exports,PERU,37479
2022,Exports,SLOVENIA,36443
2022,Exports,GREENLAND,23374
2022,Exports,CROATIA,16052
2022,Exports,TOGO,15359
2022,Exports,MYANMAR,13001
2022,Exports,CAMEROON,7480
2022,Exports,OMAN,6700
2022,Exports,MAURITIUS,6400
2022,Exports,BRUNEI DARUSSALAM,5649
2022,Exports,CHILE,5263
2022,Exports,DOMINICAN REPUBLIC,4277
2022,Exports,BANGLADESH,4276
2022,Exports,GUYANA,4200
2022,Exports,MALAWI,2914
2022,Exports,UKRAINE (UKRAINIAN S.S.R.),2284
2022,Exports,SRI LANKA (CEYLON),2158
2022,Exports,"MICRONESIA, FEDERATED STATES OF",1500
2022,Exports,QATAR,1141
2022,Exports,CHANNEL ISLANDS,823
2022,Exports,"MALDIVES, REP. OF",735
2022,Exports,FIJI,661
2022,Exports,KAZAKHSTAN,615
2022,Exports,REUNION,383
2022,Exports,TAJIKISTAN,356
2022,Exports,"MOLDOVA, REPUBLIC OF",266
2022,Exports,BOSNIA AND HERZEGOVINA,101
2022,Imports,TAIWAN,3082425669
2022,Imports,JAPAN,1587027580
2022,Imports,UNITED STATES,1448662209
2022,Imports,SINGAPORE,1121588712
2022,Imports,CHINA,1085190398
2022,Imports,"KOREA, REP. (SOUTH)",774304748
2022,Imports,HONG KONG,606230586
2022,Imports,MALAYSIA,369739066
2022,Imports,THAILAND,327425897
2022,Imports,UNITED KINGDOM,234725207
2022,Imports,ITALY,137627449
2022,Imports,GERMANY,87231475
2022,Imports,SWITZERLAND,47610298
2022,Imports,FRANCE,44909194
2022,Imports,AUSTRIA,28468681
2022,Imports,RUSSIA,12707359
2022,Imports,NETHERLANDS,12537848
2022,Imports,NORWAY,11054940
2022,Imports,CANADA,8321185
2022,Imports,MEXICO,7747886
2022,Imports,BRAZIL,3336900
2022,Imports,MALTA,2031891
2022,Imports,VIETNAM,1765751
2022,Imports,INDONESIA,1330951
2022,Imports,CZECH REPUBLIC,1277770
2022,Imports,AUSTRALIA,1186524
2022,Imports,IRELAND,953655
2022,Imports,INDIA,925097
2022,Imports,SWEDEN,523889
2022,Imports,SLOVENIA,398434
2022,Imports,BELGIUM,324908
2022,Imports,ROMANIA,314273
2022,Imports,ISRAEL,295080
2022,Imports,"SOUTH AFRICA, REP. OF",251992
2022,Imports,MOROCCO,163591
2022,Imports,HUNGARY,121132
2022,Imports,SPAIN,109418
2022,Imports,ARGENTINA,92596
2022,Imports,SLOVAKIA,47785
2022,Imports,POLAND,40381
2022,Imports,PORTUGAL,35482
2022,Imports,DENMARK,31597
2022,Imports,LITHUANIA,31525
2022,Imports,COSTA RICA,18896
2022,Imports,MYANMAR,11017
2022,Imports,CAMEROON,7641
2022,Imports,FINLAND,7302
2022,Imports,"JAMAICA (EXCLUDES CAYMAN IS.,TURKS,CAICOS)",4926
2022,Imports,DOMINICAN REPUBLIC,4559
2022,Imports,NIGER,4392
2022,Imports,ALGERIA,4010
2022,Imports,ALBANIA,4002
2022,Imports,UNITED ARAB EMIRATES,2538
2022,Imports,UKRAINE (UKRAINIAN S.S.R.),2310
2022,Imports,ST. HELENA,2249
2022,Imports,ESTONIA,2067
2022,Imports,BULGARIA,1640
2022,Imports,NEW ZEALAND,1302
2022,Imports,BRUNEI DARUSSALAM,1287
2022,Imports,EL SALVADOR,1282
2022,Imports,TURKEY,1254
2022,Imports,GREECE,1184
2022,Imports,"PAKISTAN, ISLAMIC REP. OF",1115
2022,Imports,LUXEMBOURG,1037
2022,Imports,CAMBODIA,1030
2022,Imports,CAPE VERDE,897
2022,Imports,"HONDURAS, REPUBLIC OF",744
2022,Imports,SRI LANKA (CEYLON),694
2022,Imports,ANDORRA,339
2022,Imports,SIERRA LEONE,168
2022,Imports,EGYPT ARAB REPUBLIC,146
2022,Imports,BANGLADESH,60
2023,Exports,HONG KONG,5256890157
2023,Exports,CHINA,2472730069
2023,Exports,UNITED STATES,2352260816
2023,Exports,NETHERLANDS,1829005229
2023,Exports,JAPAN,1664260836
2023,Exports,TAIWAN,1230166702
2023,Exports,SINGAPORE,1187320950
2023,Exports,GERMANY,965978578
2023,Exports,MALAYSIA,830585736
2023,Exports,"KOREA, REP. (SOUTH)",772429356
2023,Exports,THAILAND,674041856
2023,Exports,FRANCE,427779532
2023,Exports,MEXICO,424236322
2023,Exports,VIETNAM,283080719
2023,Exports,UNITED KINGDOM,113874629
2023,Exports,INDIA,109334657
2023,Exports,AUSTRIA,105932153
2023,Exports,ISRAEL,89840533
2023,Exports,HUNGARY,61512649
2023,Exports,CZECH REPUBLIC,38636171
2023,Exports,POLAND,38604073
2023,Exports,ROMANIA,33910012
2023,Exports,CANADA,28770224
2023,Exports,BELGIUM,22502684
2023,Exports,IRELAND,16995148
2023,Exports,AUSTRALIA,16804877
2023,Exports,SWITZERLAND,13523610
2023,Exports,BRAZIL,12243497
2023,Exports,ITALY,11437289
2023,Exports,INDONESIA,9838451
2023,Exports,PORTUGAL,9120452
2023,Exports,"MACEDONIA, THE FORMER YUGOSLAV REP. OF",8789104
2023,Exports,BULGARIA,7436940
2023,Exports,SERBIA,7354635
2023,Exports,SPAIN,6872708
2023,Exports,TUNISIA,6455748
2023,Exports,SWEDEN,5689839
2023,Exports,"SOUTH AFRICA, REP. OF",5603569
2023,Exports,SLOVAKIA,5119380
2023,Exports,MACAU,4411698
2023,Exports,MOROCCO,4082100
2023,Exports,FINLAND,3490570
2023,Exports,DENMARK,3419181
2023,Exports,LUXEMBOURG,2514400
2023,Exports,EGYPT ARAB REPUBLIC,2114230
2023,Exports,DOMINICAN REPUBLIC,1614577
2023,Exports,MALTA,1449288
2023,Exports,NEW ZEALAND,1143059
2023,Exports,TURKEY,1073319
2023,Exports,NORWAY,1041190
2023,Exports,ICELAND,1021345
2023,Exports,COSTA RICA,771183
2023,Exports,AFGHANISTAN,682358
2023,Exports,VIRGIN ISLANDS (U.S.),597099
2023,Exports,LITHUANIA,554596
2023,Exports,"HONDURAS, REPUBLIC OF",487748
2023,Exports,NETHERLANDS ANTILLES,348260
2023,Exports,RUSSIA,298044
2023,Exports,MONTENEGRO,207272
2023,Exports,UNITED ARAB EMIRATES,160540
2023,Exports,SLOVENIA,139463
2023,Exports,CHILE,96333
2023,Exports,ERITREA,89238
2023,Exports,DJIBOUTI (AFFARS & ISSAS),76815
2023,Exports,COLOMBIA,75967
2023,Exports,"MICRONESIA, FEDERATED STATES OF",67460
2023,Exports,TAJIKISTAN,48652
2023,Exports,ESTONIA,47986
2023,Exports,GREECE,33966
2023,Exports,CHANNEL ISLANDS,19686
2023,Exports,CROATIA,15709
2023,Exports,ARGENTINA,14725
2023,Exports,ECUADOR,14537
2023,Exports,PAPUA NEW GUINEA,9845
2023,Exports,KAZAKHSTAN,9360
2023,Exports,CAMBODIA,9258
2023,Exports,MAURITIUS,7700
2023,Exports,QATAR,5877
2023,Exports,URUGUAY,4230
2023,Exports,SRI LANKA (CEYLON),4112
2023,Exports,SWAZILAND (ESWATINI),2255
2023,Exports,U.S. MINOR OUTLYING ISLANDS,1590
2023,Exports,BOSNIA AND HERZEGOVINA,1082
2023,Exports,CHAD,750
2023,Exports,UKRAINE (UKRAINIAN S.S.R.),643
2023,Exports,REUNION,541
2023,Exports,ALGERIA,420
2023,Exports,MYANMAR,372
2023,Exports,"MOLDOVA, REPUBLIC OF",143
2023,Exports,PERU,53
2023,Exports,KENYA,41
2023,Imports,TAIWAN,2025765410
2023,Imports,UNITED STATES,1440166184
2023,Imports,JAPAN,1335752661
2023,Imports,CHINA,997704699
2023,Imports,"KOREA, REP. (SOUTH)",876394510
2023,Imports,SINGAPORE,776884729
2023,Imports,MALAYSIA,540068949
2023,Imports,HONG KONG,445548221
2023,Imports,THAILAND,281772869
2023,Imports,UNITED KINGDOM,189920372
2023,Imports,ITALY,120567711
2023,Imports,GERMANY,103680232
2023,Imports,ISRAEL,47775943
2023,Imports,SWITZERLAND,40752220
2023,Imports,FRANCE,40011219
2023,Imports,NETHERLANDS,27178729
2023,Imports,AUSTRIA,25610673
2023,Imports,MEXICO,10993451
2023,Imports,RUSSIA,10166045
2023,Imports,CANADA,3925493
2023,Imports,CZECH REPUBLIC,3694992
2023,Imports,VIETNAM,2630363
2023,Imports,AUSTRALIA,1974652
2023,Imports,IRELAND,1742419
2023,Imports,MALTA,1542245
2023,Imports,SLOVENIA,1376148
2023,Imports,INDIA,1305603
2023,Imports,UNITED ARAB EMIRATES,529258
2023,Imports,BELGIUM,416517
2023,Imports,DENMARK,381253
2023,Imports,INDONESIA,266092
2023,Imports,SPAIN,217318
2023,Imports,SLOVAKIA,181494
2023,Imports,POLAND,164706
2023,Imports,"SOUTH AFRICA, REP. OF",140418
2023,Imports,HUNGARY,127187
2023,Imports,MOROCCO,74673
2023,Imports,ROMANIA,68224
2023,Imports,BULGARIA,65567
2023,Imports,LITHUANIA,41513
2023,Imports,BRAZIL,41244
2023,Imports,PORTUGAL,35204
2023,Imports,SERBIA,31603
2023,Imports,COSTA RICA,27669
2023,Imports,SRI LANKA (CEYLON),26125
2023,Imports,SWEDEN,23224
2023,Imports,NEW ZEALAND,20676
2023,Imports,ALBANIA,20671
2023,Imports,ESTONIA,18365
2023,Imports,NORWAY,11637
2023,Imports,FINLAND,9058
2023,Imports,DOMINICAN REPUBLIC,4629
2023,Imports,LUXEMBOURG,3675
2023,Imports,SIERRA LEONE,3467
2023,Imports,GREECE,3348
2023,Imports,CAMBODIA,3155
2023,Imports,TUNISIA,2725
2023,Imports,MACAU,2536
2023,Imports,TURKEY,2151
2023,Imports,EGYPT ARAB REPUBLIC,2063
2023,Imports,SYRIAN ARAB REPUBLIC,1950
2023,Imports,LIECHTENSTEIN,1667
2023,Imports,SEYCHELLES REPUBLIC,1117
2023,Imports,GHANA,1106
2023,Imports,CROATIA,802
2023,Imports,MYANMAR,484
2023,Imports,BRUNEI DARUSSALAM,415
2023,Imports,ST. HELENA,344
2023,Imports,EL SALVADOR,340
2023,Imports,"MADAGASCAR, DEMOCRATIC REP. OF",309
2023,Imports,REUNION,36
2024,Exports,HONG KONG,4721572145
2024,Exports,CHINA,2056525809
2024,Exports,UNITED STATES,1640888195
2024,Exports,TAIWAN,1284636957
2024,Exports,NETHERLANDS,1208126314
2024,Exports,JAPAN,1167969589
2024,Exports,SINGAPORE,921653809
2024,Exports,GERMANY,710841044
2024,Exports,MALAYSIA,674377117
2024,Exports,"KOREA, REP. (SOUTH)",619211156
2024,Exports,THAILAND,545883543
2024,Exports,VIETNAM,309221973
2024,Exports,MEXICO,296482633
2024,Exports,FRANCE,134515750
2024,Exports,INDIA,93167794
2024,Exports,ISRAEL,82645965
2024,Exports,AUSTRIA,77897164
2024,Exports,UNITED KINGDOM,64205045
2024,Exports,ROMANIA,29914403
2024,Exports,CANADA,27682637
2024,Exports,POLAND,25214927
2024,Exports,HUNGARY,24375186
2024,Exports,IRELAND,15900319
2024,Exports,BRAZIL,15238400
2024,Exports,CZECH REPUBLIC,14046519
2024,Exports,"MACEDONIA, THE FORMER YUGOSLAV REP. OF",12113061
2024,Exports,MALTA,12065780
2024,Exports,AUSTRALIA,11976033
2024,Exports,SPAIN,11765446
2024,Exports,BELGIUM,9256520
2024,Exports,SWITZERLAND,9086072
2024,Exports,INDONESIA,9064535
2024,Exports,SERBIA,6796955
2024,Exports,TUNISIA,6068550
2024,Exports,ESTONIA,5415785
2024,Exports,"SOUTH AFRICA, REP. OF",5160348
2024,Exports,TURKEY,5038193
2024,Exports,ITALY,3695756
2024,Exports,SLOVAKIA,3659234
2024,Exports,LUXEMBOURG,3572785
2024,Exports,FINLAND,3531776
2024,Exports,BULGARIA,3126707
2024,Exports,MOROCCO,3121360
2024,Exports,SWEDEN,2965911
2024,Exports,MACAU,2952613
2024,Exports,EGYPT ARAB REPUBLIC,2882320
2024,Exports,DENMARK,2378008
2024,Exports,PORTUGAL,1856408
2024,Exports,"HONDURAS, REPUBLIC OF",1647632
2024,Exports,CHAD,1155680
2024,Exports,COSTA RICA,1053987
2024,Exports,NEW ZEALAND,854933
2024,Exports,ICELAND,833382
2024,Exports,LITHUANIA,796380
2024,Exports,NORWAY,673973
2024,Exports,CHILE,502022
2024,Exports,DOMINICAN REPUBLIC,344140
2024,Exports,HAITI,269645
2024,Exports,JORDAN,250099
2024,Exports,SLOVENIA,224537
2024,Exports,UNITED ARAB EMIRATES,193517
2024,Exports,COLOMBIA,93502
2024,Exports,NETHERLANDS ANTILLES,59054
2024,Exports,SYRIAN ARAB REPUBLIC,40021
2024,Exports,SRI LANKA (CEYLON),33685
2024,Exports,"MICRONESIA, FEDERATED STATES OF",28506
2024,Exports,TURKMENISTAN,26600
2024,Exports,RUSSIA,21056
2024,Exports,VIRGIN ISLANDS (U.S.),15759
2024,Exports,"MARSHALL ISLANDS, REP. OF",10802
2024,Exports,AFGHANISTAN,9688
2024,Exports,CROATIA,7951
2024,Exports,CAMBODIA,5452
2024,Exports,ARGENTINA,5112
2024,Exports,ALBANIA,4645
2024,Exports,GREECE,3935
2024,Exports,ARMENIA,2913
2024,Exports,"PAKISTAN, ISLAMIC REP. OF",2263
2024,Exports,UKRAINE (UKRAINIAN S.S.R.),2128
2024,Exports,QATAR,2022
2024,Exports,GEORGIA,623
2024,Exports,BOSNIA AND HERZEGOVINA,559
2024,Exports,CAMEROON,288
2024,Exports,TURKS AND CAICOS ISLANDS,140
2024,Imports,JAPAN,1489581452
2024,Imports,UNITED STATES,1486160876
2024,Imports,TAIWAN,1366146160
2024,Imports,CHINA,1280013726
2024,Imports,"KOREA, REP. (SOUTH)",927269311
2024,Imports,SINGAPORE,763732479
2024,Imports,MALAYSIA,434246895
2024,Imports,HONG KONG,332825857
2024,Imports,THAILAND,242557104
2024,Imports,ITALY,184841698
2024,Imports,UNITED KINGDOM,135106750
2024,Imports,GERMANY,108979182
2024,Imports,ISRAEL,66284161
2024,Imports,SWITZERLAND,41879681
2024,Imports,FRANCE,39454056
2024,Imports,AUSTRIA,31664793
2024,Imports,NETHERLANDS,28310341
2024,Imports,CZECH REPUBLIC,10151122
2024,Imports,RUSSIA,7310414
2024,Imports,CANADA,5610308
2024,Imports,MEXICO,5170342
2024,Imports,VIETNAM,2317171
2024,Imports,DENMARK,1928802
2024,Imports,IRELAND,1416055
2024,Imports,INDONESIA,1045668
2024,Imports,HUNGARY,1007678
2024,Imports,SLOVENIA,1002953
2024,Imports,INDIA,681768
2024,Imports,BELGIUM,588594
2024,Imports,AUSTRALIA,587307
2024,Imports,EL SALVADOR,359024
2024,Imports,SPAIN,266798
2024,Imports,BRAZIL,259609
2024,Imports,UNITED ARAB EMIRATES,182791
2024,Imports,MALTA,172191
2024,Imports,POLAND,165076
2024,Imports,"SOUTH AFRICA, REP. OF",145870
2024,Imports,BULGARIA,142036
2024,Imports,PORTUGAL,123346
2024,Imports,"MACEDONIA, THE FORMER YUGOSLAV REP. OF",121837
2024,Imports,FINLAND,91592
2024,Imports,ROMANIA,73141
2024,Imports,SLOVAKIA,51903
2024,Imports,MOROCCO,47841
2024,Imports,SWEDEN,36634
2024,Imports,COSTA RICA,28313
2024,Imports,ESTONIA,19428
2024,Imports,LITHUANIA,19101
2024,Imports,"MALDIVES, REP. OF",16809
2024,Imports,NORWAY,15236
2024,Imports,CAMBODIA,14754
2024,Imports,CURACAO,14670
2024,Imports,TURKEY,13632
2024,Imports,"JAMAICA (EXCLUDES CAYMAN IS.,TURKS,CAICOS)",11578
2024,Imports,ARMENIA,8150
2024,Imports,GEORGIA,6684
2024,Imports,LUXEMBOURG,5429
2024,Imports,CROATIA,4138
2024,Imports,MACAU,3378
2024,Imports,ALBANIA,2820
2024,Imports,GREECE,2612
2024,Imports,DOMINICAN REPUBLIC,2253
2024,Imports,TUNISIA,2045
2024,Imports,CHILE,1990
2024,Imports,NEW ZEALAND,1462
2024,Imports,TOGO,1203
2024,Imports,SRI LANKA (CEYLON),937
2024,Imports,MONACO,818
2024,Imports,BERMUDA,442
2024,Imports,SERBIA,399
2024,Imports,KAZAKHSTAN,383
2024,Imports,PANAMA,215
2024,Imports,MYANMAR,199
2024,Imports,LAOS,119
2024,Imports,IRAQ,62
2024,Imports,VIRGIN ISLANDS (U.S.),27
2025,Exports,HONG KONG,7053279546
2025,Exports,CHINA,2558555524
2025,Exports,UNITED STATES,2026934625
2025,Exports,TAIWAN,1899811650
2025,Exports,GERMANY,1505019690
2025,Exports,JAPAN,1382375777
2025,Exports,NETHERLANDS,1361537060
2025,Exports,SINGAPORE,1306320125
2025,Exports,MALAYSIA,1196370306
2025,Exports,"KOREA, REP. (SOUTH)",770551101
2025,Exports,THAILAND,691171001
2025,Exports,MEXICO,497971754
2025,Exports,VIETNAM,432163468
2025,Exports,INDIA,128945023
2025,Exports,ISRAEL,114840439
2025,Exports,AUSTRIA,87396315
2025,Exports,UNITED KINGDOM,74428771
2025,Exports,CZECH REPUBLIC,40403766
2025,Exports,ROMANIA,34300825
2025,Exports,NORWAY,33275736
2025,Exports,CANADA,32040862
2025,Exports,POLAND,30044179
2025,Exports,AUSTRALIA,22890642
2025,Exports,MALTA,21976391
2025,Exports,MACAU,21539401
2025,Exports,HUNGARY,20359966
2025,Exports,IRELAND,19417410
2025,Exports,BRAZIL,17011007
2025,Exports,SWITZERLAND,15136109
2025,Exports,TURKEY,13044763
2025,Exports,FRANCE,12964184
2025,Exports,INDONESIA,11121733
2025,Exports,ESTONIA,10675808
2025,Exports,"MACEDONIA, THE FORMER YUGOSLAV REP. OF",8092430
2025,Exports,BELGIUM,6669076
2025,Exports,TUNISIA,5657687
2025,Exports,SERBIA,5589147
2025,Exports,SLOVAKIA,5558961
2025,Exports,"SOUTH AFRICA, REP. OF",5486903
2025,Exports,SPAIN,5051879
2025,Exports,MOROCCO,4863074
2025,Exports,ITALY,4019952
2025,Exports,PORTUGAL,3210026
2025,Exports,UKRAINE (UKRAINIAN S.S.R.),3141722
2025,Exports,FINLAND,2525268
2025,Exports,DENMARK,2030058
2025,Exports,SWEDEN,1874620
2025,Exports,CHAD,1758750
2025,Exports,EGYPT ARAB REPUBLIC,1756246
2025,Exports,BULGARIA,1702066
2025,Exports,DOMINICAN REPUBLIC,1522855
2025,Exports,COSTA RICA,1405041
2025,Exports,NEW ZEALAND,1251097
2025,Exports,ICELAND,868992
2025,Exports,"HONDURAS, REPUBLIC OF",779681
2025,Exports,AFGHANISTAN,739098
2025,Exports,LITHUANIA,487538
2025,Exports,CHILE,467717
2025,Exports,SRI LANKA (CEYLON),431934
2025,Exports,UNITED ARAB EMIRATES,366616
2025,Exports,LUXEMBOURG,273707
2025,Exports,MALAWI,146370
2025,Exports,SLOVENIA,132049
2025,Exports,ARGENTINA,104281
2025,Exports,BOSNIA AND HERZEGOVINA,63570
2025,Exports,"JAMAICA (EXCLUDES CAYMAN IS.,TURKS,CAICOS)",61335
2025,Exports,CROATIA,59850
2025,Exports,QATAR,53928
2025,Exports,U.S. MINOR OUTLYING ISLANDS,45960
2025,Exports,NETHERLANDS ANTILLES,26046
2025,Exports,COLOMBIA,25263
2025,Exports,MYANMAR,20815
2025,Exports,VIRGIN ISLANDS (U.S.),16978
2025,Exports,VENEZUELA,9483
2025,Exports,PERU,3640
2025,Exports,"PAKISTAN, ISLAMIC REP. OF",3511
2025,Exports,CYPRUS,3093
2025,Exports,CAMBODIA,2396
2025,Exports,FAEROE ISLANDS,810
2025,Exports,ALBANIA,425
2025,Exports,SENEGAL,411
2025,Exports,GREECE,181
2025,Exports,SAUDI ARABIA,76
2025,Exports,SWAZILAND (ESWATINI),42
2025,Imports,CHINA,2081225064
2025,Imports,TAIWAN,1764727615
2025,Imports,JAPAN,1542598110
2025,Imports,UNITED STATES,1539285615
2025,Imports,"KOREA, REP. (SOUTH)",1188718510
2025,Imports,SINGAPORE,879335310
2025,Imports,MALAYSIA,521868662
2025,Imports,HONG KONG,379185190
2025,Imports,THAILAND,328871792
2025,Imports,ITALY,161787143
2025,Imports,GERMANY,149111289
2025,Imports,UNITED KINGDOM,138786179
2025,Imports,FRANCE,96660020
2025,Imports,ISRAEL,69066489
2025,Imports,SWITZERLAND,59616027
2025,Imports,NETHERLANDS,33509561
2025,Imports,AUSTRIA,31760516
2025,Imports,VIETNAM,29596394
2025,Imports,INDONESIA,18887423
2025,Imports,RUSSIA,9595286
2025,Imports,MEXICO,8787024
2025,Imports,CZECH REPUBLIC,6406376
2025,Imports,CANADA,6303082
2025,Imports,IRELAND,3513652
2025,Imports,INDIA,3268234
2025,Imports,AUSTRALIA,2156454
2025,Imports,SPAIN,1671637
2025,Imports,HUNGARY,1407260
2025,Imports,UNITED ARAB EMIRATES,1112845
2025,Imports,BELGIUM,681271
2025,Imports,POLAND,680955
2025,Imports,BRAZIL,641230
2025,Imports,PORTUGAL,582274
2025,Imports,DENMARK,497938
2025,Imports,CROATIA,302425
2025,Imports,TURKEY,299622
2025,Imports,BULGARIA,291514
2025,Imports,MOROCCO,233211
2025,Imports,FINLAND,230127
2025,Imports,LITHUANIA,219900
2025,Imports,ETHIOPIA,203674
2025,Imports,ROMANIA,180981
2025,Imports,SWEDEN,167761
2025,Imports,SLOVAKIA,165600
2025,Imports,MALTA,151623
2025,Imports,"SOUTH AFRICA, REP. OF",79297
2025,Imports,SLOVENIA,70137
2025,Imports,SRI LANKA (CEYLON),65484
2025,Imports,SERBIA,63858
2025,Imports,CAMBODIA,59171
2025,Imports,NEW ZEALAND,53904
2025,Imports,COSTA RICA,46919
2025,Imports,EL SALVADOR,46065
2025,Imports,TUNISIA,31938
2025,Imports,MACAU,29001
2025,Imports,QATAR,16080
2025,Imports,NORWAY,14295
2025,Imports,ESTONIA,12515
2025,Imports,JORDAN,11926
2025,Imports,DOMINICAN REPUBLIC,7393
2025,Imports,GREECE,7038
2025,Imports,BRUNEI DARUSSALAM,6160
2025,Imports,"PAKISTAN, ISLAMIC REP. OF",5424
2025,Imports,CHILE,4281
2025,Imports,UKRAINE (UKRAINIAN S.S.R.),3096
2025,Imports,LUXEMBOURG,2368
2025,Imports,BOSNIA AND HERZEGOVINA,2327
2025,Imports,SAUDI ARABIA,1390
2025,Imports,SIERRA LEONE,1121
2025,Imports,MYANMAR,1082
2025,Imports,"JAMAICA (EXCLUDES CAYMAN IS.,TURKS,CAICOS)",1055
2025,Imports,HAITI,794
2025,Imports,ST. LUCIA,666
2025,Imports,ICELAND,486
2025,Imports,"MACEDONIA, THE FORMER YUGOSLAV REP. OF",416
2025,Imports,VENEZUELA,404
2025,Imports,LIECHTENSTEIN,175
2025,Imports,BHUTAN,123
