Animal Type,Geolocation,2000 Q1,2000 Q2,2000 Q3,2000 Q4,2000 Annual,2001 Q1,2001 Q2,2001 Q3,2001 Q4,2001 Annual,2002 Q1,2002 Q2,2002 Q3,2002 Q4,2002 Annual,2003 Q1,2003 Q2,2003 Q3,2003 Q4,2003 Annual,2004 Q1,2004 Q2,2004 Q3,2004 Q4,2004 Annual,2005 Q1,2005 Q2,2005 Q3,2005 Q4,2005 Annual,2006 Q1,2006 Q2,2006 Q3,2006 Q4,2006 Annual,2007 Q1,2007 Q2,2007 Q3,2007 Q4,2007 Annual,2008 Q1,2008 Q2,2008 Q3,2008 Q4,2008 Annual,2009 Q1,2009 Q2,2009 Q3,2009 Q4,2009 Annual,2010 Q1,2010 Q2,2010 Q3,2010 Q4,2010 Annual,2011 Q1,2011 Q2,2011 Q3,2011 Q4,2011 Annual,2012 Q1,2012 Q2,2012 Q3,2012 Q4,2012 Annual,2013 Q1,2013 Q2,2013 Q3,2013 Q4,2013 Annual,2014 Q1,2014 Q2,2014 Q3,2014 Q4,2014 Annual,2015 Q1,2015 Q2,2015 Q3,2015 Q4,2015 Annual,2016 Q1,2016 Q2,2016 Q3,2016 Q4,2016 Annual,2017 Q1,2017 Q2,2017 Q3,2017 Q4,2017 Annual,2018 Q1,2018 Q2,2018 Q3,2018 Q4,2018 Annual,2019 Q1,2019 Q2,2019 Q3,2019 Q4,2019 Annual,2020 Q1,2020 Q2,2020 Q3,2020 Q4,2020 Annual,2021 Q1,2021 Q2,2021 Q3,2021 Q4,2021 Annual
Carabao,PHILIPPINES,27538.00,31087.00,31406.00,33941.00,123972.00,27201.00,31040.00,31284.00,35770.00,125295.00,28395.00,33100.00,33254.00,37811.00,132560.00,28809.00,32723.00,32942.00,38060.00,132534.00,30982.00,35458.00,33497.00,38126.00,138063.00,30469.00,34073.00,30976.00,38004.00,133522.00,29060.00,33899.00,30682.00,36771.00,130412.00,29682.00,36461.00,31616.00,39200.00,136959.00,30494.00,38301.00,31262.00,40366.00,140423.00,31359.00,38800.00,31217.00,39534.00,140910.00,31792.00,42601.00,31456.00,42173.00,148022.00,31225.00,41942.00,31718.00,42631.00,147516.00,31405.00,39042.00,30666.00,41614.00,142727.00,30502.00,38862.00,30288.00,41826.00,141478.00,30824.00,39132.86,30349.00,42728.00,143033.86,30665.00,38276.00,30102.00,42999.00,142042.00,30073.00,40298.00,30550.00,43764.00,144685.00,30916.00,39690.00,30717.00,43086.00,144409.00,31192.00,38467.00,30080.00,43404.00,143143.00,30398.00,37671.00,30050.00,42542.00,140661.00,29804.90,27674.10,27744.49,35186.48,120409.97,27301.35,34931.58,..,..,..
Carabao,..NCR,..,..,..,..,..,..,..,..,..,..,..,..,..,..,..,..,..,..,..,..,..,..,..,..,..,..,..,..,..,..,..,..,..,..,..,..,..,..,..,..,..,..,..,..,..,..,..,..,..,..,..,..,..,..,..,..,..,..,..,..,..,..,..,..,..,..,..,..,..,..,..,..,..,..,..,..,..,..,..,..,..,..,..,..,..,..,..,..,..,..,..,..,..,..,..,..,..,..,..,..,..,..,..,..,..,..,..,..,..,..
Carabao,..CAR,1123.00,1234.00,934.00,1022.00,4313.00,1135.00,1296.00,841.00,1012.00,4284.00,965.00,1555.00,1009.00,1107.00,4636.00,1013.00,1481.00,959.00,1038.00,4491.00,1064.00,1649.00,1039.00,1014.00,4766.00,958.00,1333.00,937.00,963.00,4191.00,862.00,1102.00,890.00,1102.00,3956.00,875.00,1333.00,934.00,1100.00,4242.00,953.00,1145.00,861.00,1050.00,4009.00,1001.00,992.00,904.00,970.00,3867.00,1101.00,626.00,897.00,1035.00,3659.00,973.00,519.00,784.00,1013.00,3289.00,1022.00,353.00,745.00,1114.00,3234.00,1098.00,398.00,700.00,1163.00,3359.00,1072.00,391.00,665.00,1145.00,3273.00,1029.00,375.00,640.00,1101.00,3145.00,1013.00,405.00,621.00,1067.00,3106.00,992.00,404.00,590.00,1005.00,2991.00,962.00,412.00,592.00,905.00,2871.00,943.00,389.00,574.00,944.00,2850.00,961.00,180.56,558.60,941.18,2641.34,848.71,457.00,..,..,..
Carabao,..I - Ilocos Region,2158.00,2317.00,2655.00,2721.00,9851.00,2367.00,2240.00,2490.00,2828.00,9925.00,2275.00,2262.00,2426.00,2767.00,9730.00,2175.00,2077.00,2388.00,2690.00,9330.00,2062.00,2232.00,2206.00,2562.00,9062.00,1935.00,2081.00,2112.00,3087.00,9215.00,1963.00,2546.00,2130.00,3016.00,9655.00,1927.00,2482.00,2058.00,3197.00,9664.00,2257.00,2850.00,1996.00,2399.00,9502.00,2395.00,2840.00,2105.00,2155.00,9495.00,2296.00,3426.00,2032.00,2372.00,10126.00,2455.00,3073.00,2123.00,2346.00,9997.00,2509.00,3074.00,2164.00,2403.00,10150.00,2375.00,3422.00,2093.00,2811.00,10701.00,2504.00,2898.00,2100.00,2659.00,10161.00,2554.00,3134.00,2167.00,2819.00,10674.00,2625.00,2848.00,2213.00,2612.00,10298.00,2663.00,2476.00,2257.00,2418.00,9814.00,2623.00,2144.00,2138.00,2668.00,9573.00,2605.00,1860.00,2103.00,2019.00,8587.00,2590.42,924.48,1723.83,2239.99,7478.72,2127.76,1972.94,..,..,..
Carabao,..II - Cagayan Valley,2440.00,3402.00,2850.00,3746.00,12438.00,2475.00,3454.00,2932.00,4308.00,13169.00,2487.00,3661.00,3020.00,4290.00,13458.00,2537.00,3663.00,3106.00,4404.00,13710.00,2676.00,3665.00,3012.00,4536.00,13889.00,2658.00,3016.00,3040.00,5204.00,13918.00,2481.00,3508.00,2639.00,4457.00,13085.00,2502.00,3837.00,2526.00,4727.00,13592.00,2504.00,3402.00,2390.00,4753.00,13049.00,2364.00,3501.00,2380.00,4098.00,12343.00,2246.00,4697.00,2355.00,4288.00,13586.00,2132.00,4329.00,2350.00,3877.00,12688.00,2119.00,3817.00,2121.00,3492.00,11549.00,1971.00,3463.00,1941.00,3150.00,10525.00,1928.00,3350.00,2000.00,3271.00,10549.00,1916.00,3062.00,1804.00,3142.00,9924.00,1939.00,3448.00,1882.00,3429.00,10698.00,1964.00,3274.00,1863.00,3271.00,10372.00,1933.00,3020.00,1773.00,3166.00,9892.00,1859.00,2767.00,1722.00,2933.00,9281.00,1776.00,2633.76,1598.00,2717.16,8724.92,1918.69,2114.45,..,..,..
Carabao,..III - Central Luzon,1779.00,1459.00,2047.00,1455.00,6740.00,1281.00,1230.00,1618.00,1530.00,5659.00,1351.00,1270.00,1379.00,1598.00,5598.00,1264.00,1283.00,1391.00,1540.00,5478.00,1339.00,1218.00,1298.00,1361.00,5216.00,1098.00,1225.00,1095.00,1500.00,4918.00,971.00,1124.00,1143.00,1473.00,4711.00,889.00,1400.00,1041.00,1605.00,4935.00,899.00,1444.00,987.00,1575.00,4905.00,881.00,1682.00,1010.00,1795.00,5368.00,969.00,1536.00,1081.00,2013.00,5599.00,1030.00,1669.00,1159.00,2287.00,6145.00,1070.00,2034.00,1173.00,2319.00,6596.00,1113.00,2297.00,1035.00,2092.00,6537.00,1183.00,2445.00,1105.00,2181.00,6914.00,1118.00,2311.00,1160.00,2297.00,6886.00,1150.00,2210.00,1144.00,2263.00,6767.00,1180.00,2020.00,1155.00,1488.00,5843.00,1174.00,2123.00,1052.00,1582.00,5931.00,1095.00,2291.00,1048.00,1412.00,5846.00,1068.75,1976.38,866.00,1170.44,5081.57,1098.20,1750.25,..,..,..
Carabao,..IVA - CALABARZON,1208.00,1262.00,1360.00,1361.00,5191.00,1166.00,1347.00,1290.00,1300.00,5103.00,1141.00,1264.00,1285.00,1244.00,4934.00,1118.00,1241.00,1345.00,1281.00,4985.00,1094.00,1383.00,1237.00,1305.00,5019.00,1127.00,1462.00,1280.00,1457.00,5326.00,1375.00,1502.00,1384.00,1570.00,5831.00,1401.00,1570.00,1398.00,1712.00,6081.00,1480.00,1654.00,1335.00,1609.00,6078.00,1560.00,1812.00,1300.00,1858.00,6530.00,1475.00,2005.00,1250.00,1804.00,6534.00,1388.00,2009.00,1259.00,1787.00,6443.00,1380.00,1847.00,1300.00,1879.00,6406.00,1272.00,1685.00,1427.00,2085.00,6469.00,1384.00,1873.00,1354.00,2406.00,7017.00,1461.00,1911.00,1483.00,2636.00,7491.00,1286.00,1740.00,1432.00,2819.00,7277.00,1331.00,1757.00,1442.00,2997.00,7527.00,1335.00,1888.00,1400.00,3002.00,7625.00,1343.00,2099.00,1408.00,3095.00,7945.00,1351.20,1991.52,1101.00,3318.72,7762.44,1497.99,2822.87,..,..,..
Carabao,..MIMAROPA Region,1640.00,1713.00,1863.00,1862.00,7078.00,1730.00,1773.00,1955.00,1970.00,7428.00,1713.00,1968.00,1890.00,1880.00,7451.00,1795.00,2066.00,1966.00,1944.00,7771.00,1878.00,2315.00,2041.00,1847.00,8081.00,1946.00,2610.00,1735.00,2145.00,8436.00,1520.00,2790.00,1725.00,1508.00,7543.00,1538.00,2716.00,1709.00,1233.00,7196.00,1524.00,2613.00,1827.00,1394.00,7358.00,1753.00,2425.00,1664.00,1323.00,7165.00,1828.00,2481.00,1699.00,1342.00,7350.00,1737.00,2441.00,1623.00,1295.00,7096.00,1735.00,2349.00,1664.00,1167.00,6915.00,1772.00,2264.00,1647.00,1136.00,6819.00,1654.00,2106.00,1750.00,1191.00,6701.00,1524.00,1941.00,1555.00,1066.00,6086.00,1513.00,1991.00,1565.00,1100.00,6169.00,1550.00,2088.00,1550.00,1035.00,6223.00,1556.00,1829.00,1470.00,797.00,5652.00,1554.00,1154.00,1581.00,627.00,4916.00,1486.31,1121.25,1588.00,582.29,4777.85,1462.16,2149.50,..,..,..
Carabao,..V - Bicol Region,2986.00,2825.00,2650.00,2158.00,10619.00,3038.00,2677.00,2608.00,2050.00,10373.00,2997.00,2678.00,2731.00,2009.00,10415.00,2607.00,2451.00,2591.00,2126.00,9775.00,2820.00,2574.00,2513.00,2061.00,9968.00,2709.00,3080.00,2418.00,2102.00,10309.00,2649.00,3060.00,2525.00,1896.00,10130.00,2690.00,2601.00,2449.00,2175.00,9915.00,2824.00,2392.00,2492.00,2006.00,9714.00,3078.00,2117.00,2342.00,1869.00,9406.00,2918.00,2566.00,2219.00,1764.00,9467.00,2768.00,2240.00,2125.00,1855.00,8988.00,2516.00,2034.00,1794.00,1844.00,8188.00,2315.00,1937.00,1750.00,1899.00,7901.00,2298.00,2039.00,1751.00,1901.00,7989.00,2340.00,2076.00,1754.00,2033.00,8203.00,2304.00,2054.00,1812.00,2066.00,8236.00,2432.00,1920.00,1872.00,2136.00,8360.00,2425.00,2005.00,1899.00,2168.00,8497.00,2490.00,1906.00,1927.00,2188.00,8511.00,2486.00,1284.29,1899.00,2084.40,7753.69,1866.02,2042.46,..,..,..
Carabao,..VI - Western Visayas,2338.00,2432.00,3106.00,3006.00,10882.00,2053.00,2380.00,3168.00,3156.00,10757.00,2300.00,2856.00,3900.00,4086.00,13142.00,2875.00,3142.00,4500.00,4752.00,15269.00,3669.00,4183.00,4532.00,4942.00,17326.00,4600.00,4490.00,4087.00,4105.00,17282.00,4565.00,4425.00,4320.00,4835.00,18145.00,4770.00,4799.00,4453.00,5223.00,19245.00,4785.00,5064.00,4740.00,5334.00,19923.00,5506.00,5107.00,4879.00,4579.00,20071.00,5734.00,5818.00,4612.00,5103.00,21267.00,5335.00,5417.00,4529.00,5243.00,20524.00,5442.00,4542.00,4464.00,5471.00,19919.00,5140.00,4378.00,4493.00,5847.00,19858.00,5629.00,4656.00,4710.00,6198.00,21193.00,5667.00,4766.00,4720.00,6292.00,21445.00,5349.00,5623.00,4893.00,6702.00,22567.00,5596.00,5706.00,4897.00,6584.00,22783.00,6009.00,5216.00,4798.00,6072.00,22095.00,5707.00,5134.00,4722.00,5682.00,21245.00,5582.63,2910.55,4688.88,3716.96,16899.02,4069.61,4435.77,..,..,..
Carabao,..VII - Central Visayas,1244.00,1370.00,1492.00,1672.00,5778.00,1223.00,1334.00,1268.00,1665.00,5490.00,1345.00,1463.00,1420.00,1582.00,5810.00,1135.00,1475.00,1317.00,1186.00,5113.00,1500.00,1179.00,1381.00,1245.00,5305.00,1480.00,1258.00,1202.00,1405.00,5345.00,1092.00,1461.00,1228.00,1365.00,5146.00,1147.00,1542.00,1188.00,1391.00,5268.00,1160.00,1949.00,1291.00,1518.00,5918.00,1174.00,2012.00,1310.00,1650.00,6146.00,1120.00,2161.00,1425.00,1787.00,6493.00,1140.00,2204.00,1450.00,1823.00,6617.00,1170.00,2268.00,1325.00,1697.00,6460.00,1225.00,2461.00,1307.00,1825.00,6818.00,1250.00,2336.00,1316.00,1834.00,6736.00,1240.00,2431.00,1344.00,1879.00,6894.00,1481.00,2352.00,1508.00,2131.00,7472.00,1574.00,2579.00,1582.00,2240.00,7975.00,1607.00,2762.00,1624.00,2284.00,8277.00,1554.00,2548.00,1625.00,2091.00,7818.00,1578.00,871.45,1225.00,1127.51,4801.95,1415.00,1408.95,..,..,..
Carabao,..VIII - Eastern Visayas,1493.00,2161.00,1841.00,2143.00,7638.00,1500.00,2200.00,1913.00,1950.00,7563.00,1492.00,2318.00,1817.00,2148.00,7775.00,1466.00,2277.00,1544.00,2341.00,7628.00,1459.00,2350.00,1618.00,2485.00,7912.00,1267.00,2230.00,1474.00,2408.00,7379.00,1262.00,2083.00,1590.00,2414.00,7349.00,1386.00,2393.00,1570.00,2611.00,7960.00,1385.00,2941.00,1556.00,3218.00,9100.00,1371.00,3329.00,1520.00,3449.00,9669.00,1365.00,3208.00,1632.00,3821.00,10026.00,1360.00,3538.00,1765.00,4175.00,10838.00,1427.00,3830.00,1850.00,4103.00,11210.00,1420.00,3796.00,1879.00,4162.00,11257.00,1474.00,3977.00,1917.00,4000.00,11368.00,1402.00,3784.00,1983.00,4011.00,11180.00,1156.00,3761.00,1934.00,4073.00,10924.00,1130.00,3419.00,1989.00,3919.00,10457.00,1063.00,3415.00,2020.00,4104.00,10602.00,1097.00,3780.00,2002.00,4725.00,11604.00,1052.00,2837.57,1452.00,3867.42,9208.99,1381.20,2923.17,..,..,..
Carabao,..IX - Zamboanga Peninsula,1661.00,2000.00,1830.00,1999.00,7490.00,1734.00,2009.00,1909.00,1993.00,7645.00,1740.00,2229.00,2291.00,2292.00,8552.00,1887.00,2340.00,2320.00,2343.00,8890.00,2345.00,2702.00,2503.00,2397.00,9947.00,2337.00,2460.00,2215.00,2288.00,9300.00,1745.00,2045.00,1838.00,1377.00,7005.00,1535.00,2270.00,1755.00,1480.00,7040.00,1522.00,2267.00,1748.00,1312.00,6849.00,1501.00,2203.00,1744.00,1371.00,6819.00,1569.00,2173.00,1765.00,1451.00,6958.00,1969.00,2414.00,1811.00,1526.00,7720.00,2073.00,2074.00,1865.00,1474.00,7486.00,2110.00,2214.00,1644.00,1333.00,7301.00,2068.00,2288.00,1665.00,1212.00,7233.00,2113.00,2346.00,1690.00,1234.00,7383.00,2098.00,2409.00,1770.00,1337.00,7614.00,2262.00,2381.00,1912.00,1445.00,8000.00,2325.00,2459.00,1963.00,1487.00,8234.00,2294.00,2475.00,2012.00,1323.00,8104.00,2327.26,2027.87,2045.00,1227.54,7627.67,2387.52,2165.32,..,..,..
Carabao,..X - Northern Mindanao,1257.00,1424.00,1381.00,1638.00,5700.00,1184.00,1452.00,1541.00,1878.00,6055.00,1362.00,1684.00,1849.00,1990.00,6885.00,1485.00,1765.00,1730.00,2149.00,7129.00,1400.00,2050.00,1750.00,2223.00,7423.00,1467.00,2255.00,1678.00,1956.00,7356.00,1540.00,1829.00,1654.00,1760.00,6783.00,1494.00,1805.00,1630.00,1969.00,6898.00,1464.00,1949.00,1600.00,2070.00,7083.00,1495.00,2047.00,1710.00,2133.00,7385.00,1570.00,2209.00,1798.00,2271.00,7848.00,1553.00,2409.00,1906.00,2458.00,8326.00,1584.00,2346.00,1830.00,2778.00,8538.00,1530.00,2475.00,1885.00,2809.00,8699.00,1561.00,2507.86,1904.00,2954.00,8926.86,1592.00,2459.00,1954.00,2981.00,8986.00,1568.00,2858.00,1983.00,3192.00,9601.00,1505.00,2730.00,2023.00,3500.00,9758.00,1535.00,2872.00,1972.00,3391.00,9770.00,1485.00,2813.00,1953.00,3397.00,9648.00,1508.33,2211.65,1930.00,2925.04,8575.02,1722.71,2759.72,..,..,..
Carabao,..XI - Davao Region,1677.00,1851.00,2086.00,2377.00,7991.00,1827.00,1919.00,2290.00,2667.00,8703.00,2304.00,2062.00,2272.00,2668.00,9306.00,2511.00,1885.00,2377.00,2581.00,9354.00,2650.00,2134.00,2739.00,2781.00,10304.00,2366.00,2067.00,2593.00,2690.00,9716.00,2258.00,1668.00,2504.00,3032.00,9462.00,2467.00,2221.00,2901.00,3510.00,11099.00,2432.00,2254.00,3193.00,3885.00,11764.00,2257.00,2493.00,3333.00,3781.00,11864.00,2339.00,2872.00,3451.00,3955.00,12617.00,2397.00,2627.00,3536.00,4117.00,12677.00,2551.00,2642.00,3420.00,3600.00,12213.00,2482.00,2568.00,3277.00,3413.00,11740.00,2426.00,2798.00,3118.00,3643.00,11985.00,2666.00,3074.00,3254.00,3949.00,12943.00,2522.00,3464.00,3283.00,3913.00,13182.00,2567.00,3530.00,3230.00,3849.00,13176.00,2586.00,3251.00,3087.00,3997.00,12921.00,2404.00,3514.00,3046.00,4069.00,13033.00,2350.00,2517.48,3006.00,2305.28,10178.76,2020.55,3611.61,..,..,..
Carabao,..XII - SOCCSKSARGEN,2479.00,3092.00,2826.00,3608.00,12005.00,2547.00,3061.00,2914.00,3971.00,12493.00,2929.00,3225.00,3497.00,4567.00,14218.00,3075.00,3075.00,3222.00,4576.00,13948.00,3170.00,3184.00,3604.00,4169.00,14127.00,2850.00,2774.00,3040.00,3695.00,12359.00,2986.00,2845.00,3136.00,3420.00,12387.00,2906.00,2970.00,3341.00,3455.00,12672.00,3070.00,3061.00,2638.00,3458.00,12227.00,2953.00,3097.00,2584.00,3482.00,12116.00,3066.00,3371.00,2704.00,3690.00,12831.00,3004.00,3667.00,2525.00,3442.00,12638.00,2823.00,3281.00,2554.00,3650.00,12308.00,2759.00,3186.00,2660.00,3907.00,12512.00,2731.00,3243.00,2527.00,3829.00,12330.00,2553.00,2986.00,2133.00,3200.00,10872.00,2463.00,3386.00,2099.00,2886.00,10834.00,2630.00,3635.00,1989.00,2556.00,10810.00,2541.00,3314.00,2029.00,2671.00,10555.00,2435.00,3051.00,2066.00,2902.00,10454.00,2307.00,2724.94,1871.18,2558.77,9461.89,2471.83,2220.33,..,..,..
Carabao,..XIII - Caraga,1019.00,892.00,666.00,905.00,3482.00,1060.00,956.00,710.00,917.00,3643.00,1061.00,927.00,733.00,867.00,3588.00,1066.00,908.00,706.00,850.00,3530.00,1061.00,978.00,779.00,826.00,3644.00,1068.00,1005.00,758.00,802.00,3633.00,1045.00,1071.00,793.00,742.00,3651.00,1276.00,1306.00,798.00,974.00,4354.00,1285.00,1341.00,786.00,1096.00,4508.00,1150.00,1037.00,782.00,1200.00,4169.00,1196.00,1107.00,798.00,1334.00,4435.00,1034.00,1044.00,774.00,1109.00,3961.00,1054.00,555.00,762.00,1133.00,3504.00,1000.00,503.00,748.00,967.00,3218.00,792.00,390.00,753.00,976.00,2911.00,710.00,348.00,712.00,907.00,2677.00,745.00,350.00,700.00,829.00,2624.00,662.00,499.00,650.00,744.00,2555.00,664.00,501.00,670.00,699.00,2534.00,633.00,605.00,650.00,585.00,2473.00,530.00,497.57,642.00,700.39,2369.96,467.05,485.74,..,..,..
Carabao,..ARMM,1036.00,1653.00,1819.00,2268.00,6776.00,881.00,1712.00,1837.00,2575.00,7005.00,933.00,1678.00,1735.00,2716.00,7062.00,800.00,1594.00,1480.00,2259.00,6133.00,795.00,1662.00,1245.00,2372.00,6074.00,603.00,727.00,1312.00,2197.00,4839.00,746.00,840.00,1183.00,2804.00,5573.00,879.00,1216.00,1865.00,2838.00,6798.00,950.00,1975.00,1822.00,3689.00,8436.00,920.00,2106.00,1650.00,3821.00,8497.00,1000.00,2345.00,1738.00,4143.00,9226.00,950.00,2342.00,1999.00,4278.00,9569.00,930.00,1996.00,1635.00,3490.00,8051.00,920.00,1815.00,1802.00,3227.00,7764.00,870.00,1835.00,1714.00,3328.00,7747.00,780.00,1272.00,1749.00,3452.00,7253.00,861.00,1399.00,1711.00,3345.00,7316.00,878.00,1272.00,1716.00,3899.00,7765.00,854.00,1256.00,1593.00,4411.00,8114.00,900.00,1285.00,1611.00,4550.00,8346.00,850.00,962.78,1550.00,3703.39,7066.17,546.34,1611.52,..,..,..
Cattle,PHILIPPINES,66996.00,65059.00,71060.00,68441.00,271556.00,63383.00,61051.00,68746.00,68003.00,261183.00,62586.00,62008.00,67750.00,68714.00,261058.00,62363.00,61936.00,65476.00,68690.00,258465.00,61579.00,62518.00,61064.00,70820.00,255981.00,58487.00,60988.00,58461.00,68813.00,246749.00,56543.00,59813.00,55421.00,66497.00,238274.00,56379.00,58421.00,55203.00,66868.00,236871.00,55785.00,59834.00,55250.00,68287.00,239156.00,55967.00,61817.00,56268.00,71048.00,245100.00,57911.00,64930.00,55595.00,73307.00,251743.00,57750.00,65588.00,57561.00,75359.00,256258.00,58957.00,63881.00,58083.00,73062.00,253983.00,59898.00,65744.00,58267.00,74545.00,258454.00,60304.00,66022.26,58737.00,76256.00,261319.26,60774.00,69494.00,58866.00,77763.00,266897.00,61089.00,70280.00,59865.00,79181.00,270415.00,61982.00,68837.00,59314.00,76168.00,266301.00,61255.00,66460.00,59379.00,76216.00,263310.00,61305.00,65198.00,59268.00,74853.00,260624.00,60618.70,45995.41,53361.73,69151.00,229126.84,53240.14,60988.71,..,..,..
Cattle,..NCR,..,..,..,..,..,..,..,..,..,..,..,..,..,..,..,..,..,..,..,..,..,..,..,..,..,..,..,..,..,..,..,..,..,..,..,..,..,..,..,..,..,..,..,..,..,..,..,..,..,..,..,..,..,..,..,..,..,..,..,..,..,..,..,..,..,..,..,..,..,..,..,..,..,..,..,..,..,..,..,..,..,..,..,..,..,..,..,..,..,..,..,..,..,..,..,..,..,..,..,..,..,..,..,..,..,..,..,..,..,..
Cattle,..CAR,1626.00,1623.00,1765.00,1681.00,6695.00,1502.00,1785.00,1753.00,1513.00,6553.00,1705.00,2061.00,1815.00,1551.00,7132.00,1683.00,1895.00,1868.00,1650.00,7096.00,1614.00,1694.00,1641.00,1543.00,6492.00,1453.00,1453.00,1498.00,1520.00,5924.00,1382.00,1365.00,1430.00,1647.00,5824.00,1400.00,1472.00,1447.00,1876.00,6195.00,1274.00,1365.00,1341.00,1782.00,5762.00,1210.00,1214.00,1302.00,1775.00,5501.00,1231.00,1083.00,1305.00,1343.00,4962.00,1176.00,1120.00,1360.00,1238.00,4894.00,1271.00,863.00,1428.00,1094.00,4656.00,1335.00,785.00,1372.00,1171.00,4663.00,1281.00,752.00,1341.00,1196.00,4570.00,1240.00,729.00,1368.00,1093.00,4430.00,1302.00,721.00,1284.00,1026.00,4333.00,1240.00,685.00,1245.00,985.00,4155.00,1156.00,639.00,1220.00,985.00,4000.00,1133.00,595.00,1195.00,953.00,3876.00,1019.70,379.32,1075.00,882.91,3356.93,705.05,699.04,..,..,..
Cattle,..I - Ilocos Region,9483.00,9182.00,9910.00,8885.00,37460.00,8707.00,8127.00,9483.00,8828.00,35145.00,8505.00,7874.00,9107.00,7817.00,33303.00,7999.00,7177.00,8474.00,7542.00,31192.00,7644.00,7764.00,7861.00,7236.00,30505.00,7120.00,7405.00,7239.00,7000.00,28764.00,6743.00,6815.00,7452.00,7075.00,28085.00,6871.00,6682.00,7037.00,7431.00,28021.00,6801.00,6766.00,7023.00,7391.00,27981.00,6909.00,6733.00,7153.00,6153.00,26948.00,7116.00,7046.00,7366.00,5779.00,27307.00,6726.00,7131.00,7000.00,5960.00,26817.00,6821.00,7117.00,7144.00,5897.00,26979.00,6966.00,7708.00,7344.00,5799.00,27817.00,6945.00,7436.00,7487.00,5836.00,27704.00,7092.00,7527.00,7195.00,6532.00,28346.00,6919.00,7365.00,7235.00,6248.00,27767.00,6902.00,7543.00,7149.00,5782.00,27376.00,6898.00,6907.00,7196.00,6287.00,27288.00,6990.00,7240.00,7320.00,6689.00,28239.00,7176.70,5402.08,6691.21,5866.88,25136.87,6214.40,7404.34,..,..,..
Cattle,..II - Cagayan Valley,4067.00,4605.00,4600.00,3731.00,17003.00,3437.00,3937.00,4430.00,3594.00,15398.00,3276.00,3991.00,4498.00,3362.00,15127.00,3190.00,4352.00,4042.00,3497.00,15081.00,3066.00,4395.00,4098.00,3831.00,15390.00,3479.00,3622.00,4114.00,4079.00,15294.00,3280.00,3203.00,3589.00,3700.00,13772.00,3382.00,2775.00,3467.00,3472.00,13096.00,3380.00,2923.00,3120.00,3577.00,13000.00,3213.00,2928.00,3136.00,3006.00,12283.00,3682.00,3354.00,3156.00,2928.00,13120.00,3692.00,3281.00,3380.00,3210.00,13563.00,3700.00,3167.00,3533.00,3712.00,14112.00,3780.00,3203.00,3566.00,3787.00,14336.00,3781.00,2840.00,3835.00,4083.00,14539.00,3823.00,2807.00,3490.00,3986.00,14106.00,3923.00,3183.00,3760.00,4241.00,15107.00,3801.00,3145.00,3458.00,3924.00,14328.00,3782.00,2877.00,3291.00,3728.00,13678.00,3801.00,3057.00,3288.00,3844.00,13990.00,3804.67,2553.33,3132.00,3813.78,13303.78,3632.66,2761.65,..,..,..
Cattle,..III - Central Luzon,4999.00,4804.00,5725.00,5020.00,20548.00,4266.00,4384.00,5974.00,5091.00,19715.00,4420.00,4707.00,6150.00,5126.00,20403.00,4307.00,4636.00,5965.00,4371.00,19279.00,4134.00,4126.00,5049.00,4266.00,17575.00,3915.00,4393.00,4861.00,4102.00,17271.00,3471.00,4245.00,4216.00,4734.00,16666.00,3401.00,4160.00,4573.00,4828.00,16962.00,3435.00,4230.00,4321.00,4814.00,16800.00,3297.00,4401.00,4694.00,4904.00,17296.00,4267.00,4051.00,4225.00,5561.00,18104.00,4337.00,4246.00,4270.00,5571.00,18424.00,4489.00,4704.00,4307.00,5103.00,18603.00,4414.00,4968.00,4205.00,5351.00,18938.00,4106.00,4627.00,4115.00,5563.00,18411.00,4370.00,4660.00,4083.00,5201.00,18314.00,4451.00,5019.00,4187.00,5133.00,18790.00,3735.00,3875.00,4064.00,4524.00,16198.00,4306.00,4087.00,4311.00,4684.00,17388.00,4265.00,3442.00,4271.00,5110.00,17088.00,4288.40,2493.67,3217.00,6413.85,16412.92,3184.85,3025.96,..,..,..
Cattle,..IVA - CALABARZON,4957.00,4498.00,4833.00,5385.00,19673.00,4265.00,3904.00,4317.00,5613.00,18099.00,4476.00,4399.00,4248.00,6009.00,19132.00,4668.00,4377.00,4184.00,5934.00,19163.00,4128.00,5089.00,4017.00,6472.00,19706.00,3922.00,5487.00,3856.00,5792.00,19057.00,4300.00,5753.00,3834.00,6150.00,20037.00,4410.00,6100.00,3901.00,6687.00,21098.00,4772.00,6663.00,3739.00,7627.00,22801.00,4962.00,7603.00,3813.00,7815.00,24193.00,4532.00,8652.00,3632.00,7895.00,24711.00,4669.00,8896.00,3832.00,7233.00,24630.00,5040.00,7978.00,4078.00,7098.00,24194.00,5170.00,8068.00,3790.00,7761.00,24789.00,5430.00,9122.00,3963.00,7632.00,26147.00,5219.00,10301.00,4053.00,8478.00,28051.00,5202.00,10145.00,4167.00,9141.00,28655.00,5285.00,9510.00,4274.00,9057.00,28126.00,4899.00,8710.00,4018.00,9907.00,27534.00,4775.00,9513.00,3952.00,9070.00,27310.00,4576.36,8173.48,3455.00,9318.62,25523.46,4816.66,9676.21,..,..,..
Cattle,..MIMAROPA Region,2657.00,2412.00,2634.00,2936.00,10639.00,2403.00,2200.00,2401.00,3121.00,10125.00,2511.00,2467.00,2398.00,3227.00,10603.00,2455.00,2401.00,2362.00,3251.00,10469.00,2480.00,2375.00,2217.00,3508.00,10580.00,2345.00,2740.00,2127.00,3423.00,10635.00,2252.00,3035.00,2153.00,3261.00,10701.00,2172.00,2692.00,2012.00,3800.00,10676.00,2027.00,2751.00,2081.00,4231.00,11090.00,2168.00,2759.00,2109.00,4739.00,11775.00,2171.00,2201.00,2001.00,4361.00,10734.00,2236.00,2081.00,2125.00,4555.00,10997.00,2327.00,2067.00,2106.00,4366.00,10866.00,2337.00,2190.00,2132.00,4490.00,11149.00,2300.00,2221.00,2250.00,4876.00,11647.00,2499.00,2473.00,2290.00,5006.00,12268.00,2541.00,2522.00,2313.00,5090.00,12466.00,2600.00,2644.00,2337.00,5222.00,12803.00,2436.00,2445.00,2280.00,5015.00,12176.00,2440.00,2076.00,2167.00,4765.00,11448.00,2373.34,1276.54,1993.00,3009.39,8652.27,2444.20,2677.68,..,..,..
Cattle,..V - Bicol Region,4265.00,3556.00,3971.00,3806.00,15598.00,4137.00,3200.00,3890.00,3387.00,14614.00,3972.00,3381.00,3942.00,3044.00,14339.00,3734.00,3719.00,3621.00,3105.00,14179.00,3466.00,3823.00,3259.00,3152.00,13700.00,3254.00,3364.00,3455.00,3373.00,13446.00,3193.00,3339.00,2950.00,3468.00,12950.00,3265.00,3495.00,2714.00,3121.00,12595.00,2884.00,2421.00,3290.00,3507.00,12102.00,3094.00,3004.00,3147.00,3798.00,13043.00,3280.00,3064.00,3446.00,3988.00,13778.00,3435.00,2608.00,3587.00,4067.00,13697.00,3411.00,2450.00,3372.00,4701.00,13934.00,3801.00,2868.00,3358.00,4840.00,14867.00,4135.00,3133.00,3360.00,5011.00,15639.00,4067.00,3380.00,3467.00,5541.00,16455.00,4213.00,3524.00,3599.00,5633.00,16969.00,4359.00,4097.00,3736.00,5358.00,17550.00,4286.00,4099.00,3773.00,5111.00,17269.00,4364.00,4313.00,3800.00,5208.00,17685.00,4336.33,3662.36,3787.00,4903.80,16689.49,2589.99,5939.76,..,..,..
Cattle,..VI - Western Visayas,5222.00,5061.00,5336.00,4644.00,20263.00,5457.00,5229.00,5600.00,4178.00,20464.00,5512.00,5457.00,6720.00,5292.00,22981.00,5779.00,5757.00,6538.00,6562.00,24636.00,5871.00,5919.00,6092.00,7224.00,25106.00,5278.00,5356.00,5711.00,6130.00,22475.00,4750.00,5064.00,4896.00,4979.00,19689.00,4904.00,4933.00,4422.00,4521.00,18780.00,5225.00,4244.00,4336.00,4452.00,18257.00,5048.00,5168.00,4730.00,4832.00,19778.00,4200.00,4300.00,5209.00,5315.00,19024.00,4229.00,4586.00,5658.00,6052.00,20525.00,4374.00,5197.00,5510.00,6539.00,21620.00,4766.00,6132.00,5483.00,6735.00,23116.00,5190.00,6622.26,5346.00,7007.00,24165.26,5047.00,6873.00,5614.00,6709.00,24243.00,5419.00,6429.00,5750.00,7114.00,24712.00,5664.00,6913.00,5652.00,7337.00,25566.00,5660.00,6782.00,5597.00,6933.00,24972.00,5610.00,5847.00,5634.00,6288.00,23379.00,5633.90,2778.44,4848.00,5293.36,18553.70,4813.63,4235.90,..,..,..
Cattle,..VII - Central Visayas,7846.00,7121.00,9240.00,9476.00,33683.00,7728.00,7314.00,8592.00,9510.00,33144.00,7336.00,6652.00,8003.00,9714.00,31705.00,7784.00,6120.00,7657.00,9228.00,30789.00,8498.00,5594.00,6971.00,10023.00,31086.00,7928.00,5393.00,6654.00,10799.00,30774.00,7123.00,4685.00,6320.00,8035.00,26163.00,6395.00,4097.00,6215.00,7034.00,23741.00,5972.00,4447.00,6198.00,7267.00,23884.00,6103.00,4536.00,6055.00,7650.00,24344.00,6430.00,4895.00,5695.00,7330.00,24350.00,6335.00,4837.00,6140.00,8022.00,25334.00,6440.00,4630.00,6035.00,8277.00,25382.00,6050.00,4381.00,6175.00,7927.00,24533.00,6060.00,4270.00,6138.00,8006.00,24474.00,5979.00,4359.00,5925.00,7800.00,24063.00,5782.00,4556.00,6258.00,8187.00,24783.00,6213.00,4868.00,6310.00,7838.00,25229.00,6227.00,4869.00,6210.00,7655.00,24961.00,6074.00,4155.00,6260.00,6967.00,23456.00,6171.33,1370.84,4157.00,5207.26,16906.43,4220.28,3618.88,..,..,..
Cattle,..VIII - Eastern Visayas,662.00,766.00,980.00,967.00,3375.00,608.00,668.00,901.00,918.00,3095.00,656.00,655.00,987.00,945.00,3243.00,678.00,706.00,1001.00,1016.00,3401.00,699.00,741.00,1081.00,1077.00,3598.00,692.00,790.00,1063.00,1009.00,3554.00,720.00,847.00,713.00,680.00,2960.00,672.00,758.00,874.00,495.00,2799.00,664.00,573.00,880.00,448.00,2565.00,656.00,779.00,820.00,410.00,2665.00,648.00,693.00,535.00,370.00,2246.00,669.00,729.00,581.00,415.00,2394.00,620.00,633.00,590.00,424.00,2267.00,615.00,628.00,662.00,578.00,2483.00,555.00,576.00,672.00,490.00,2293.00,476.00,605.00,642.00,529.00,2252.00,443.00,637.00,672.00,554.00,2306.00,452.00,576.00,644.00,510.00,2182.00,468.00,606.00,602.00,465.00,2141.00,471.00,654.00,620.00,567.00,2312.00,438.00,539.69,530.00,608.96,2116.65,623.81,839.90,..,..,..
Cattle,..IX - Zamboanga Peninsula,3236.00,3453.00,4034.00,4164.00,14887.00,3345.00,3595.00,4013.00,4677.00,15630.00,3122.00,3480.00,4263.00,4942.00,15807.00,3240.00,3776.00,4134.00,4979.00,16129.00,3435.00,3791.00,4168.00,4949.00,16343.00,3420.00,3678.00,3774.00,4649.00,15521.00,3425.00,3957.00,3849.00,4662.00,15893.00,3413.00,3973.00,3858.00,4772.00,16016.00,3398.00,3963.00,3788.00,4862.00,16011.00,3479.00,2768.00,3829.00,4131.00,14207.00,3896.00,2187.00,3676.00,4357.00,14116.00,3962.00,2065.00,3577.00,4249.00,13853.00,3900.00,2081.00,3756.00,3420.00,13157.00,3602.00,1888.00,3699.00,3488.00,12677.00,3572.00,1823.00,3684.00,3158.00,12237.00,3436.00,1840.00,3831.00,3009.00,12116.00,2939.00,1583.00,3597.00,3096.00,11215.00,2764.00,1757.00,3744.00,2973.00,11238.00,2664.00,1994.00,3817.00,2911.00,11386.00,2714.00,1434.00,3878.00,3019.00,11045.00,2689.57,1028.79,4013.00,2130.08,9861.44,1166.40,2979.84,..,..,..
Cattle,..X - Northern Mindanao,7866.00,8012.00,7567.00,6472.00,29917.00,8047.00,7236.00,7439.00,6433.00,29155.00,8097.00,7525.00,6455.00,6429.00,28506.00,7692.00,7442.00,6310.00,6462.00,27906.00,7700.00,7770.00,6133.00,6500.00,28103.00,7089.00,8547.00,6174.00,6435.00,28245.00,7656.00,8890.00,5963.00,6890.00,29399.00,7706.00,8579.00,6310.00,7223.00,29818.00,7783.00,9150.00,6270.00,7466.00,30669.00,7855.00,9450.00,6450.00,9860.00,33615.00,8169.00,10696.00,6480.00,9085.00,34430.00,7924.00,11167.00,6674.00,9459.00,35224.00,8241.00,11406.00,7008.00,9478.00,36133.00,8545.00,11176.00,7350.00,9607.00,36678.00,8887.00,11418.00,7719.00,9821.00,37845.00,9027.00,12078.00,7873.00,10122.00,39100.00,9253.00,12003.00,7816.00,10335.00,39407.00,9901.00,10486.00,7776.00,9381.00,37544.00,9807.00,11011.00,7932.00,9500.00,38250.00,10027.00,10468.00,7660.00,9875.00,38030.00,9603.00,8473.37,7618.00,9006.73,34701.10,10618.51,8889.06,..,..,..
Cattle,..XI - Davao Region,2832.00,2854.00,3281.00,3196.00,12163.00,2965.00,2801.00,3264.00,3059.00,12089.00,2829.00,2919.00,3211.00,3367.00,12326.00,2924.00,2978.00,2993.00,3196.00,12091.00,2557.00,2891.00,2741.00,2902.00,11091.00,2430.00,3180.00,2708.00,2866.00,11184.00,2393.00,2910.00,2804.00,3456.00,11563.00,2460.00,2689.00,2324.00,2997.00,10470.00,2355.00,2616.00,2538.00,2936.00,10445.00,2375.00,2633.00,2492.00,2700.00,10200.00,2519.00,3300.00,2416.00,3202.00,11437.00,2613.00,3358.00,2469.00,3284.00,11724.00,2623.00,3063.00,2712.00,3043.00,11441.00,2667.00,3168.00,2796.00,3223.00,11854.00,2666.00,3445.00,2825.00,3509.00,12445.00,2715.00,3496.00,2892.00,3644.00,12747.00,2841.00,3386.00,2908.00,3696.00,12831.00,2872.00,3560.00,2939.00,3934.00,13305.00,2785.00,3488.00,2921.00,3927.00,13121.00,2820.00,3928.00,2923.00,3778.00,13449.00,2904.00,2435.22,2884.00,3663.34,11886.56,2710.93,2094.50,..,..,..
Cattle,..XII - SOCCSKSARGEN,4484.00,4439.00,4616.00,4467.00,18006.00,3945.00,3770.00,4134.00,4048.00,15897.00,3568.00,3845.00,3773.00,3731.00,14917.00,3544.00,3907.00,4070.00,3719.00,15240.00,3503.00,3696.00,3568.00,3744.00,14511.00,3520.00,3462.00,3280.00,3799.00,14061.00,3084.00,3299.00,3102.00,4065.00,13550.00,3275.00,3421.00,3249.00,4538.00,14483.00,3495.00,4264.00,3589.00,5125.00,16473.00,3402.00,4725.00,3748.00,5236.00,17111.00,3555.00,5155.00,4040.00,5760.00,18510.00,3504.00,5129.00,4314.00,6327.00,19274.00,3574.00,5158.00,4106.00,5740.00,18578.00,3628.00,5287.00,4353.00,5335.00,18603.00,3350.00,4829.00,4157.00,5625.00,17961.00,3700.00,5388.00,4356.00,5793.00,19237.00,3601.00,5726.00,4468.00,5119.00,18914.00,3954.00,6185.00,4105.00,4418.00,18662.00,3584.00,5499.00,4151.00,4036.00,17270.00,3516.00,4967.00,4276.00,3745.00,16504.00,3350.40,3438.54,3983.52,4301.21,15073.67,3378.56,3582.77,..,..,..
Cattle,..XIII - Caraga,320.00,305.00,448.00,350.00,1423.00,325.00,317.00,491.00,298.00,1431.00,344.00,320.00,466.00,258.00,1388.00,347.00,336.00,457.00,292.00,1432.00,351.00,393.00,428.00,310.00,1482.00,372.00,378.00,395.00,300.00,1445.00,399.00,334.00,325.00,368.00,1426.00,394.00,219.00,390.00,384.00,1387.00,400.00,300.00,400.00,210.00,1310.00,410.00,228.00,390.00,196.00,1224.00,415.00,267.00,400.00,284.00,1366.00,393.00,265.00,410.00,305.00,1373.00,328.00,343.00,405.00,365.00,1441.00,335.00,376.00,388.00,412.00,1511.00,338.00,399.00,390.00,414.00,1541.00,337.00,406.00,320.00,358.00,1421.00,344.00,441.00,400.00,492.00,1677.00,340.00,415.00,370.00,443.00,1568.00,330.00,423.00,360.00,316.00,1429.00,325.00,557.00,375.00,371.00,1628.00,304.00,401.90,378.00,404.68,1488.58,279.57,413.81,..,..,..
Cattle,..ARMM,2474.00,2368.00,2120.00,3261.00,10223.00,2246.00,2584.00,2064.00,3735.00,10629.00,2257.00,2275.00,1714.00,3900.00,10146.00,2339.00,2357.00,1800.00,3886.00,10382.00,2433.00,2457.00,1740.00,4083.00,10713.00,2270.00,1740.00,1552.00,3537.00,9099.00,2372.00,2072.00,1825.00,3327.00,9596.00,2259.00,2376.00,2410.00,3689.00,10734.00,1920.00,3158.00,2336.00,2592.00,10006.00,1786.00,2888.00,2400.00,3843.00,10917.00,1800.00,3986.00,2013.00,5749.00,13548.00,1850.00,4089.00,2184.00,5412.00,13535.00,1798.00,3024.00,1993.00,3805.00,10620.00,1887.00,2918.00,1594.00,4041.00,10440.00,1708.00,2509.00,1455.00,4029.00,9701.00,1747.00,2572.00,1467.00,3962.00,9748.00,1916.00,3040.00,1451.00,4076.00,10483.00,1900.00,2578.00,1511.00,4482.00,10471.00,1967.00,2024.00,1700.00,4756.00,10447.00,1980.00,2952.00,1649.00,4604.00,11185.00,1949.00,1587.84,1600.00,4326.15,9462.99,1840.63,2149.43,..,..,..
Hog,PHILIPPINES,364520.00,354890.00,356212.00,442321.00,1517943.00,378598.00,374080.00,372383.00,459455.00,1584516.00,396141.00,392540.00,394350.00,484732.00,1667763.00,414609.00,406450.00,412427.00,499601.00,1733087.00,431024.00,407543.00,395530.00,475307.00,1709404.00,435529.00,418529.00,417914.00,499310.00,1771282.00,450267.00,439175.00,432450.00,514244.00,1836136.00,462081.00,454575.00,438973.00,530375.00,1886004.00,442695.00,434249.00,441567.00,537215.00,1855726.00,453889.00,446548.00,447302.00,529600.00,1877339.00,455481.00,459398.00,444904.00,538375.00,1898158.00,458391.00,466009.00,457647.00,558300.00,1940347.00,474048.00,460142.00,466360.00,573067.00,1973617.00,475746.00,480501.00,474534.00,581392.00,2012173.00,481712.00,484286.00,481998.00,584307.00,2032303.00,499889.00,511422.00,500112.00,608910.00,2120333.00,527213.00,549315.00,522837.00,632295.00,2231660.00,545670.00,542065.00,527602.00,649678.00,2265015.00,558725.00,557273.00,541034.00,662732.00,2319764.00,567419.00,580110.00,551616.00,597505.81,2296650.81,568672.63,550017.27,508905.99,515050.85,2142646.73,421793.69,406065.92,..,..,..
Hog,..NCR,..,..,..,..,..,..,..,..,..,..,..,..,..,..,..,..,..,..,..,..,..,..,..,..,..,..,..,..,..,..,..,..,..,..,..,..,..,..,..,..,..,..,..,..,..,..,..,..,..,..,..,..,..,..,..,..,..,..,..,..,..,..,..,..,..,..,..,..,..,..,..,..,..,..,..,..,..,..,..,..,..,..,..,..,..,..,..,..,..,..,..,..,..,..,..,..,..,..,..,..,..,..,..,..,..,..,92.92,..,..,..
Hog,..CAR,9172.00,9497.00,7972.00,8739.00,35380.00,9623.00,10447.00,8164.00,9061.00,37295.00,10096.00,11303.00,8868.00,10044.00,40311.00,10330.00,11814.00,9445.00,10606.00,42195.00,9751.00,11329.00,9249.00,10259.00,40588.00,9283.00,11160.00,8437.00,11336.00,40216.00,9946.00,11511.00,8093.00,10537.00,40087.00,10814.00,12746.00,8520.00,12424.00,44504.00,10284.00,12984.00,7456.00,12838.00,43562.00,9256.00,11227.00,7548.00,11554.00,39585.00,8664.00,9706.00,7227.00,10268.00,35865.00,7643.00,8747.00,7368.00,9592.00,33350.00,6817.00,7566.00,7408.00,9798.00,31589.00,6580.00,7680.00,6866.00,9407.00,30533.00,6342.00,7170.00,6648.00,8611.00,28771.00,5496.00,6545.00,6491.00,8215.00,26747.00,5910.00,6757.00,6044.00,7650.00,26361.00,5575.00,6310.00,6151.00,7797.00,25833.00,5817.00,5941.00,6694.00,8203.00,26655.00,6309.00,6252.00,6385.00,7701.45,26647.45,6105.91,5709.17,7300.51,6666.35,25781.93,5364.28,5382.82,..,..,..
Hog,..I - Ilocos Region,19076.00,16891.00,15940.00,22379.00,74286.00,19920.00,18309.00,16578.00,22345.00,77152.00,20169.00,18723.00,16833.00,23472.00,79197.00,19742.00,18161.00,18387.00,22857.00,79147.00,21936.00,17720.00,16880.00,20699.00,77235.00,19535.00,18377.00,16633.00,19874.00,74419.00,18002.00,18402.00,16510.00,19947.00,72861.00,18091.00,18701.00,15988.00,20671.00,73451.00,17478.00,18869.00,14516.00,20226.00,71089.00,17564.00,18069.00,16410.00,20686.00,72729.00,17575.00,19028.00,16558.00,20753.00,73914.00,18387.00,19450.00,16958.00,21156.00,75951.00,19220.00,21261.00,18883.00,22342.00,81706.00,19813.00,21819.00,19396.00,21949.00,82977.00,19528.00,20959.00,18730.00,22392.00,81609.00,20283.00,20869.00,19376.00,22203.00,82731.00,20913.00,22589.00,19412.00,23639.00,86553.00,22006.00,23482.00,19957.00,24620.00,90065.00,22061.00,25607.00,21649.00,25367.00,94684.00,23700.00,26014.00,21481.00,23373.00,94568.00,25702.36,24021.68,22977.34,19522.00,92223.38,15252.18,14804.11,..,..,..
Hog,..II - Cagayan Valley,20450.00,20712.00,18390.00,22459.00,82011.00,21779.00,22814.00,19585.00,23238.00,87416.00,22212.00,24296.00,21249.00,25468.00,93225.00,24100.00,25025.00,22200.00,27395.00,98720.00,26847.00,24770.00,20157.00,24940.00,96714.00,24475.00,25663.00,20044.00,23678.00,93860.00,23605.00,23654.00,20371.00,23100.00,90730.00,20900.00,19910.00,18945.00,16669.00,76424.00,19176.00,17369.00,16449.00,15819.00,68813.00,18107.00,17185.00,16589.00,15720.00,67601.00,17338.00,17841.00,15358.00,15567.00,66104.00,17078.00,17104.00,15854.00,16203.00,66239.00,17311.00,17153.00,16961.00,17100.00,68525.00,17456.00,16801.00,17264.00,17245.00,68766.00,17540.00,16120.00,16215.00,17218.00,67093.00,17663.00,16741.00,16861.00,17588.00,68853.00,17702.00,18426.00,17205.00,18023.00,71356.00,17763.00,18270.00,17529.00,19307.00,72869.00,17634.00,17102.00,17694.00,19375.00,71805.00,17554.00,17655.00,17801.00,19478.00,72488.00,17489.50,18136.56,18703.08,14592.59,68921.74,13825.86,8462.80,..,..,..
Hog,..III - Central Luzon,60575.00,56376.00,58339.00,79720.00,255010.00,62743.00,56723.00,60239.00,80552.00,260257.00,69608.00,62218.00,65566.00,85121.00,282513.00,70443.00,65565.00,66950.00,86652.00,289610.00,72134.00,60320.00,60637.00,74004.00,267095.00,74298.00,61528.00,64596.00,80445.00,280867.00,79558.00,63780.00,66986.00,88892.00,299216.00,81600.00,68435.00,65646.00,92447.00,308128.00,69458.00,55843.00,66972.00,95701.00,287974.00,65346.00,60694.00,68311.00,89974.00,284325.00,63927.00,60610.00,70248.00,94256.00,289041.00,66829.00,63029.00,76068.00,103729.00,309655.00,70415.00,68733.00,81024.00,118321.00,338493.00,76752.00,80316.00,83115.00,122158.00,362341.00,81383.00,84068.00,86674.00,128549.00,380674.00,86014.00,94607.00,98953.00,142960.00,422534.00,96483.00,110047.00,105608.00,150292.00,462430.00,104566.00,93030.00,99610.00,150311.00,447517.00,109400.00,101748.00,104463.00,156941.00,472552.00,111603.00,106003.00,102919.00,97223.00,417748.00,112574.64,104431.20,55946.50,49457.15,322409.50,27193.68,23952.02,..,..,..
Hog,..IVA - CALABARZON,41506.00,38397.00,41534.00,49953.00,171390.00,46039.00,43748.00,45589.00,56040.00,191416.00,48040.00,48074.00,50271.00,61250.00,207635.00,51504.00,50100.00,54270.00,65200.00,221074.00,51117.00,48975.00,51700.00,61950.00,213742.00,53969.00,50805.00,59306.00,73590.00,237670.00,59194.00,62154.00,67237.00,80288.00,268873.00,69059.00,69028.00,69224.00,85434.00,292745.00,63258.00,64616.00,71186.00,88572.00,287632.00,68386.00,69230.00,68578.00,80667.00,286861.00,61717.00,70830.00,66688.00,77731.00,276966.00,60483.00,73254.00,71447.00,86924.00,292108.00,70066.00,70319.00,71160.00,85537.00,297082.00,69104.00,76102.00,74807.00,89473.00,309486.00,71206.00,79241.00,78219.00,86932.00,315598.00,74612.00,88835.00,80927.00,91975.00,336349.00,85019.00,94908.00,87539.00,97590.00,365056.00,86913.00,95370.00,88771.00,100659.00,371713.00,91077.00,97579.00,89260.00,103674.00,381590.00,92270.00,103434.00,96744.00,103096.95,395544.95,87710.85,87896.92,90887.03,82016.62,348511.41,44193.44,39807.56,..,..,..
Hog,..MIMAROPA Region,11033.00,10516.00,11375.00,11717.00,44641.00,12085.00,12175.00,12472.00,12714.00,49446.00,12950.00,12530.00,13109.00,13694.00,52283.00,13405.00,13530.00,13621.00,13937.00,54493.00,14235.00,13747.00,13658.00,13446.00,55086.00,13350.00,14592.00,13664.00,13680.00,55286.00,13537.00,15426.00,13992.00,13926.00,56881.00,13988.00,15430.00,14209.00,17524.00,61151.00,12592.00,15637.00,14918.00,17867.00,61014.00,12922.00,15883.00,15051.00,18828.00,62684.00,13569.00,17552.00,15211.00,20028.00,66360.00,13295.00,18392.00,15944.00,20661.00,68292.00,13623.00,19017.00,16570.00,21397.00,70607.00,14096.00,19687.00,17358.00,21964.00,73105.00,14267.00,20304.00,17524.00,22127.00,74222.00,14733.00,22667.00,17556.00,22710.00,77666.00,14899.00,23413.00,17878.00,23395.00,79585.00,15073.00,24886.00,18940.00,24148.00,83047.00,16279.00,24828.00,17906.00,21827.00,80840.00,17370.00,23728.00,17979.00,20303.93,79380.93,15899.44,24248.69,18841.25,20804.76,79794.14,21627.87,26292.61,..,..,..
Hog,..V - Bicol Region,21275.00,20109.00,20074.00,23274.00,84732.00,21654.00,20483.00,20184.00,23586.00,85907.00,23338.00,21958.00,22220.00,25339.00,92855.00,24388.00,22617.00,22871.00,26662.00,96538.00,24815.00,23024.00,21727.00,25566.00,95132.00,25559.00,23223.00,23526.00,28923.00,101231.00,29016.00,28169.00,24406.00,27461.00,109052.00,32280.00,27887.00,22698.00,26236.00,109101.00,25488.00,24790.00,21640.00,25186.00,97104.00,27420.00,26757.00,23424.00,29985.00,107586.00,32340.00,28941.00,24464.00,32534.00,118279.00,33291.00,28307.00,26671.00,30676.00,118945.00,32289.00,26326.00,26751.00,27927.00,113293.00,31163.00,27571.00,27104.00,28420.00,114258.00,34113.00,29190.00,28409.00,29647.00,121359.00,35223.00,29181.00,28483.00,30724.00,123611.00,32578.00,28427.00,29304.00,31234.00,121543.00,33570.00,30306.00,29722.00,33005.00,126603.00,34687.00,31589.00,31236.00,32551.00,130063.00,35329.00,32652.00,31794.00,33471.00,133246.00,33675.25,27351.57,29974.38,28879.62,119880.81,30028.34,21196.53,..,..,..
Hog,..VI - Western Visayas,27622.00,28506.00,29831.00,35085.00,121044.00,27822.00,29931.00,30730.00,35512.00,123995.00,28935.00,30230.00,32317.00,35290.00,126772.00,30382.00,29050.00,33710.00,34758.00,127900.00,32970.00,33678.00,35820.00,36883.00,139351.00,32146.00,36394.00,41513.00,39038.00,149091.00,34952.00,39290.00,41305.00,38406.00,153953.00,35159.00,41019.00,42465.00,40403.00,159046.00,37089.00,41174.00,45709.00,43783.00,167755.00,40843.00,42745.00,47563.00,45109.00,176260.00,41406.00,44914.00,47142.00,47579.00,181041.00,42006.00,45153.00,46953.00,48371.00,182483.00,43894.00,43542.00,46183.00,50885.00,184504.00,44579.00,42232.00,46808.00,48978.00,182597.00,42544.00,40850.00,45798.00,49332.00,178524.00,44016.00,41415.00,43791.00,49112.00,178334.00,46684.00,44301.00,46657.00,51116.00,188758.00,45997.00,44956.00,45605.00,50042.00,186600.00,45221.00,44920.00,45831.00,51133.00,187105.00,46975.00,48818.00,46472.00,49633.89,191898.89,48130.25,47879.48,48224.31,51063.83,195297.87,48930.92,47230.58,..,..,..
Hog,..VII - Central Visayas,28139.00,28905.00,25633.00,33591.00,116268.00,28449.00,30905.00,27171.00,35271.00,121796.00,30440.00,31316.00,27550.00,35950.00,125256.00,31320.00,32234.00,28790.00,36740.00,129084.00,33704.00,32949.00,26569.00,37342.00,130564.00,34779.00,34105.00,31049.00,37738.00,137671.00,33985.00,30672.00,29250.00,37210.00,131117.00,34186.00,33237.00,30000.00,38326.00,135749.00,32436.00,33670.00,30778.00,39458.00,136342.00,34873.00,34241.00,32077.00,41415.00,142606.00,37299.00,35877.00,31867.00,43293.00,148336.00,38242.00,37379.00,32216.00,44995.00,152832.00,39274.00,37882.00,32366.00,46223.00,155745.00,37457.00,39056.00,33325.00,46490.00,156328.00,35840.00,38333.00,34709.00,47887.00,156769.00,37589.00,39538.00,36177.00,50227.00,163531.00,40777.00,41914.00,39366.00,53048.00,175105.00,44450.00,46916.00,43293.00,57540.00,192199.00,46248.00,47367.00,45148.00,55709.00,194472.00,46058.00,47416.00,46361.00,52922.96,192757.96,49905.05,44945.82,45156.01,52864.26,192871.14,53660.38,55152.35,..,..,..
Hog,..VIII - Eastern Visayas,22334.00,25632.00,23336.00,28790.00,100092.00,21740.00,25376.00,25036.00,31180.00,103332.00,22610.00,25700.00,25534.00,31158.00,105002.00,23718.00,27021.00,26500.00,33153.00,110392.00,24343.00,27478.00,27228.00,33361.00,112410.00,25804.00,26482.00,25399.00,33695.00,111380.00,27700.00,27806.00,26500.00,36277.00,118283.00,27718.00,27782.00,27500.00,34443.00,117443.00,28278.00,25627.00,26850.00,31343.00,112098.00,29733.00,23392.00,24504.00,29738.00,107367.00,28873.00,24069.00,22563.00,28556.00,104061.00,28237.00,22840.00,21329.00,28822.00,101228.00,24186.00,18908.00,19676.00,26470.00,89240.00,22801.00,17259.00,19546.00,26353.00,85959.00,19453.00,16154.00,18246.00,22754.00,76607.00,19506.00,15482.00,18711.00,22803.00,76502.00,19331.00,15882.00,17954.00,23223.00,76390.00,19571.00,16802.00,17433.00,22642.00,76448.00,18468.00,18316.00,18501.00,22687.00,77972.00,17119.00,18724.00,18867.00,22811.78,77521.78,19097.78,18869.81,19449.72,24537.27,81954.57,18405.58,15329.84,..,..,..
Hog,..IX - Zamboanga Peninsula,21508.00,18584.00,19604.00,22462.00,82158.00,22113.00,19145.00,21040.00,23881.00,86179.00,22680.00,20868.00,22768.00,25850.00,92166.00,24402.00,21599.00,23624.00,25334.00,94959.00,24311.00,23566.00,22267.00,23515.00,93659.00,23183.00,23201.00,21710.00,23389.00,91483.00,23225.00,24273.00,22144.00,22257.00,91899.00,20264.00,24516.00,22717.00,21889.00,89386.00,20770.00,25174.00,22003.00,21095.00,89042.00,21452.00,26936.00,20836.00,21388.00,90612.00,21853.00,27121.00,21348.00,23750.00,94072.00,21987.00,26459.00,18394.00,22580.00,89420.00,22094.00,21702.00,18587.00,21611.00,83994.00,22875.00,21104.00,17656.00,20602.00,82237.00,22538.00,20171.00,17719.00,19748.00,80176.00,22552.00,21291.00,17961.00,19517.00,81321.00,22126.00,20361.00,17726.00,19838.00,80051.00,22876.00,21006.00,17314.00,21003.00,82199.00,22189.00,20668.00,17572.00,21655.00,82084.00,20355.00,22605.00,17192.00,21983.06,82135.06,18921.24,21802.12,18868.42,23358.68,82950.46,18336.65,25719.10,..,..,..
Hog,..X - Northern Mindanao,20390.00,22024.00,18932.00,26642.00,87988.00,21163.00,22850.00,19850.00,26719.00,90582.00,21475.00,24379.00,22615.00,27690.00,96159.00,23945.00,25842.00,23420.00,28800.00,102007.00,25030.00,25970.00,22500.00,28500.00,102000.00,25224.00,27268.00,24300.00,30780.00,107572.00,26251.00,27813.00,25029.00,32473.00,111566.00,27564.00,29760.00,25894.00,34097.00,117315.00,30827.00,29800.00,27727.00,35461.00,123815.00,32414.00,31016.00,28987.00,37023.00,129440.00,33589.00,32859.00,30843.00,39227.00,136518.00,35131.00,34617.00,32846.00,41879.00,144473.00,37636.00,35562.00,35119.00,44765.00,153082.00,39197.00,37467.00,36326.00,46757.00,159747.00,40870.00,38405.00,37247.00,47456.00,163978.00,41984.00,39163.00,39198.00,49666.00,170011.00,43868.00,42887.00,39885.00,51032.00,177672.00,45495.00,45577.00,42863.00,54513.00,188448.00,48325.00,47800.00,44064.00,56434.00,196623.00,50264.00,48730.00,45359.00,56611.73,200964.73,51065.31,50846.66,50100.88,58018.96,210031.80,50830.44,52824.49,..,..,..
Hog,..XI - Davao Region,27689.00,27384.00,30960.00,36385.00,122418.00,27993.00,28134.00,30230.00,36665.00,123022.00,27265.00,28159.00,29320.00,39902.00,124646.00,28263.00,29708.00,30370.00,42304.00,130645.00,30904.00,27804.00,29693.00,39711.00,128112.00,33296.00,29278.00,29380.00,37924.00,129878.00,31438.00,28094.00,30861.00,36840.00,127233.00,31837.00,28703.00,32145.00,36825.00,129510.00,31490.00,29081.00,32196.00,36946.00,129713.00,32157.00,29472.00,33891.00,34467.00,129987.00,32373.00,27865.00,32668.00,34796.00,127702.00,32607.00,30755.00,33365.00,35376.00,132103.00,33574.00,31419.00,33789.00,35823.00,134605.00,32638.00,32472.00,32828.00,35909.00,133847.00,34108.00,33145.00,33108.00,35878.00,136239.00,37095.00,34418.00,35217.00,36578.00,143308.00,38215.00,35999.00,36873.00,38070.00,149157.00,39824.00,36175.00,37527.00,38073.00,151599.00,40703.00,35846.00,37709.00,40526.00,154784.00,39618.00,37699.00,37736.00,40840.90,155893.90,39198.78,35210.45,36645.65,39135.54,150190.42,32734.68,29930.34,..,..,..
Hog,..XII - SOCCSKSARGEN,19650.00,17998.00,21880.00,23817.00,83345.00,20963.00,19143.00,22478.00,24647.00,87231.00,21173.00,18165.00,21869.00,25561.00,86768.00,22549.00,19115.00,23300.00,26700.00,91664.00,22937.00,19426.00,22422.00,26796.00,91581.00,24187.00,20542.00,23505.00,27881.00,96115.00,23211.00,21671.00,24806.00,28737.00,98425.00,24237.00,22995.00,25653.00,30214.00,103099.00,29769.00,26068.00,27554.00,31425.00,114816.00,30394.00,26928.00,28601.00,30580.00,116503.00,31736.00,29209.00,28696.00,29552.00,119193.00,30159.00,27731.00,29656.00,30303.00,117849.00,30544.00,28077.00,29850.00,29585.00,118056.00,29136.00,28621.00,30622.00,29873.00,118252.00,29981.00,28083.00,31257.00,30490.00,119811.00,30774.00,28499.00,29649.00,29449.00,118371.00,29470.00,30099.00,30103.00,29375.00,119047.00,28787.00,26937.00,31098.00,30919.00,117741.00,28443.00,26020.00,31119.00,31709.00,117291.00,31079.00,28546.00,31889.00,33079.53,124593.53,30493.35,27802.53,34295.69,30217.23,122808.80,29419.72,28966.45,..,..,..
Hog,..XIII - Caraga,12728.00,12011.00,10903.00,15991.00,51633.00,13173.00,12576.00,11416.00,16220.00,53385.00,13568.00,13219.00,12508.00,16999.00,56294.00,14314.00,13716.00,13145.00,16703.00,57878.00,14404.00,15227.00,13292.00,16328.00,59251.00,14802.00,14201.00,12971.00,15228.00,57202.00,14564.00,14631.00,13317.00,15694.00,58206.00,12575.00,12596.00,15061.00,19121.00,59353.00,11769.00,11436.00,12849.00,18165.00,54219.00,10371.00,10436.00,11710.00,18312.00,50829.00,10541.00,10559.00,10990.00,16644.00,48734.00,9359.00,10222.00,9598.00,12674.00,41853.00,9390.00,9645.00,9021.00,12594.00,40650.00,9025.00,9430.00,8814.00,13047.00,40316.00,8863.00,9481.00,8948.00,12533.00,39825.00,9376.00,9605.00,8365.00,12243.00,39589.00,10080.00,10948.00,9262.00,12098.00,42388.00,10264.00,9918.00,9799.00,12207.00,42188.00,9066.00,9756.00,9997.00,11870.00,40689.00,8592.00,9485.00,10545.00,11872.62,40494.62,9360.15,8703.92,9323.09,11104.59,38491.75,8557.67,8329.85,..,..,..
Hog,..ARMM,1373.00,1348.00,1509.00,1317.00,5547.00,1339.00,1321.00,1621.00,1824.00,6105.00,1582.00,1402.00,1753.00,1944.00,6681.00,1804.00,1353.00,1824.00,1800.00,6781.00,1586.00,1560.00,1731.00,2007.00,6884.00,1639.00,1710.00,1881.00,2111.00,7341.00,2083.00,1829.00,1643.00,2199.00,7754.00,1809.00,1830.00,2308.00,3652.00,9599.00,2533.00,2111.00,2764.00,3330.00,10738.00,2651.00,2337.00,3222.00,4154.00,12364.00,2681.00,2417.00,3033.00,3841.00,11972.00,3657.00,2570.00,2980.00,4359.00,13566.00,3715.00,3030.00,3012.00,2689.00,12446.00,3074.00,2884.00,2699.00,2767.00,11424.00,3136.00,2612.00,2547.00,2753.00,11048.00,2973.00,2566.00,2396.00,2940.00,10875.00,3158.00,2357.00,2021.00,2672.00,10208.00,2940.00,2124.00,1990.00,2892.00,9946.00,3107.00,2186.00,2191.00,3071.00,10555.00,3224.00,2349.00,2092.00,3102.00,10767.00,3342.78,2160.70,2212.14,2811.41,10527.02,3432.00,2591.57,..,..,..
Goat,PHILIPPINES,17091.00,23649.00,20616.00,13829.00,75185.00,17006.00,23058.00,20035.00,14507.00,74606.00,17110.00,23587.00,19033.00,15063.00,74793.00,16901.00,22526.00,18889.00,15510.00,73826.00,16961.00,22605.00,18774.00,16636.00,74976.00,17918.00,23379.00,18966.00,17018.00,77281.00,18104.00,21537.00,18149.00,17034.00,74824.00,18824.00,20568.00,18724.00,18442.00,76558.00,19193.00,21076.00,19209.00,18531.00,78009.00,18934.00,19847.00,19148.00,19450.00,77379.00,18799.00,20302.00,19064.00,20286.00,78451.00,18960.00,20419.00,19070.00,19751.00,78200.00,19012.00,17778.00,18951.00,19924.00,75665.00,19004.00,17626.00,18305.00,20481.00,75416.00,19237.00,17285.00,18494.00,21086.00,76102.00,19413.00,18090.00,18649.00,21328.00,77480.00,19191.00,18410.00,18772.00,21081.00,77454.00,19192.00,18067.00,18844.00,21235.00,77338.00,19137.00,17692.00,19223.00,20901.00,76953.00,18868.00,17589.00,19194.00,20707.00,76358.00,17702.41,14200.38,19266.79,20548.41,71717.99,16429.41,17530.21,..,..,..
Goat,..NCR,..,..,..,..,..,..,..,..,..,..,..,..,..,..,..,..,..,..,..,..,..,..,..,..,..,..,..,..,..,..,..,..,..,..,..,..,..,..,..,..,..,..,..,..,..,..,..,..,..,..,..,..,..,..,..,..,..,..,..,..,..,..,..,..,..,..,..,..,..,..,..,..,..,..,..,..,..,..,..,..,..,..,..,..,..,..,..,..,..,..,..,..,..,..,..,..,..,..,..,..,..,..,..,..,..,..,..,..,..,..
Goat,..CAR,198.00,332.00,198.00,176.00,904.00,208.00,365.00,218.00,134.00,925.00,229.00,383.00,235.00,133.00,980.00,218.00,363.00,223.00,128.00,932.00,207.00,335.00,254.00,152.00,948.00,210.00,342.00,279.00,133.00,964.00,200.00,378.00,265.00,162.00,1005.00,214.00,348.00,275.00,195.00,1032.00,214.00,296.00,289.00,186.00,985.00,235.00,214.00,304.00,177.00,930.00,258.00,215.00,300.00,152.00,925.00,232.00,227.00,263.00,176.00,898.00,213.00,228.00,250.00,186.00,877.00,202.00,243.00,225.00,192.00,862.00,187.00,225.00,214.00,180.00,806.00,185.00,223.00,225.00,180.00,813.00,189.00,240.00,232.00,184.00,845.00,180.00,225.00,230.00,203.00,838.00,176.00,236.00,223.00,173.00,808.00,172.00,237.00,216.00,189.00,814.00,163.00,223.83,205.00,211.01,802.84,138.47,225.89,..,..,..
Goat,..I - Ilocos Region,2060.00,3430.00,3079.00,1350.00,9919.00,2338.00,3234.00,2600.00,1355.00,9527.00,2511.00,3301.00,2685.00,1018.00,9515.00,2311.00,3157.00,2658.00,977.00,9103.00,1981.00,3160.00,2700.00,1500.00,9341.00,2179.00,3491.00,2748.00,1550.00,9968.00,2224.00,2958.00,2793.00,2007.00,9982.00,2478.00,2725.00,2940.00,1879.00,10022.00,2628.00,3029.00,3293.00,1533.00,10483.00,2436.00,2573.00,3186.00,1763.00,9958.00,2411.00,2898.00,2987.00,2090.00,10386.00,2536.00,2785.00,2776.00,2344.00,10441.00,2424.00,2883.00,2546.00,2612.00,10465.00,2481.00,2858.00,2490.00,2720.00,10549.00,2438.00,2845.00,2538.00,2625.00,10446.00,2439.00,2908.00,2542.00,3088.00,10977.00,2338.00,2970.00,2569.00,2789.00,10666.00,2415.00,2765.00,2617.00,2626.50,10423.50,2465.00,3423.00,2668.00,2762.00,11318.00,2526.00,3217.00,2736.00,2721.00,11200.00,2564.00,1695.41,2673.00,2208.57,9140.98,2274.60,2292.47,..,..,..
Goat,..II - Cagayan Valley,518.00,704.00,643.00,452.00,2317.00,524.00,749.00,685.00,457.00,2415.00,550.00,732.00,695.00,336.00,2313.00,560.00,736.00,709.00,364.00,2369.00,600.00,810.00,778.00,401.00,2589.00,618.00,747.00,793.00,404.00,2562.00,659.00,580.00,755.00,450.00,2444.00,660.00,476.00,718.00,535.00,2389.00,560.00,471.00,580.00,622.00,2233.00,562.00,428.00,588.00,505.00,2083.00,529.00,439.00,457.00,500.00,1925.00,476.00,417.00,451.00,520.00,1864.00,473.00,418.00,455.00,528.00,1874.00,465.00,416.00,425.00,503.00,1809.00,447.00,398.00,427.00,507.00,1779.00,444.00,399.00,398.00,451.00,1692.00,447.00,380.00,396.00,462.00,1685.00,410.00,346.00,395.00,464.00,1615.00,389.00,421.00,382.00,444.00,1636.00,373.00,422.00,368.00,413.00,1576.00,358.00,392.71,338.00,373.93,1462.64,321.96,346.92,..,..,..
Goat,..III - Central Luzon,1824.00,1909.00,1586.00,976.00,6295.00,1881.00,2002.00,1694.00,1029.00,6606.00,1860.00,2288.00,1676.00,1057.00,6881.00,1750.00,2314.00,1625.00,1112.00,6801.00,1782.00,2267.00,1650.00,1179.00,6878.00,1750.00,2151.00,1690.00,1258.00,6849.00,1814.00,1587.00,1728.00,1728.00,6857.00,1887.00,1376.00,1781.00,1797.00,6841.00,1943.00,1431.00,1576.00,1920.00,6870.00,2010.00,1509.00,1790.00,2146.00,7455.00,2100.00,1512.00,2005.00,2458.00,8075.00,2151.00,1750.00,2150.00,2498.00,8549.00,2281.00,1312.00,2195.00,2175.00,7963.00,2270.00,1388.00,2125.00,2247.00,8030.00,2497.00,1531.00,2167.00,2440.00,8635.00,2771.00,1640.00,2210.00,2347.00,8968.00,2715.00,1624.00,2246.00,2258.00,8843.00,2679.00,1765.00,2278.00,2654.00,9376.00,2727.00,1434.00,2253.00,2196.00,8610.00,2557.00,1249.00,2259.00,2261.00,8326.00,1794.64,1048.32,2429.00,2323.12,7595.08,1370.85,1655.92,..,..,..
Goat,..IVA - CALABARZON,485.00,569.00,524.00,408.00,1986.00,430.00,455.00,461.00,386.00,1732.00,502.00,521.00,492.00,434.00,1949.00,530.00,550.00,470.00,530.00,2080.00,570.00,613.00,520.00,583.00,2286.00,600.00,661.00,569.00,640.00,2470.00,646.00,779.00,622.00,645.00,2692.00,700.00,800.00,650.00,646.00,2796.00,685.00,915.00,663.00,763.00,3026.00,718.00,926.00,629.00,847.00,3120.00,732.00,1008.00,599.00,943.00,3282.00,659.00,970.00,600.00,946.00,3175.00,678.00,968.00,607.00,1006.00,3259.00,675.00,999.00,617.00,1140.00,3431.00,731.00,1015.00,587.00,1232.00,3565.00,758.00,1087.00,596.00,1230.00,3671.00,778.00,1071.00,620.00,1328.50,3797.50,813.00,1030.00,630.00,1342.00,3815.00,817.00,920.00,600.00,1381.00,3718.00,727.00,888.00,602.00,1450.00,3667.00,754.00,904.38,524.00,1416.82,3599.19,844.74,919.67,..,..,..
Goat,..MIMAROPA Region,493.00,580.00,500.00,389.00,1962.00,501.00,530.00,486.00,407.00,1924.00,485.00,503.00,513.00,437.00,1938.00,509.00,520.00,550.00,479.00,2058.00,531.00,583.00,569.00,570.00,2253.00,563.00,553.00,570.00,575.00,2261.00,568.00,519.00,612.00,580.00,2279.00,530.00,444.00,636.00,628.00,2238.00,509.00,466.00,661.00,675.00,2311.00,533.00,459.00,671.00,681.00,2344.00,534.00,472.00,618.00,678.00,2302.00,514.00,455.00,648.00,699.00,2316.00,532.00,463.00,656.00,749.00,2400.00,550.00,421.00,626.00,787.00,2384.00,539.00,389.00,628.00,769.00,2325.00,545.00,415.00,668.00,834.00,2462.00,534.00,403.00,667.00,888.00,2492.00,559.00,440.00,635.00,802.00,2436.00,509.00,385.00,665.00,683.00,2242.00,539.00,422.00,713.00,620.00,2294.00,551.00,413.43,720.00,741.74,2426.18,336.59,607.82,..,..,..
Goat,..V - Bicol Region,401.00,505.00,468.00,375.00,1749.00,425.00,426.00,386.00,399.00,1636.00,446.00,439.00,421.00,409.00,1715.00,460.00,438.00,440.00,449.00,1787.00,500.00,514.00,465.00,535.00,2014.00,615.00,523.00,503.00,563.00,2204.00,590.00,552.00,553.00,413.00,2108.00,625.00,707.00,570.00,454.00,2356.00,535.00,752.00,792.00,504.00,2583.00,621.00,653.00,760.00,515.00,2549.00,652.00,686.00,870.00,590.00,2798.00,588.00,626.00,780.00,672.00,2666.00,597.00,446.00,803.00,868.00,2714.00,632.00,476.00,834.00,810.00,2752.00,661.00,498.00,898.00,873.00,2930.00,681.00,517.00,973.00,935.00,3106.00,714.00,562.00,1028.00,938.00,3242.00,701.00,506.00,1007.00,920.00,3134.00,708.00,517.00,986.00,896.00,3107.00,700.00,480.00,1018.00,808.00,3006.00,725.00,375.97,1004.00,795.78,2900.75,436.80,592.20,..,..,..
Goat,..VI - Western Visayas,2062.00,3047.00,2313.00,1489.00,8911.00,1856.00,2764.00,2300.00,1576.00,8496.00,1590.00,2792.00,1800.00,1734.00,7916.00,1580.00,1692.00,1532.00,1520.00,6324.00,1698.00,1754.00,1514.00,1700.00,6666.00,2079.00,2195.00,1581.00,1800.00,7655.00,2347.00,2553.00,1677.00,1057.00,7634.00,2351.00,2494.00,1563.00,1686.00,8094.00,2394.00,2245.00,1577.00,1676.00,7892.00,2005.00,2080.00,1516.00,1700.00,7301.00,2050.00,2067.00,1641.00,1742.00,7500.00,1970.00,2230.00,1654.00,1773.00,7627.00,2029.00,1753.00,1692.00,1651.00,7125.00,2012.00,1715.00,1719.00,1910.00,7356.00,1931.00,1545.00,1805.00,2088.00,7369.00,1874.00,1590.00,1735.00,1898.00,7097.00,1823.00,1706.00,1689.00,1927.00,7145.00,1816.00,1667.00,1671.00,1990.00,7144.00,1827.00,1662.00,1673.00,1788.00,6950.00,1805.00,1803.00,1673.00,1686.00,6967.00,1840.94,1569.11,1644.00,1735.71,6789.76,1918.99,1470.70,..,..,..
Goat,..VII - Central Visayas,2535.00,3099.00,3050.00,2216.00,10900.00,2408.00,3086.00,2955.00,2070.00,10519.00,2330.00,3237.00,2980.00,2130.00,10677.00,2275.00,3188.00,3030.00,2160.00,10653.00,2286.00,2751.00,2879.00,2373.00,10289.00,2330.00,2920.00,3070.00,2418.00,10738.00,2263.00,2409.00,2053.00,1789.00,8514.00,2353.00,1933.00,1900.00,2085.00,8271.00,2312.00,2054.00,1910.00,2123.00,8399.00,2393.00,2061.00,1890.00,2168.00,8512.00,2280.00,2243.00,1850.00,2178.00,8551.00,2325.00,2286.00,1905.00,2252.00,8768.00,2328.00,2287.00,1885.00,2440.00,8940.00,2370.00,2361.00,1866.00,2417.00,9014.00,2500.00,2143.00,1889.00,2474.00,9006.00,2475.00,2285.00,1912.00,2561.00,9233.00,2505.00,2338.00,1939.00,2523.00,9305.00,2408.00,2324.00,2007.00,2637.00,9376.00,2395.00,1857.00,2102.00,3185.00,9539.00,2436.00,2077.00,2016.00,3356.00,9885.00,2450.00,2136.60,2182.00,3069.12,9837.72,2561.00,2992.82,..,..,..
Goat,..VIII - Eastern Visayas,352.00,572.00,582.00,494.00,2000.00,387.00,556.00,530.00,480.00,1953.00,389.00,572.00,535.00,528.00,2024.00,398.00,582.00,551.00,608.00,2139.00,420.00,653.00,520.00,543.00,2136.00,464.00,690.00,546.00,560.00,2260.00,509.00,327.00,295.00,378.00,1509.00,556.00,334.00,341.00,394.00,1625.00,571.00,300.00,338.00,349.00,1558.00,388.00,404.00,312.00,297.00,1401.00,373.00,400.00,300.00,327.00,1400.00,408.00,440.00,290.00,310.00,1448.00,389.00,336.00,258.00,300.00,1283.00,357.00,302.00,187.00,284.00,1130.00,256.00,216.00,168.00,241.00,881.00,205.00,175.00,153.00,247.00,780.00,206.00,172.00,158.00,241.00,777.00,189.00,169.00,135.00,244.00,737.00,162.00,200.00,121.00,239.00,722.00,167.00,193.00,124.00,261.00,745.00,169.00,173.31,112.00,221.17,675.48,174.15,157.55,..,..,..
Goat,..IX - Zamboanga Peninsula,869.00,1362.00,1144.00,833.00,4208.00,873.00,1358.00,1038.00,851.00,4120.00,954.00,1384.00,1179.00,890.00,4407.00,920.00,1282.00,1163.00,999.00,4364.00,962.00,1298.00,1010.00,1052.00,4322.00,984.00,1307.00,1030.00,1057.00,4378.00,929.00,1320.00,921.00,1016.00,4186.00,825.00,1434.00,925.00,1025.00,4209.00,836.00,1400.00,909.00,994.00,4139.00,830.00,1361.00,903.00,1034.00,4128.00,863.00,1218.00,867.00,906.00,3854.00,854.00,1248.00,868.00,872.00,3842.00,847.00,1109.00,911.00,795.00,3662.00,825.00,1028.00,893.00,721.00,3467.00,806.00,951.00,886.00,676.00,3319.00,776.00,1030.00,930.00,659.00,3395.00,790.00,1012.00,904.00,681.00,3387.00,729.00,924.00,954.00,671.00,3278.00,763.00,825.00,924.00,744.00,3256.00,746.00,858.00,884.00,667.00,3155.00,757.00,627.57,921.00,637.87,2943.44,628.23,600.26,..,..,..
Goat,..X - Northern Mindanao,1074.00,1580.00,1056.00,1000.00,4710.00,1020.00,1381.00,952.00,1015.00,4368.00,1063.00,1312.00,873.00,934.00,4182.00,1031.00,1349.00,900.00,960.00,4240.00,995.00,1085.00,860.00,912.00,3852.00,1045.00,1150.00,870.00,940.00,4005.00,1076.00,1210.00,914.00,987.00,4187.00,1130.00,1237.00,1000.00,1008.00,4375.00,1320.00,1830.00,1050.00,1296.00,5496.00,1450.00,1960.00,1105.00,1474.00,5989.00,1537.00,2014.00,1216.00,1529.00,6296.00,1660.00,1991.00,1480.00,1595.00,6726.00,1710.00,1979.00,1510.00,1643.00,6842.00,1800.00,2022.00,1580.00,1732.00,7134.00,1890.00,2006.00,1612.00,1770.00,7278.00,1946.00,2131.00,1660.00,1876.00,7613.00,1971.00,2134.00,1652.00,1994.00,7751.00,1853.00,2051.00,1698.00,1995.00,7597.00,1797.00,2115.00,1765.00,1843.00,7520.00,1874.00,2142.00,1705.00,1998.00,7719.00,1788.00,1791.88,1696.00,1906.06,7181.94,1651.11,2161.86,..,..,..
Goat,..XI - Davao Region,1840.00,2625.00,2667.00,1740.00,8872.00,1904.00,2748.00,2654.00,1775.00,9081.00,1879.00,2698.00,2164.00,1886.00,8627.00,1956.00,2642.00,2218.00,1991.00,8807.00,1852.00,2922.00,2178.00,1931.00,8883.00,1788.00,2975.00,1697.00,1816.00,8276.00,1435.00,2256.00,1761.00,1799.00,7251.00,1537.00,2253.00,1830.00,1787.00,7407.00,1531.00,2331.00,1842.00,1681.00,7385.00,1600.00,1867.00,1732.00,1896.00,7095.00,1370.00,1780.00,1846.00,1971.00,6967.00,1475.00,1673.00,1882.00,1812.00,6842.00,1442.00,1357.00,1781.00,1692.00,6272.00,1275.00,1333.00,1347.00,1825.00,5780.00,1179.00,1467.00,1199.00,2093.00,5938.00,1202.00,1613.00,1187.00,2036.00,6038.00,1154.00,1731.00,1149.00,2172.00,6206.00,1184.00,1779.00,1155.00,2058.50,6176.50,1200.00,1692.00,1161.00,2009.00,6062.00,1152.00,1777.00,1110.00,1824.00,5863.00,1183.00,1568.61,1096.00,2080.23,5927.84,1269.35,1870.97,..,..,..
Goat,..XII - SOCCSKSARGEN,1146.00,1429.00,1278.00,929.00,4782.00,1107.00,1321.00,1388.00,1085.00,4901.00,1112.00,1331.00,1161.00,1337.00,4941.00,1167.00,1472.00,1220.00,1433.00,5292.00,1332.00,1564.00,1238.00,1454.00,5588.00,1415.00,1705.00,1342.00,1535.00,5997.00,1500.00,2058.00,1394.00,1893.00,6845.00,1530.00,1852.00,1654.00,2162.00,7198.00,1697.00,1673.00,1786.00,2197.00,7353.00,1665.00,1541.00,1644.00,2263.00,7113.00,1580.00,1372.00,1568.00,1989.00,6509.00,1612.00,1368.00,1536.00,1921.00,6437.00,1514.00,1265.00,1520.00,2028.00,6327.00,1490.00,1214.00,1436.00,2063.00,6203.00,1530.00,1230.00,1508.00,2007.00,6275.00,1484.00,1184.00,1456.00,1912.00,6036.00,1446.00,1092.00,1502.00,1700.00,5740.00,1675.00,1213.00,1395.00,1598.00,5881.00,1605.00,1126.00,1365.00,1438.00,5534.00,1522.00,980.00,1413.00,1364.00,5279.00,1449.00,687.74,1302.79,1378.97,4818.50,1274.56,902.88,..,..,..
Goat,..XIII - Caraga,350.00,442.00,491.00,598.00,1881.00,337.00,405.00,358.00,586.00,1686.00,393.00,404.00,384.00,600.00,1781.00,422.00,423.00,400.00,550.00,1795.00,405.00,392.00,385.00,494.00,1676.00,410.00,415.00,380.00,489.00,1694.00,415.00,413.00,391.00,542.00,1761.00,408.00,415.00,384.00,526.00,1733.00,360.00,390.00,386.00,463.00,1599.00,353.00,400.00,398.00,414.00,1565.00,380.00,407.00,300.00,384.00,1471.00,300.00,361.00,282.00,220.00,1163.00,322.00,279.00,290.00,223.00,1114.00,300.00,254.00,295.00,171.00,1020.00,245.00,218.00,256.00,200.00,919.00,230.00,231.00,258.00,211.00,930.00,234.00,249.00,245.00,209.00,937.00,218.00,192.00,243.00,203.00,856.00,220.00,235.00,235.00,201.00,891.00,210.00,232.00,215.00,152.00,809.00,170.00,148.60,220.00,129.62,668.22,108.86,165.98,..,..,..
Goat,..ARMM,884.00,1464.00,1037.00,404.00,3789.00,807.00,1678.00,1330.00,902.00,4717.00,817.00,1690.00,1240.00,1200.00,4947.00,814.00,1818.00,1200.00,1250.00,5082.00,840.00,1904.00,1254.00,1257.00,5255.00,868.00,1554.00,1298.00,1280.00,5000.00,929.00,1638.00,1415.00,1588.00,5570.00,1040.00,1740.00,1557.00,1635.00,5972.00,1098.00,1493.00,1557.00,1549.00,5697.00,1135.00,1411.00,1720.00,1570.00,5836.00,1150.00,1571.00,1640.00,1849.00,6210.00,1200.00,1592.00,1505.00,1141.00,5438.00,1233.00,695.00,1592.00,1028.00,4548.00,1300.00,596.00,1640.00,959.00,4495.00,1400.00,608.00,1712.00,911.00,4631.00,1398.00,662.00,1746.00,863.00,4669.00,1347.00,726.00,1776.00,786.50,4635.50,1363.00,671.00,1794.00,827.00,4655.00,1377.00,644.00,2100.00,919.00,5040.00,1362.00,612.00,2142.00,937.00,5053.00,985.83,442.91,2200.00,1318.71,4947.45,1119.14,566.30,..,..,..
