Commodity,Year,SU Production,SU Imports,SU Gross Supply,UT Exports,UT Seeds,UT Feeds and Waste,UT Processing,UT Total Net Food Disposable,UT Per Capita kg/yr,UT Per Capita gm/day
Ampalaya,1990,32491,0,32491,0,15,2599,0,29877,0.49,1.33
Ampalaya,1991,29337,0,29337,0,14,2347,0,26977,0.43,1.18
Ampalaya,1992,27809,0,27809,0,13,2225,0,25571,0.4,1.09
Ampalaya,1993,30451,0,30451,0,13,2436,0,28002,0.43,1.17
Ampalaya,1994,31891,0,31891,0,13,2551,0,29327,0.43,1.17
Ampalaya,1995,36198,0,36198,0,15,2896,0,33287,0.49,1.33
Ampalaya,1996,39754,0,39754,0,17,3180,0,36557,0.52,1.43
Ampalaya,1997,42201,0,42201,0,18,3376,0,38807,0.54,1.49
Ampalaya,1998,35367,0,35367,0,16,2829,0,32522,0.44,1.22
Ampalaya,1999,43489,0,43489,0,18,3479,0,39992,0.54,1.47
Ampalaya,2000,44366,0,44366,0,17,3549,0,40799,0.53,1.46
Ampalaya,2001,47124,0,47124,0,18,3770,0,43336,0.56,1.52
Ampalaya,2002,74512,0,74512,0,23,5961,0,68528,0.86,2.36
Ampalaya,2003,74256,0,74256,0,23,5940,0,68292,0.84,2.31
Ampalaya,2004,78640,0,78640,0,24,6291,0,72324,0.87,2.4
Ampalaya,2005,79794,0,79794,0,25,6384,0,73386,0.86,2.36
Ampalaya,2006,77894,0,77894,0,23,6232,0,71639,0.82,2.26
Ampalaya,2007,83144,0,83144,0,24,6652,0,76468,0.86,2.37
Ampalaya,2008,85385,0,85385,0,24,6831,0,78530,0.87,2.38
Ampalaya,2009,86498,0,86498,0,24,6920,0,79554,0.87,2.39
Ampalaya,2010,88437,0,88437,0,24,7075,0,81338,0.87,2.39
Ampalaya,2011,86599,0,86599,0,24,6928,0,79647,0.84,2.3
Ampalaya,2012,87090,0,87090,0,24,6967,0,80099,0.83,2.27
Ampalaya,2013,89887,0,89887,0,24,7191,0,82672,0.84,2.31
Ampalaya,2014,90111,0,90111,0,23,7209,0,82879,0.83,2.27
Ampalaya,2015,89918,0,89918,0,23,7193,0,82701,0.81,2.23
Ampalaya,2016,87460,0,87460,0,23,6997,0,80440,0.78,2.13
Ampalaya,2017,89460,0,89460,0,23,7157,0,82279,0.79,2.16
Ampalaya,2018,87395,0,87395,0,23,6992,0,80380,0.76,2.08
Ampalaya,2019,89341,0,89341,0,23,7147,0,82170,0.77,2.1
Asparagus,1990,1908,0,1908,205,0,136,0,1567,0.03,0.07
Asparagus,1991,2351,1,2352,933,0,114,0,1305,0.02,0.06
Asparagus,1992,4269,4,4273,1874,0,192,0,2207,0.03,0.09
Asparagus,1993,5875,6,5881,3257,0,210,0,2414,0.04,0.1
Asparagus,1994,9821,45,9866,3883,0,479,0,5504,0.08,0.22
Asparagus,1995,10842,3,10845,4919,0,474,0,5452,0.08,0.22
Asparagus,1996,11761,0,11761,5660,0,488,0,5613,0.08,0.22
Asparagus,1997,11017,2,11019,5105,0,473,0,5441,0.08,0.21
Asparagus,1998,6254,6,6260,3236,0,242,0,2782,0.04,0.1
Asparagus,1999,6332,4,6336,4175,0,173,0,1988,0.03,0.07
Asparagus,2000,6429,4,6433,3974,0,197,0,2262,0.03,0.08
Asparagus,2001,8577,8,8585,4148,0,355,0,4082,0.05,0.14
Asparagus,2002,12566,3,12569,4663,0,632,0,7274,0.09,0.25
Asparagus,2003,15211,13,15224,3644,0,926,0,10654,0.13,0.36
Asparagus,2004,22367,22,22389,2623,0,1581,0,18185,0.22,0.6
Asparagus,2005,25231,b/,25231,3118,0,1769,0,20344,0.24,0.65
Asparagus,2006,21938,2,21940,3620,0,1466,0,16854,0.19,0.53
Asparagus,2007,14845,1,14846,2022,0,1026,0,11798,0.13,0.36
Asparagus,2008,11891,0,11891,795,0,888,0,10208,0.11,0.31
Asparagus,2009,7121,28,7149,303,0,548,0,6298,0.07,0.19
Asparagus,2010,4637,0,4637,216,0,354,0,4067,0.04,0.12
Asparagus,2011,3443,7,3450,484,0,237,0,2729,0.03,0.08
Asparagus,2012,4106,6,4112,520,0,287,0,3305,0.03,0.09
Asparagus,2013,3213,4,3217,603,0,209,0,2405,0.02,0.07
Asparagus,2014,2939,1,2940,365,0,206,0,2369,0.02,0.06
Asparagus,2015,2742,b/,2742,222,0,202,0,2318,0.02,0.06
Asparagus,2016,2172,b/,2172,0,0,174,0,1998,0.02,0.05
Asparagus,2017,1904,1,1905,0,0,152,0,1752,0.02,0.05
Asparagus,2018,1648,b/,1648,0,0,132,0,1516,0.01,0.04
Asparagus,2019,1329,1,1329,0,0,106,0,1223,0.01,0.03
Bell Pepper,1990,6869,0,6869,0,0,343,0,6526,0.11,0.29
Bell Pepper,1991,6690,0,6690,0,0,335,0,6356,0.1,0.28
Bell Pepper,1992,8291,0,8291,0,0,415,0,7876,0.12,0.34
Bell Pepper,1993,10329,0,10329,0,0,516,0,9813,0.15,0.41
Bell Pepper,1994,8869,0,8869,0,0,443,0,8426,0.12,0.34
Bell Pepper,1995,11297,0,11297,0,0,565,0,10732,0.16,0.43
Bell Pepper,1996,11771,0,11771,0,0,589,0,11182,0.16,0.44
Bell Pepper,1997,11523,0,11523,0,0,576,0,10947,0.15,0.42
Bell Pepper,1998,10345,0,10345,0,0,517,0,9828,0.13,0.37
Bell Pepper,1999,9566,0,9566,0,0,478,0,9088,0.12,0.33
Bell Pepper,2000,9862,0,9862,0,0,493,0,9369,0.12,0.34
Bell Pepper,2001,9797,0,9797,0,0,490,0,9307,0.12,0.33
Bell Pepper,2002,10162,0,10162,0,0,508,0,9654,0.12,0.33
Bell Pepper,2003,10325,0,10325,0,0,516,0,9809,0.12,0.33
Bell Pepper,2004,10790,0,10790,0,0,540,0,10251,0.12,0.34
Bell Pepper,2005,10951,0,10951,0,0,548,0,10403,0.12,0.33
Bell Pepper,2006,11614,0,11614,0,0,581,0,11033,0.13,0.35
Bell Pepper,2007,12118,0,12118,0,0,606,0,11512,0.13,0.36
Bell Pepper,2008,12740,0,12740,0,0,637,0,12103,0.13,0.37
Bell Pepper,2009,12496,0,12496,0,0,625,0,11871,0.13,0.36
Bell Pepper,2010,12956,0,12956,0,0,648,0,12308,0.13,0.36
Bell Pepper,2011,12943,0,12943,0,0,647,0,12296,0.13,0.36
Bell Pepper,2012,12724,0,12724,0,0,636,0,12088,0.13,0.34
Bell Pepper,2013,13009,0,13009,0,0,650,0,12359,0.13,0.34
Bell Pepper,2014,13180,0,13180,0,0,659,0,12521,0.13,0.34
Bell Pepper,2015,13088,0,13088,0,0,654,0,12434,0.12,0.34
Bell Pepper,2016,12994,0,12994,0,0,650,0,12344,0.12,0.33
Bell Pepper,2017,13739,0,13739,0,0,687,0,13052,0.13,0.34
Bell Pepper,2018,13613,0,13613,0,0,681,0,12932,0.12,0.34
Bell Pepper,2019,13952,0,13952,0,0,698,0,13255,0.12,0.34
Black Pepper,1990,2787,0,2787,20,0,138,0,2629,0.04,0.12
Black Pepper,1991,4136,245,4381,1,0,219,0,4161,0.07,0.18
Black Pepper,1992,4430,3,4433,0,0,222,0,4211,0.07,0.18
Black Pepper,1993,4349,5,4354,1,0,218,0,4135,0.06,0.17
Black Pepper,1994,2808,49,2857,4,0,143,0,2710,0.04,0.11
Black Pepper,1995,2664,5,2669,b/,0,133,0,2536,0.04,0.1
Black Pepper,1996,4899,10,4909,1,0,245,0,4663,0.07,0.18
Black Pepper,1997,4581,30,4611,26,0,229,0,4356,0.06,0.17
Black Pepper,1998,4467,43,4510,623,0,194,0,3693,0.05,0.14
Black Pepper,1999,4537,1,4538,449,0,204,0,3885,0.05,0.14
Black Pepper,2000,4541,0,4541,133,0,220,0,4188,0.05,0.15
Black Pepper,2001,4720,54,4774,17,0,238,0,4519,0.06,0.16
Black Pepper,2002,4693,0,4693,1,0,235,0,4457,0.06,0.15
Black Pepper,2003,4588,625,5213,b/,0,261,0,4952,0.06,0.17
Black Pepper,2004,4547,153,4700,16,0,234,0,4450,0.05,0.15
Black Pepper,2005,4418,141,4559,38,0,226,0,4295,0.05,0.14
Black Pepper,2006,3678,b/,3678,3,0,184,0,3491,0.04,0.11
Black Pepper,2007,3270,4,3274,b/,0,164,0,3110,0.04,0.1
Black Pepper,2008,3426,825,4251,25,0,211,0,4015,0.04,0.12
Black Pepper,2009,3432,1452,4884,20,0,243,0,4621,0.05,0.14
Black Pepper,2010,3348,2021,5369,15,0,268,0,5086,0.05,0.15
Black Pepper,2011,3370,2037,5407,78,0,266,0,5063,0.05,0.15
Black Pepper,2012,3248,1689,4937,21,0,246,0,4670,0.05,0.13
Black Pepper,2013,2716,2118,4834,1072,0,188,0,3574,0.04,0.1
Black Pepper,2014,2563,1640,4203,470,0,187,0,3546,0.04,0.1
Black Pepper,2015,1847,3160,5007,781,0,211,0,4015,0.04,0.11
Black Pepper,2016,1436,3366,4802,55,0,237,0,4510,0.04,0.12
Black Pepper,2017,1369,4032,5400,79,0,266,0,5056,0.05,0.13
Black Pepper,2018,1308,4943,6251,14,0,312,0,5925,0.06,0.15
Black Pepper,2019,1132,5520,6652,51,0,330,0,6271,0.06,0.16
Broccoli,1990,197,0,197,0,0,16,0,181,0,0.01
Broccoli,1991,930,0,930,0,0,74,0,856,0.01,0.04
Broccoli,1992,2766,0,2766,0,0,221,0,2545,0.04,0.11
Broccoli,1993,1689,0,1689,0,0,135,0,1554,0.02,0.07
Broccoli,1994,1291,0,1291,0,0,103,0,1188,0.02,0.05
Broccoli,1995,2126,0,2126,0,0,170,0,1956,0.03,0.08
Broccoli,1996,1680,0,1680,0,0,134,0,1546,0.02,0.06
Broccoli,1997,1709,0,1709,0,0,137,0,1572,0.02,0.06
Broccoli,1998,1562,0,1562,0,0,125,0,1437,0.02,0.05
Broccoli,1999,1616,0,1616,0,0,129,0,1487,0.02,0.05
Broccoli,2000,1571,0,1571,0,0,126,0,1445,0.02,0.05
Broccoli,2001,1607,0,1607,0,0,129,0,1478,0.02,0.05
Broccoli,2002,1634,0,1634,0,0,131,0,1503,0.02,0.05
Broccoli,2003,1669,0,1669,0,0,134,0,1535,0.02,0.05
Broccoli,2004,1757,0,1757,0,0,141,0,1616,0.02,0.05
Broccoli,2005,2072,0,2072,0,0,166,0,1906,0.02,0.05
Broccoli,2006,2265,0,2265,0,0,181,0,2084,0.02,0.05
Broccoli,2007,2370,160,2530,0,0,202,0,2328,0.03,0.08
Broccoli,2008,2602,98,2700,13,0,215,0,2472,0.03,0.08
Broccoli,2009,2685,114,2799,b/,0,224,0,2575,0.03,0.08
Broccoli,2010,2699,207,2906,0,0,232,0,2674,0.03,0.08
Broccoli,2011,2881,118,2999,0,0,240,0,2759,0.03,0.08
Broccoli,2012,2994,107,3101,0,0,248,0,2853,0.03,0.08
Broccoli,2013,3026,10,3036,0,0,243,0,2793,0.03,0.08
Broccoli,2014,3064,13,3077,b/,0,246,0,2831,0.03,0.08
Broccoli,2015,2911,17,2928,0,0,234,0,2694,0.03,0.08
Broccoli,2016,2859,40,2899,0,0,232,0,2667,0.03,0.07
Broccoli,2017,3159,143,3302,0,0,264,0,3038,0.03,0.08
Broccoli,2018,2906,169,3075,0,0,246,0,2829,0.03,0.07
Broccoli,2019,3246,347,3594,b/,0,287,0,3306,0.03,0.08
Cabbage,1990,117202,b/,117202,0,32,9376,0,107794,1.75,4.8
Cabbage,1991,170941,1,170942,10,41,13675,0,157217,2.5,6.85
Cabbage,1992,150784,81,150865,0,37,12069,0,138758,2.16,5.92
Cabbage,1993,155095,2,155097,65,38,12403,0,142591,2.18,5.97
Cabbage,1994,151340,b/,151340,72,40,12101,0,139127,2.03,5.55
Cabbage,1995,129989,2,129991,0,32,10399,0,119560,1.75,4.79
Cabbage,1996,98072,2,98074,0,29,7846,0,90199,1.29,3.53
Cabbage,1997,95859,0,95859,33,29,7666,0,88131,1.23,3.37
Cabbage,1998,85842,5,85847,0,28,6868,0,78952,1.08,2.96
Cabbage,1999,87472,237,87709,0,28,7017,0,80664,1.08,2.96
Cabbage,2000,87576,1,87577,0,28,7006,0,80543,1.05,2.88
Cabbage,2001,89542,36,89578,0,29,7166,0,82383,1.06,2.9
Cabbage,2002,91368,69,91437,0,29,7315,0,84093,1.06,2.9
Cabbage,2003,91982,83,92065,0,29,7365,0,84671,1.04,2.86
Cabbage,2004,92782,2,92784,0,29,7423,0,85333,1.03,2.83
Cabbage,2005,91439,2,91441,237,27,7296,0,83880,0.98,2.7
Cabbage,2006,91243,0,91243,0,27,7299,0,83916,0.96,2.64
Cabbage,2007,123443,0,123443,6,31,9875,0,113531,1.28,3.51
Cabbage,2008,128865,0,128865,0,32,10309,0,118524,1.31,3.59
Cabbage,2009,124712,0,124712,0,31,9977,0,114704,1.26,3.45
Cabbage,2010,128964,0,128964,0,32,10317,0,118615,1.27,3.49
Cabbage,2011,125309,0,125309,4,32,10024,0,115249,1.22,3.33
Cabbage,2012,126381,0,126381,0,32,10110,0,116239,1.2,3.3
Cabbage,2013,127463,0,127463,0,31,10197,0,117235,1.19,3.27
Cabbage,2014,127986,0,127986,0,31,10239,0,117716,1.18,3.23
Cabbage,2015,125752,0,125752,0,30,10060,0,115662,1.14,3.12
Cabbage,2016,123080,1,123081,0,30,9846,0,113205,1.1,3
Cabbage,2017,122474,0,122474,b/,29,9798,0,112647,1.08,2.96
Cabbage,2018,120656,0,120656,b/,29,9652,0,110974,1.05,2.87
Cabbage,2019,128050,0,128050,0,29,10244,0,117777,1.1,3.01
Carrots,1990,36985,9,36994,0,0,2960,0,34034,0.55,1.51
Carrots,1991,37511,1,37512,0,0,3001,0,34511,0.55,1.51
Carrots,1992,32790,8,32798,0,0,2624,0,30174,0.47,1.29
Carrots,1993,31850,3,31853,0,0,2548,0,29305,0.45,1.23
Carrots,1994,29882,6,29888,0,0,2391,0,27497,0.4,1.1
Carrots,1995,31953,5,31958,0,0,2557,0,29401,0.43,1.18
Carrots,1996,34204,7,34211,0,0,2737,0,31474,0.45,1.23
Carrots,1997,33733,30,33763,0,0,2701,0,31062,0.43,1.18
Carrots,1998,32387,6,32393,0,0,2591,0,29802,0.41,1.12
Carrots,1999,33849,18,33867,0,0,2709,0,31158,0.42,1.15
Carrots,2000,34600,57,34657,0,0,2773,0,31884,0.42,1.15
Carrots,2001,33793,32,33825,0,0,2706,0,31119,0.4,1.1
Carrots,2002,34512,647,35159,0,0,2813,0,32346,0.41,1.12
Carrots,2003,34666,1347,36013,0,0,2881,0,33132,0.41,1.12
Carrots,2004,35784,353,36137,51,0,2887,0,33199,0.4,1.1
Carrots,2005,35418,22,35440,0,0,2835,0,32605,0.38,1.04
Carrots,2006,35694,1,35695,0,0,2856,0,32839,0.38,1.04
Carrots,2007,65024,2,65026,0,0,5202,0,59824,0.68,1.86
Carrots,2008,68366,6,68372,0,0,5470,0,62902,0.7,1.92
Carrots,2009,68328,137,68465,0,0,5477,0,62988,0.69,1.89
Carrots,2010,72109,40,72149,0,0,5772,0,66377,0.71,1.95
Carrots,2011,67162,50,67212,0,0,5377,0,61835,0.65,1.78
Carrots,2012,68454,10,68464,0,0,5477,0,62987,0.65,1.78
Carrots,2013,68111,25,68136,0,0,5451,0,62685,0.64,1.75
Carrots,2014,68342,12,68354,2,0,5468,0,62884,0.63,1.73
Carrots,2015,67037,b/,67037,0,0,5363,0,61674,0.61,1.67
Carrots,2016,65987,2,65989,0,0,5279,0,60710,0.59,1.61
Carrots,2017,65219,7,65226,0,0,5218,0,60008,0.58,1.58
Carrots,2018,64896,16,64911,0,0,5193,0,59718,0.56,1.55
Carrots,2019,65070,158,65228,0,0,5218,0,60009,0.56,1.53
Cauliflower,1990,3282,0,3282,0,1,263,0,3018,0.05,0.14
Cauliflower,1991,3196,0,3196,0,1,256,0,2939,0.05,0.14
Cauliflower,1992,4441,0,4441,0,1,355,0,4084,0.06,0.16
Cauliflower,1993,4961,0,4961,0,1,397,0,4563,0.07,0.19
Cauliflower,1994,5735,0,5735,0,2,459,0,5274,0.08,0.22
Cauliflower,1995,6302,0,6302,0,2,504,0,5796,0.08,0.22
Cauliflower,1996,10696,0,10696,0,4,856,0,9837,0.14,0.38
Cauliflower,1997,11623,0,11623,0,3,930,0,10690,0.15,0.41
Cauliflower,1998,11875,0,11875,0,3,950,0,10922,0.15,0.41
Cauliflower,1999,11999,0,11999,0,3,960,0,11036,0.15,0.41
Cauliflower,2000,12180,0,12180,0,4,974,0,11202,0.15,0.41
Cauliflower,2001,12298,0,12298,0,4,984,0,11311,0.15,0.41
Cauliflower,2002,12284,0,12284,0,4,983,0,11298,0.14,0.38
Cauliflower,2003,12324,0,12324,0,4,986,0,11334,0.14,0.38
Cauliflower,2004,12007,0,12007,0,4,961,0,11042,0.13,0.36
Cauliflower,2005,10641,0,10641,0,4,851,0,9786,0.11,0.3
Cauliflower,2006,10489,0,10489,0,4,839,0,9646,0.11,0.3
Cauliflower,2007,10148,70,10218,0,4,817,0,9397,0.11,0.3
Cauliflower,2008,10758,92,10850,0,4,868,0,9978,0.11,0.3
Cauliflower,2009,10559,26,10585,0,4,847,0,9734,0.11,0.3
Cauliflower,2010,11102,34,11136,0,4,891,0,10241,0.11,0.3
Cauliflower,2011,11583,5,11588,0,4,927,0,10657,0.11,0.3
Cauliflower,2012,11636,6,11642,0,4,931,0,10707,0.11,0.3
Cauliflower,2013,11782,14,11796,0,4,944,0,10848,0.11,0.3
Cauliflower,2014,11739,14,11753,0,4,940,0,10809,0.11,0.3
Cauliflower,2015,11865,1,11866,0,4,949,0,10913,0.11,0.3
Cauliflower,2016,11641,3,11645,b/,4,932,0,10709,0.1,0.28
Cauliflower,2017,12061,34,12095,0,4,968,0,11123,0.11,0.29
Cauliflower,2018,11328,64,11392,0,4,911,0,10477,0.1,0.27
Cauliflower,2019,11553,57,11610,0,4,929,0,10677,0.1,0.27
Celery,1990,3849,0,3849,0,0,308,0,3541,0.06,0.16
Celery,1991,5846,0,5846,0,0,468,0,5378,0.09,0.23
Celery,1992,8994,7,9001,0,0,720,0,8281,0.13,0.35
Celery,1993,6885,19,6904,0,0,552,0,6352,0.1,0.27
Celery,1994,6242,18,6260,0,0,501,0,5759,0.08,0.23
Celery,1995,3859,24,3883,0,0,311,0,3572,0.05,0.14
Celery,1996,3642,21,3663,0,0,293,0,3370,0.05,0.13
Celery,1997,3675,33,3708,0,0,297,0,3411,0.05,0.13
Celery,1998,3400,22,3422,0,0,274,0,3148,0.04,0.12
Celery,1999,3541,8,3549,0,0,284,0,3265,0.04,0.12
Celery,2000,3494,17,3511,0,0,281,0,3230,0.04,0.12
Celery,2001,3530,24,3554,0,0,284,0,3270,0.04,0.11
Celery,2002,3549,6,3555,0,0,284,0,3271,0.04,0.11
Celery,2003,3641,2,3643,0,0,291,0,3352,0.04,0.11
Celery,2004,3703,12,3715,0,0,297,0,3418,0.04,0.11
Celery,2005,3666,26,3692,0,0,295,0,3397,0.04,0.11
Celery,2006,3775,4,3779,0,0,302,0,3477,0.04,0.11
Celery,2007,3864,1,3865,0,0,309,0,3556,0.04,0.11
Celery,2008,4075,5,4080,0,0,326,0,3754,0.04,0.11
Celery,2009,4105,16,4121,b/,0,330,0,3791,0.04,0.11
Celery,2010,3959,31,3990,0,0,319,0,3671,0.04,0.11
Celery,2011,3566,15,3581,0,0,286,0,3295,0.03,0.08
Celery,2012,3425,7,3432,0,0,275,0,3157,0.03,0.08
Celery,2013,3463,3,3466,0,0,277,0,3189,0.03,0.08
Celery,2014,3400,0,3400,0,0,272,0,3128,0.03,0.08
Celery,2015,3317,b/,3317,0,0,265,0,3052,0.03,0.08
Celery,2016,3290,5,3294,0,0,264,0,3031,0.03,0.08
Celery,2017,3437,1,3438,0,0,275,0,3163,0.03,0.08
Celery,2018,3418,36,3453,0,0,276,0,3177,0.03,0.08
Celery,2019,3491,75,3566,0,0,285,0,3280,0.03,0.08
Chayote,1990,28470,0,28470,0,7,2278,0,26186,0.43,1.17
Chayote,1991,31219,0,31219,0,7,2498,0,28715,0.46,1.25
Chayote,1992,31222,0,31222,0,7,2498,0,28717,0.45,1.22
Chayote,1993,33071,0,33071,0,7,2646,0,30418,0.46,1.27
Chayote,1994,40874,0,40874,0,8,3270,0,37597,0.55,1.5
Chayote,1995,39260,0,39260,0,9,3141,0,36111,0.53,1.45
Chayote,1996,42886,0,42886,0,9,3431,0,39446,0.56,1.54
Chayote,1997,44090,0,44090,0,9,3527,0,40553,0.57,1.55
Chayote,1998,38523,0,38523,0,9,3082,0,35433,0.48,1.33
Chayote,1999,38876,0,38876,0,9,3110,0,35756,0.48,1.31
Chayote,2000,38027,0,38027,0,10,3042,0,34975,0.46,1.25
Chayote,2001,39264,0,39264,0,10,3141,0,36113,0.46,1.27
Chayote,2002,74164,0,74164,0,20,5933,0,68211,0.86,2.35
Chayote,2003,73910,0,73910,0,20,5913,0,67978,0.84,2.3
Chayote,2004,75560,0,75560,0,23,6045,0,69492,0.84,2.3
Chayote,2005,75700,0,75700,0,22,6056,0,69622,0.82,2.25
Chayote,2006,78102,0,78102,0,21,6248,0,71833,0.83,2.27
Chayote,2007,79407,0,79407,0,24,6353,0,73030,0.82,2.25
Chayote,2008,83739,0,83739,0,24,6699,0,77016,0.85,2.33
Chayote,2009,82675,0,82675,0,24,6614,0,76037,0.84,2.3
Chayote,2010,89736,0,89736,0,23,7179,0,82534,0.89,2.44
Chayote,2011,85396,0,85396,0,24,6832,0,78540,0.83,2.27
Chayote,2012,83727,0,83727,0,23,6698,0,77006,0.8,2.19
Chayote,2013,83097,0,83097,0,23,6648,0,76426,0.78,2.14
Chayote,2014,81576,0,81576,0,23,6526,0,75027,0.75,2.05
Chayote,2015,80851,0,80851,0,23,6468,0,74360,0.73,2
Chayote,2016,74566,0,74566,0,22,5965,0,68578,0.66,1.82
Chayote,2017,73068,0,73068,0,22,5845,0,67200,0.65,1.77
Chayote,2018,71601,0,71601,0,22,5728,0,65851,0.62,1.71
Chayote,2019,76924,0,76924,0,23,6154,0,70748,0.66,1.81
Cucumber,1990,5472,0,5472,0,4,438,0,5030,0.08,0.22
Cucumber,1991,6108,0,6108,0,4,489,0,5615,0.09,0.24
Cucumber,1992,6767,0,6767,0,4,541,0,6222,0.1,0.27
Cucumber,1993,6249,0,6249,0,4,500,0,5745,0.09,0.24
Cucumber,1994,6941,0,6941,0,4,555,0,6382,0.09,0.25
Cucumber,1995,6806,20,6826,0,4,546,0,6276,0.09,0.25
Cucumber,1996,8764,0,8764,0,5,701,0,8058,0.12,0.32
Cucumber,1997,8488,0,8488,0,5,679,0,7804,0.11,0.3
Cucumber,1998,9125,0,9125,0,5,730,0,8390,0.11,0.31
Cucumber,1999,9292,0,9292,0,5,743,0,8543,0.11,0.31
Cucumber,2000,8845,0,8845,0,5,708,0,8132,0.11,0.29
Cucumber,2001,8618,1,8619,0,5,689,0,7924,0.1,0.28
Cucumber,2002,8995,0,8995,0,5,720,0,8270,0.1,0.28
Cucumber,2003,9128,4,9132,0,5,731,0,8396,0.1,0.28
Cucumber,2004,9540,0,9540,0,6,763,0,8771,0.11,0.3
Cucumber,2005,9226,b/,9226,0,6,738,0,8482,0.1,0.27
Cucumber,2006,9719,0,9719,0,6,778,0,8935,0.1,0.27
Cucumber,2007,10873,104,10977,0,6,878,0,10093,0.11,0.3
Cucumber,2008,11432,b/,11432,2,6,914,0,10510,0.12,0.33
Cucumber,2009,11845,0,11845,b/,6,948,0,10891,0.12,0.33
Cucumber,2010,11766,0,11766,0,6,941,0,10819,0.12,0.33
Cucumber,2011,11640,0,11640,b/,6,931,0,10703,0.11,0.3
Cucumber,2012,11792,0,11792,b/,6,943,0,10843,0.11,0.3
Cucumber,2013,12540,0,12540,0,7,1003,0,11530,0.12,0.33
Cucumber,2014,12802,0,12802,0,7,1024,0,11771,0.12,0.33
Cucumber,2015,12905,0,12905,b/,7,1032,0,11866,0.12,0.33
Cucumber,2016,13146,0,13146,380,7,1021,0,11738,0.11,0.31
Cucumber,2017,13290,2,13292,b/,7,1063,0,12222,0.12,0.32
Cucumber,2018,13444,3,13447,b/,7,1076,0,12364,0.12,0.32
Cucumber,2019,13628,b/,13628,b/,7,1090,0,12532,0.12,0.32
Eggplant,1990,112704,0,112704,0,34,9016,0,103653,1.69,4.62
Eggplant,1991,104040,0,104040,0,30,8323,0,95686,1.52,4.17
Eggplant,1992,110451,0,110451,0,33,8836,0,101582,1.58,4.33
Eggplant,1993,111672,0,111672,0,37,8934,0,102702,1.57,4.3
Eggplant,1994,123471,0,123471,0,37,9878,0,113556,1.65,4.53
Eggplant,1995,130702,0,130702,0,37,10456,0,120209,1.76,4.82
Eggplant,1996,157603,0,157603,0,38,12608,0,144957,2.07,5.68
Eggplant,1997,195032,0,195032,0,40,15603,0,179390,2.51,6.87
Eggplant,1998,163833,0,163833,0,34,13107,0,150693,2.06,5.64
Eggplant,1999,159744,0,159744,0,41,12780,0,146924,1.97,5.39
Eggplant,2000,166146,0,166146,0,42,13292,0,152812,2,5.47
Eggplant,2001,169819,0,169819,0,43,13586,0,156191,2,5.49
Eggplant,2002,179659,0,179659,0,44,14373,0,165243,2.08,5.69
Eggplant,2003,176991,0,176991,0,44,14159,0,162788,2.01,5.51
Eggplant,2004,182753,0,182753,0,44,14620,0,168089,2.03,5.56
Eggplant,2005,187793,0,187793,0,45,15023,0,172725,2.03,5.56
Eggplant,2006,191911,0,191911,0,44,15353,0,176514,2.03,5.56
Eggplant,2007,210156,0,210156,1,45,16812,0,193298,2.18,5.97
Eggplant,2008,199579,0,199579,1,45,15966,0,183567,2.03,5.56
Eggplant,2009,200942,0,200942,b/,44,16075,0,184823,2.03,5.56
Eggplant,2010,208242,0,208242,b/,45,16659,0,191538,2.06,5.64
Eggplant,2011,207994,0,207994,b/,45,16640,0,191309,2.02,5.53
Eggplant,2012,211885,0,211885,1,45,16951,0,194888,2.02,5.53
Eggplant,2013,219911,0,219911,1,45,17593,0,202272,2.06,5.64
Eggplant,2014,225579,0,225579,b/,44,18046,0,207489,2.08,5.7
Eggplant,2015,232864,0,232864,b/,44,18629,0,214191,2.11,5.78
Eggplant,2016,235626,0,235626,0,44,18850,0,216732,2.1,5.75
Eggplant,2017,241901,0,241901,0,45,19352,0,222504,2.14,5.85
Eggplant,2018,244838,0,244838,0,45,19587,0,225206,2.13,5.83
Eggplant,2019,249890,0,244838,b/,46,19587,0,225205,2.1,5.75
Garlic,1990,17849,198,18047,0,2142,1444,0,14461,0.24,0.64
Garlic,1991,12425,290,12715,0,1491,1017,0,10207,0.16,0.44
Garlic,1992,11766,271,12037,0,1412,963,0,9662,0.15,0.41
Garlic,1993,12310,471,12781,0,1477,1022,0,10281,0.16,0.43
Garlic,1994,15728,0,15728,1,1887,1258,0,12582,0.18,0.5
Garlic,1995,17227,0,17227,2,2067,1378,0,13779,0.2,0.55
Garlic,1996,18591,1651,20242,253,2231,1599,0,16159,0.23,0.63
Garlic,1997,20180,5423,25603,0,2422,2048,0,21133,0.3,0.81
Garlic,1998,17757,13855,31612,35,2131,2526,0,26920,0.37,1.01
Garlic,1999,9335,19371,28706,0,1120,2297,0,25290,0.34,0.93
Garlic,2000,13688,5113,18801,0,1643,1504,0,15655,0.2,0.56
Garlic,2001,15364,7599,22963,1,1844,1837,0,19281,0.25,0.68
Garlic,2002,16257,16814,33071,4047,1951,2322,0,24751,0.31,0.85
Garlic,2003,15529,18973,34502,4594,1863,2393,0,25652,0.32,0.87
Garlic,2004,14999,21222,36221,4648,1800,2526,0,27247,0.33,0.9
Garlic,2005,13234,26165,39399,5937,1588,2677,0,29197,0.34,0.93
Garlic,2006,12581,40493,53074,3851,1510,3938,0,43775,0.5,1.37
Garlic,2007,11285,50622,61907,10,1354,4952,0,55591,0.63,1.73
Garlic,2008,11348,54992,66340,26,1362,5305,0,59647,0.66,1.81
Garlic,2009,10451,36839,47290,1,1254,3783,0,42252,0.46,1.26
Garlic,2010,9563,24296,33859,20,1148,2707,0,29984,0.32,0.88
Garlic,2011,9057,22463,31520,6,1087,2521,0,27906,0.29,0.79
Garlic,2012,8808,9482,18290,3,1057,1463,0,15767,0.16,0.44
Garlic,2013,8986,3515,12501,6,1078,1000,0,10417,0.11,0.3
Garlic,2014,8993,29696,38689,89,1079,3088,0,34433,0.34,0.93
Garlic,2015,10420,70038,80458,80,1250,6430,0,72698,0.72,1.97
Garlic,2016,7469,60308,67777,79,896,5416,0,61386,0.59,1.63
Garlic,2017,7751,68802,76553,107,930,6124,0,69499,0.67,1.83
Garlic,2018,7559,79407,86966,102,907,6957,0,79101,0.75,2.05
Garlic,2019,7256,85116,92372,104,871,7390,0,84112,0.78,2.15
Ginger,1990,21811,0,21811,0,109,1745,0,19957,0.32,0.89
Ginger,1991,21346,0,21346,0,107,1708,0,19532,0.31,0.85
Ginger,1992,21025,0,21025,0,105,1682,0,19238,0.3,0.82
Ginger,1993,20424,0,20424,0,102,1634,0,18688,0.29,0.78
Ginger,1994,21358,0,21358,0,107,1709,0,19543,0.28,0.78
Ginger,1995,22704,0,22704,0,114,1816,0,20774,0.3,0.83
Ginger,1996,24011,0,24011,0,120,1921,0,21970,0.31,0.86
Ginger,1997,21715,0,21715,0,109,1737,0,19869,0.28,0.76
Ginger,1998,17973,0,17973,0,90,1438,0,16445,0.22,0.62
Ginger,1999,20793,0,20793,0,104,1663,0,19026,0.25,0.7
Ginger,2000,22679,0,22679,0,113,1814,0,20751,0.27,0.74
Ginger,2001,23424,0,23424,0,117,1874,0,21433,0.28,0.75
Ginger,2002,23022,0,23022,0,115,1842,0,21065,0.26,0.73
Ginger,2003,22616,0,22616,0,113,1809,0,20694,0.26,0.7
Ginger,2004,24063,0,24063,0,120,1925,0,22018,0.27,0.74
Ginger,2005,24700,0,24700,0,124,1976,0,22600,0.27,0.74
Ginger,2006,27261,0,27261,0,136,2181,0,24944,0.29,0.79
Ginger,2007,27946,0,27946,0,140,2236,0,25570,0.29,0.79
Ginger,2008,27538,57,27595,3,138,2207,0,25247,0.28,0.77
Ginger,2009,27415,94,27509,4,137,2200,0,25168,0.28,0.77
Ginger,2010,27097,90,27187,4,135,2175,0,24873,0.27,0.74
Ginger,2011,27755,80,27835,45,139,2223,0,25428,0.27,0.74
Ginger,2012,27677,58,27735,4,138,2218,0,25375,0.26,0.71
Ginger,2013,28216,108,28324,15,141,2265,0,25903,0.26,0.71
Ginger,2014,27197,40,27237,1,136,2179,0,24921,0.25,0.68
Ginger,2015,26623,1495,28118,b/,133,2249,0,25736,0.25,0.68
Ginger,2016,26787,8961,35748,10,134,2859,0,32745,0.32,0.87
Ginger,2017,27482,2730,30212,2,137,2417,0,27656,0.27,0.73
Ginger,2018,27926,294,28220,2,140,2257,0,25822,0.24,0.67
Ginger,2019,26929,8945,35874,1,135,2870,0,32868,0.31,0.84
Gourd,1990,40085,0,40085,0,11,3207,0,36867,0.6,1.64
Gourd,1991,37426,0,37426,0,10,2994,0,34422,0.55,1.5
Gourd,1992,36018,0,36018,0,10,2881,0,33127,0.52,1.41
Gourd,1993,34429,0,34429,0,9,2754,0,31665,0.48,1.33
Gourd,1994,32352,0,32352,0,9,2588,0,29755,0.43,1.19
Gourd,1995,30304,0,30304,0,9,2424,0,27871,0.41,1.12
Gourd,1996,36952,0,36952,0,10,2956,0,33986,0.49,1.33
Gourd,1997,40634,0,40634,0,10,3251,0,37373,0.52,1.43
Gourd,1998,36953,0,36953,0,10,2956,0,33987,0.46,1.27
Gourd,1999,38107,0,38107,0,10,3049,0,35048,0.47,1.28
Gourd,2000,37113,0,37113,0,10,2969,0,34134,0.45,1.22
Gourd,2001,34980,0,34980,0,10,2798,0,32172,0.41,1.13
Gourd,2002,128829,0,128829,0,34,10306,0,118489,1.49,4.08
Gourd,2003,128387,0,128387,0,34,10271,0,118082,1.46,3.99
Gourd,2004,124251,0,124251,0,32,9940,0,114279,1.38,3.79
Gourd,2005,120423,0,120423,0,32,9634,0,110757,1.3,3.56
Gourd,2006,113421,0,113421,0,30,9074,0,104317,1.2,3.29
Gourd,2007,106291,0,106291,0,28,8503,0,97760,1.1,3.02
Gourd,2008,104029,0,104029,0,27,8322,0,95679,1.06,2.9
Gourd,2009,102787,0,102787,0,27,8223,0,94537,1.04,2.85
Gourd,2010,97586,0,97586,0,26,7807,0,89753,0.96,2.64
Gourd,2011,93780,0,93780,0,26,7502,0,86252,0.91,2.49
Gourd,2012,92588,0,92588,0,26,7407,0,85155,0.88,2.42
Gourd,2013,88464,0,88464,0,24,7077,0,81363,0.83,2.27
Gourd,2014,83218,0,83218,0,24,6657,0,76536,0.77,2.1
Gourd,2015,82737,0,82737,0,25,6619,0,76094,0.75,2.05
Gourd,2016,79978,0,79978,0,24,6398,0,73556,0.71,1.95
Gourd,2017,81402,0,81402,0,24,6512,0,74866,0.72,1.97
Gourd,2018,79231,0,79231,0,24,6338,0,72869,0.69,1.89
Gourd,2019,76645,0,76645,0,23,6132,0,70490,0.66,1.8
Habitchuelas,1990,9490,0,9490,0,14,759,0,8717,0.14,0.38
Habitchuelas,1991,9878,0,9878,0,14,790,0,9074,0.14,0.38
Habitchuelas,1992,10551,0,10551,0,14,844,0,9692,0.15,0.41
Habitchuelas,1993,11003,0,11003,0,15,880,0,10108,0.15,0.41
Habitchuelas,1994,11309,0,11309,0,17,905,0,10387,0.15,0.41
Habitchuelas,1995,11289,0,11289,0,18,903,0,10368,0.15,0.41
Habitchuelas,1996,12361,0,12361,0,20,989,0,11352,0.16,0.44
Habitchuelas,1997,12440,0,12440,0,21,995,0,11423,0.16,0.44
Habitchuelas,1998,11900,0,11900,0,19,952,0,10929,0.15,0.41
Habitchuelas,1999,12138,0,12138,0,19,971,0,11148,0.15,0.41
Habitchuelas,2000,11757,0,11757,0,18,941,0,10798,0.14,0.38
Habitchuelas,2001,11603,0,11603,0,18,928,0,10657,0.14,0.38
Habitchuelas,2002,11847,0,11847,0,18,948,0,10881,0.14,0.38
Habitchuelas,2003,11549,0,11549,0,19,924,0,10606,0.13,0.36
Habitchuelas,2004,11856,0,11856,0,19,948,0,10889,0.13,0.36
Habitchuelas,2005,12049,0,12049,0,20,964,0,11065,0.13,0.36
Habitchuelas,2006,13493,0,13493,0,20,1079,0,12393,0.14,0.38
Habitchuelas,2007,15922,0,15922,0,22,1274,0,14627,0.17,0.47
Habitchuelas,2008,16897,0,16897,0,22,1352,0,15523,0.17,0.47
Habitchuelas,2009,16187,0,16187,0,22,1295,0,14870,0.16,0.44
Habitchuelas,2010,15806,0,15806,0,23,1264,0,14519,0.16,0.44
Habitchuelas,2011,15426,0,15426,0,22,1234,0,14170,0.15,0.41
Habitchuelas,2012,15328,0,15328,0,21,1226,0,14080,0.15,0.41
Habitchuelas,2013,15423,0,15423,0,21,1234,0,14168,0.14,0.38
Habitchuelas,2014,15306,0,15306,0,20,1224,0,14061,0.14,0.38
Habitchuelas,2015,14745,0,14745,0,19,1180,0,13546,0.13,0.36
Habitchuelas,2016,14389,0,14389,0,19,1151,0,13219,0.13,0.36
Habitchuelas,2017,14151,0,14151,0,19,1132,0,13000,0.12,0.33
Habitchuelas,2018,13950,0,13950,0,19,1116,0,12816,0.12,0.33
Habitchuelas,2019,14029,0,14029,0,19,1122,0,12888,0.12,0.33
Mongo,1990,26655,17300,43955,19,165,220,0,43552,0.71,1.94
Mongo,1991,25118,11335,36453,279,154,181,0,35839,0.57,1.56
Mongo,1992,23228,14328,37556,14,147,188,0,37207,0.58,1.59
Mongo,1993,23422,6963,30385,19,149,152,0,30065,0.46,1.26
Mongo,1994,24218,20248,44466,24,153,222,0,44067,0.64,1.76
Mongo,1995,26651,24232,50883,15,157,254,0,50457,0.74,2.02
Mongo,1996,26792,28140,54932,15,160,275,0,54483,0.78,2.13
Mongo,1997,27468,27140,54608,10,164,273,0,54162,0.76,2.07
Mongo,1998,28457,24713,53170,4,170,266,0,52730,0.72,1.97
Mongo,1999,29198,40676,69874,183,177,348,0,69165,0.93,2.54
Mongo,2000,27465,36627,64092,8,178,320,0,63585,0.83,2.28
Mongo,2001,27757,41565,69322,6,167,347,0,68802,0.88,2.42
Mongo,2002,27351,37521,64872,12,164,324,0,64371,0.81,2.22
Mongo,2003,25985,41350,67335,12,160,337,0,66826,0.82,2.26
Mongo,2004,26472,38630,65102,8,163,325,0,64606,0.78,2.14
Mongo,2005,26748,30696,57444,149,163,286,0,56846,0.67,1.84
Mongo,2006,25952,30736,56688,21,161,283,0,56223,0.65,1.78
Mongo,2007,29067,33201,62268,131,176,311,0,61650,0.7,1.92
Mongo,2008,29617,37742,67359,12,180,337,0,66830,0.74,2.03
Mongo,2009,27694,30566,58260,15,174,291,0,57780,0.63,1.73
Mongo,2010,27055,30815,57870,422,180,287,0,56981,0.61,1.67
Mongo,2011,32960,24533,57493,275,204,286,0,56728,0.6,1.64
Mongo,2012,32366,32177,64543,77,200,322,0,63944,0.66,1.81
Mongo,2013,32422,33665,66087,28,196,330,0,65533,0.67,1.84
Mongo,2014,32144,28723,60867,50,193,304,0,60320,0.6,1.64
Mongo,2015,33623,30748,64371,b/,187,322,0,63862,0.63,1.73
Mongo,2016,34039,31232,65271,3,186,326,0,64756,0.63,1.72
Mongo,2017,35341,36475,71816,22,189,359,0,71246,0.68,1.87
Mongo,2018,36664,38231,74895,2,187,374,0,74331,0.7,1.93
Mongo,2019,36248,36646,72894,385,188,363,0,71959,0.67,1.84
Okra,1990,23913,0,23913,0,5,1913,0,21995,0.36,0.99
Okra,1991,23801,0,23801,0,5,1904,0,21892,0.35,0.96
Okra,1992,25267,0,25267,0,5,2021,0,23241,0.36,0.99
Okra,1993,25465,0,25465,0,5,2037,0,23423,0.36,0.99
Okra,1994,28410,0,28410,0,6,2273,0,26131,0.38,1.04
Okra,1995,28886,0,28886,0,6,2311,0,26569,0.39,1.07
Okra,1996,30355,0,30355,0,6,2428,0,27921,0.4,1.1
Okra,1997,31009,0,31009,0,6,2481,0,28522,0.4,1.1
Okra,1998,24007,0,24007,0,5,1921,0,22081,0.3,0.82
Okra,1999,25174,0,25174,0,6,2014,0,23154,0.31,0.85
Okra,2000,25452,0,25452,0,6,2036,0,23410,0.31,0.85
Okra,2001,25160,0,25160,0,6,2013,0,23141,0.3,0.82
Okra,2002,25254,0,25254,0,6,2020,0,23228,0.29,0.79
Okra,2003,22992,0,22992,0,6,1839,0,21147,0.26,0.71
Okra,2004,24913,0,24913,0,7,1993,0,22913,0.28,0.77
Okra,2005,25958,0,25958,0,7,2077,0,23874,0.28,0.77
Okra,2006,26709,0,26709,0,7,2137,0,24565,0.28,0.77
Okra,2007,27886,0,27886,0,7,2231,0,25648,0.29,0.79
Okra,2008,29485,0,29485,3299,7,2095,0,24084,0.27,0.74
Okra,2009,29710,0,29710,3956,7,2060,0,23687,0.26,0.71
Okra,2010,29716,0,29716,4586,7,2010,0,23113,0.25,0.68
Okra,2011,29129,0,29129,4604,7,1962,0,22556,0.24,0.66
Okra,2012,29774,0,29774,6336,7,1875,0,21556,0.22,0.6
Okra,2013,30122,0,30122,5457,8,1973,0,22684,0.23,0.63
Okra,2014,30274,0,30274,5575,8,1976,0,22715,0.23,0.63
Okra,2015,30638,0,30638,4657,8,2078,0,23895,0.24,0.66
Okra,2016,30529,0,30529,5061,8,2037,0,23423,0.23,0.62
Okra,2017,31379,0,31379,4944,8,2115,0,24312,0.23,0.64
Okra,2018,31277,0,31277,5754,8,2042,0,23473,0.22,0.61
Okra,2019,31708,0,31708,6758,8,1996,0,22945,0.21,0.59
Onion,1990,61470,184,61654,7868,1936,4303,0,47547,0.77,2.12
Onion,1991,60345,b/,60345,6982,1901,4269,0,47193,0.75,2.06
Onion,1992,56708,b/,56708,6325,1786,4031,0,44566,0.69,1.9
Onion,1993,61464,209,61673,7372,2585,4344,0,47372,0.72,1.98
Onion,1994,73635,b/,73635,5335,3288,5464,0,59548,0.87,2.38
Onion,1995,88427,1,88428,10563,2949,6229,0,68687,1,2.75
Onion,1996,83322,1374,84696,7297,2977,6192,0,68230,0.98,2.67
Onion,1997,85383,808,86191,4858,3047,6507,0,71779,1,2.75
Onion,1998,86978,11408,98386,5253,2220,7451,0,83463,1.14,3.13
Onion,1999,84967,16178,101145,2046,2187,7928,0,88984,1.19,3.26
Onion,2000,84216,10032,94248,3724,2209,7242,0,81072,1.06,2.9
Onion,2001,82606,17925,100531,5613,2218,7593,0,85107,1.09,2.99
Onion,2002,96358,6752,103110,16297,2279,6945,0,77589,0.98,2.67
Onion,2003,93842,11584,105426,32918,2265,5801,0,64442,0.79,2.18
Onion,2004,86741,7092,93833,28191,2373,5251,0,58018,0.7,1.92
Onion,2005,82019,29710,111729,20662,2486,7285,0,81296,0.95,2.61
Onion,2006,75978,61325,137303,13382,2600,9914,0,111407,1.28,3.51
Onion,2007,146108,3019,149127,11758,2737,10990,0,123643,1.4,3.82
Onion,2008,128923,66259,195182,6844,2618,15067,0,170653,1.89,5.17
Onion,2009,127055,9931,136986,6583,2605,10432,0,117365,1.29,3.53
Onion,2010,135377,10769,146146,7859,2723,11063,0,124501,1.34,3.66
Onion,2011,128387,4832,133219,14010,2811,9537,0,106861,1.13,3.09
Onion,2012,124890,18443,143333,5514,2806,11026,0,123987,1.28,3.52
Onion,2013,134239,8508,142747,3443,2756,11144,0,125404,1.28,3.5
Onion,2014,203651,9047,212698,786,2763,16953,0,192196,1.92,5.27
Onion,2015,181208,34220,215428,922,2674,17160,0,194671,1.92,5.25
Onion,2016,122594,135296,257890,601,2466,20583,0,234239,2.27,6.22
Onion,2017,184427,34084,218511,548,2634,17437,0,197892,1.9,5.2
Onion,2018,172666,108081,280747,121,2585,22450,0,255591,2.42,6.62
Onion,2019,222082,23590,245672,379,2587,19623,0,223083,2.08,5.7
Patola,1990,15937,0,15937,0,4,1275,0,14658,0.24,0.65
Patola,1991,12834,0,12834,0,3,1027,0,11804,0.19,0.51
Patola,1992,14198,0,14198,0,3,1136,0,13059,0.2,0.56
Patola,1993,11685,0,11685,0,3,935,0,10747,0.16,0.45
Patola,1994,12416,0,12416,0,3,993,0,11420,0.17,0.46
Patola,1995,12014,0,12014,0,3,961,0,11050,0.16,0.44
Patola,1996,12260,0,12260,0,3,981,0,11276,0.16,0.44
Patola,1997,13090,0,13090,0,3,1047,0,12040,0.17,0.46
Patola,1998,12162,0,12162,0,3,973,0,11186,0.15,0.42
Patola,1999,12209,0,12209,0,3,977,0,11229,0.15,0.41
Patola,2000,12544,0,12544,0,3,1004,0,11537,0.15,0.41
Patola,2001,12153,0,12153,0,3,972,0,11178,0.14,0.39
Patola,2002,12447,0,12447,0,3,996,0,11448,0.14,0.39
Patola,2003,12266,0,12266,0,3,981,0,11282,0.14,0.38
Patola,2004,12878,0,12878,0,3,1030,0,11845,0.14,0.39
Patola,2005,12749,0,12749,0,3,1020,0,11726,0.14,0.38
Patola,2006,12747,0,12747,0,3,1020,0,11724,0.13,0.37
Patola,2007,13047,0,13047,0,3,1044,0,12000,0.14,0.37
Patola,2008,13398,0,13398,0,3,1072,0,12323,0.14,0.37
Patola,2009,13273,0,13273,0,3,1062,0,12208,0.13,0.37
Patola,2010,13264,0,13264,0,3,1061,0,12200,0.13,0.36
Patola,2011,13416,0,13416,0,3,1073,0,12340,0.13,0.36
Patola,2012,13543,0,13543,0,3,1083,0,12456,0.13,0.35
Patola,2013,13655,0,13655,0,3,1092,0,12559,0.13,0.35
Patola,2014,13649,0,13649,0,3,1092,0,12554,0.13,0.34
Patola,2015,13173,0,13173,0,3,1054,0,12116,0.12,0.33
Patola,2016,12801,0,12801,0,3,1024,0,11774,0.11,0.31
Patola,2017,13091,0,13091,0,3,1047,0,12040,0.12,0.32
Patola,2018,12814,0,12814,0,3,1025,0,11786,0.11,0.31
Patola,2019,12869,0,12869,0,3,1030,0,11836,0.11,0.3
Peanut,1990,34875,34568,69443,187,178,346,4848,63884,1.04,2.85
Peanut,1991,31377,26519,57896,0,156,289,4053,53398,0.85,2.33
Peanut,1992,34010,28015,62025,0,178,310,4342,57195,0.89,2.44
Peanut,1993,34030,32550,66580,0,180,333,4661,61407,0.94,2.57
Peanut,1994,36574,41254,77828,0,188,389,5448,71803,1.05,2.87
Peanut,1995,36200,40829,77029,0,191,385,5392,71061,1.04,2.85
Peanut,1996,33497,58967,92464,0,115,462,6472,85414,1.22,3.35
Peanut,1997,25836,51971,77807,0,106,389,5446,71866,1,2.75
Peanut,1998,24718,43330,68048,0,101,340,4763,62843,0.86,2.35
Peanut,1999,25948,44210,70158,0,108,351,4911,64788,0.87,2.37
Peanut,2000,26827,49082,75909,0,107,380,5314,70108,0.92,2.51
Peanut,2001,26151,48493,74644,0,107,373,5225,68939,0.88,2.42
Peanut,2002,26246,46892,73138,0,108,366,5120,67544,0.85,2.33
Peanut,2003,26125,36019,62144,0,107,311,4350,57376,0.71,1.94
Peanut,2004,27087,36957,64044,681,108,317,4435,58503,0.71,1.94
Peanut,2005,28437,37468,65905,1670,110,321,4496,59307,0.7,1.91
Peanut,2006,29151,50906,80057,96,111,400,5597,73853,0.85,2.33
Peanut,2007,31205,19230,50435,224,113,251,3515,46332,0.52,1.43
Peanut,2008,30247,16214,46461,267,111,231,3234,42619,0.47,1.29
Peanut,2009,30978,71703,102681,1,113,513,7188,94866,1.04,2.86
Peanut,2010,29624,68798,98422,b/,108,492,6890,90932,0.98,2.67
Peanut,2011,29734,60713,90447,183,108,451,6318,83387,0.88,2.41
Peanut,2012,29136,52721,81857,2,104,409,5730,75611,0.78,2.15
Peanut,2013,29091,34942,64033,0,102,320,4482,59128,0.6,1.65
Peanut,2014,29196,66500,95696,33,100,478,6696,88388,0.88,2.42
Peanut,2015,29195,73559,102754,75,98,513,7188,94880,0.93,2.56
Peanut,2016,27921,73536,101457,0,94,507,7102,93754,0.91,2.49
Peanut,2017,29374,87832,117206,168,95,585,8193,108165,1.04,2.84
Peanut,2018,29428,89916,119344,1,96,597,8354,110297,1.04,2.86
Peanut,2019,29301,87874,117174,0,96,586,8202,108291,1.01,2.77
Pechay,1990,29304,0,29304,0,0,2344,0,26960,0.44,1.2
Pechay,1991,28068,0,28068,0,0,2245,0,25823,0.41,1.13
Pechay,1992,29318,0,29318,0,0,2345,0,26973,0.42,1.15
Pechay,1993,28832,0,28832,0,0,2307,0,26525,0.41,1.11
Pechay,1994,29528,0,29528,0,0,2362,0,27166,0.4,1.08
Pechay,1995,28012,0,28012,0,0,2241,0,25771,0.38,1.03
Pechay,1996,35678,0,35678,0,0,2854,0,32824,0.47,1.29
Pechay,1997,38360,0,38360,0,0,3069,0,35291,0.49,1.35
Pechay,1998,34993,0,34993,0,0,2799,0,32194,0.44,1.21
Pechay,1999,36417,0,36417,0,0,2913,0,33504,0.45,1.23
Pechay,2000,37365,0,37365,0,0,2989,0,34376,0.45,1.23
Pechay,2001,37400,0,37400,0,0,2992,0,34408,0.44,1.21
Pechay,2002,39684,0,39684,0,0,3175,0,36509,0.46,1.26
Pechay,2003,41288,0,41288,0,0,3303,0,37985,0.47,1.28
Pechay,2004,41339,0,41339,0,0,3307,0,38032,0.46,1.26
Pechay,2005,43578,0,43578,0,0,3486,0,40092,0.47,1.29
Pechay,2006,43077,0,43077,0,0,3446,0,39631,0.46,1.25
Pechay,2007,45039,0,45039,0,0,3603,0,41436,0.47,1.28
Pechay,2008,45396,0,45396,0,0,3632,0,41764,0.46,1.26
Pechay,2009,44922,0,44922,0,0,3594,0,41328,0.45,1.24
Pechay,2010,44861,0,44861,0,0,3589,0,41272,0.44,1.21
Pechay,2011,44525,0,44525,0,0,3562,0,40963,0.43,1.18
Pechay,2012,45126,0,45126,0,0,3610,0,41516,0.43,1.18
Pechay,2013,45983,0,45983,0,0,3679,0,42304,0.43,1.18
Pechay,2014,45645,0,45645,0,0,3652,0,41993,0.42,1.15
Pechay,2015,46582,0,46582,0,0,3727,0,42855,0.42,1.16
Pechay,2016,46658,0,46658,0,0,3733,0,42925,0.42,1.14
Pechay,2017,48625,0,48625,0,0,3890,0,44735,0.43,1.18
Pechay,2018,47990,0,47990,0,0,3839,0,44151,0.42,1.14
Pechay,2019,47302,0,47302,0,0,3784,0,43518,0.41,1.11
Radish,1990,9042,6,9048,0,0,724,0,8324,0.14,0.37
Radish,1991,9964,2,9966,0,0,797,0,9169,0.15,0.4
Radish,1992,9793,17,9810,0,0,785,0,9025,0.14,0.38
Radish,1993,9409,7,9416,0,0,753,0,8663,0.13,0.36
Radish,1994,9823,14,9837,0,0,787,0,9050,0.13,0.36
Radish,1995,10870,15,10885,0,0,871,0,10014,0.15,0.4
Radish,1996,11090,15,11105,0,0,888,0,10217,0.15,0.4
Radish,1997,10983,15,10998,0,0,880,0,10118,0.14,0.39
Radish,1998,10266,15,10281,0,0,822,0,9459,0.13,0.35
Radish,1999,10364,15,10379,0,0,830,0,9549,0.13,0.35
Radish,2000,9815,3,9818,0,0,785,0,9033,0.12,0.32
Radish,2001,9548,4,9552,0,0,764,0,8788,0.11,0.31
Radish,2002,9724,0,9724,0,0,778,0,8946,0.11,0.31
Radish,2003,9707,0,9707,0,0,777,0,8930,0.11,0.3
Radish,2004,10041,0,10041,0,0,803,0,9238,0.11,0.31
Radish,2005,10053,0,10053,0,0,804,0,9249,0.11,0.3
Radish,2006,9683,0,9683,0,0,775,0,8908,0.1,0.28
Radish,2007,10047,5,10052,0,0,804,0,9248,0.1,0.29
Radish,2008,9978,3,9981,0,0,798,0,9183,0.1,0.28
Radish,2009,9696,2,9698,0,0,776,0,8922,0.1,0.27
Radish,2010,9876,3,9879,0,0,790,0,9089,0.1,0.27
Radish,2011,9661,0,9661,0,0,773,0,8888,0.09,0.26
Radish,2012,9636,0,9636,1,0,771,0,8864,0.09,0.25
Radish,2013,9827,0,9827,0,0,786,0,9041,0.09,0.25
Radish,2014,9880,1,9881,0,0,790,0,9091,0.09,0.25
Radish,2015,9959,0,9959,0,0,797,0,9162,0.09,0.25
Radish,2016,9516,0,9516,0,0,761,0,8754,0.08,0.23
Radish,2017,9301,0,9301,0,0,744,0,8557,0.08,0.23
Radish,2018,9119,0,9119,0,0,729,0,8389,0.08,0.22
Radish,2019,9092,3,9095,b/,0,728,0,8367,0.08,0.21
Soybean,1990,3499,24036,27535,41,13,137,20071,7273,0.12,0.32
Soybean,1991,2284,63247,65531,0,10,328,47838,17356,0.28,0.76
Soybean,1992,1809,51893,53702,0,7,269,39202,14224,0.22,0.61
Soybean,1993,2133,61567,63700,0,8,319,46501,16873,0.26,0.71
Soybean,1994,2361,135523,137884,0,8,689,100655,36531,0.53,1.46
Soybean,1995,2983,86877,89860,0,10,449,65598,23803,0.35,0.95
Soybean,1996,1818,137785,139603,0,7,698,101910,36988,0.53,1.45
Soybean,1997,1615,111052,112667,0,6,563,82247,29851,0.42,1.14
Soybean,1998,1048,148241,149289,0,4,746,108981,39558,0.54,1.48
Soybean,1999,1041,262594,263635,0,4,1318,192454,69859,0.93,2.56
Soybean,2000,953,249185,250138,0,3,1251,182601,66283,0.87,2.37
Soybean,2001,897,315165,316062,0,3,1580,230725,83753,1.07,2.94
Soybean,2002,991,257101,258092,0,3,1290,188407,68391,0.86,2.36
Soybean,2003,974,289127,290101,b/,3,1451,211774,76873,0.95,2.6
Soybean,2004,978,284139,285117,b/,3,1426,208135,75553,0.91,2.49
Soybean,2005,988,147503,148491,b/,3,742,108398,39348,0.46,1.26
Soybean,2006,1050,108033,109083,44,4,545,79598,28892,0.33,0.9
Soybean,2007,943,166679,167622,0,3,838,122364,44417,0.5,1.37
Soybean,2008,1016,40875,41891,36,3,209,30554,11089,0.12,0.33
Soybean,2009,842,34285,35127,0,3,176,25643,9305,0.1,0.27
Soybean,2010,812,109930,110742,2,3,554,80840,29343,0.32,0.88
Soybean,2011,684,51642,52326,30,2,261,38176,13857,0.15,0.41
Soybean,2012,567,58289,58856,4,2,294,42962,15594,0.16,0.44
Soybean,2013,807,28714,29521,170,3,147,21426,7775,0.08,0.22
Soybean,2014,695,43652,44347,31,3,222,32351,11740,0.12,0.33
Soybean,2015,545,84139,84684,118,2,423,61733,22408,0.22,0.6
Soybean,2016,544,151335,151879,0,2,759,110872,40246,0.39,1.07
Soybean,2017,666,191672,192338,1,2,962,140406,50967,0.49,1.34
Soybean,2018,658,194204,194862,1,2,974,142248,51636,0.49,1.34
Soybean,2019,659,178113,178772,166,2,893,130382,47328,0.44,1.21
Squash,1990,121121,0,121121,0,8,9690,0,111423,1.81,4.97
Squash,1991,127314,0,127314,0,8,10185,0,117121,1.86,5.1
Squash,1992,130581,0,130581,0,8,10446,0,120127,1.87,5.12
Squash,1993,118652,0,118652,0,7,9492,0,109152,1.67,4.57
Squash,1994,118699,0,118699,0,8,9496,0,109196,1.59,4.36
Squash,1995,117255,0,117255,0,8,9380,0,107867,1.58,4.32
Squash,1996,119544,0,119544,0,8,9564,0,109972,1.57,4.31
Squash,1997,120181,0,120181,0,8,9614,0,110558,1.55,4.23
Squash,1998,107631,0,107631,0,8,8610,0,99013,1.35,3.71
Squash,1999,110809,0,110809,0,8,8865,0,101936,1.36,3.74
Squash,2000,106023,0,106023,0,8,8482,0,97533,1.27,3.49
Squash,2001,113432,0,113432,0,8,9075,0,104349,1.34,3.67
Squash,2002,281064,0,281064,0,14,22485,0,258565,3.25,8.91
Squash,2003,280098,0,280098,0,14,22408,0,257677,3.18,8.71
Squash,2004,272764,0,272764,0,14,21821,0,250929,3.04,8.32
Squash,2005,272538,0,272538,0,14,21803,0,250721,2.94,8.06
Squash,2006,257705,0,257705,0,14,20616,0,237075,2.73,7.47
Squash,2007,259408,0,259408,0,14,20753,0,238642,2.69,7.38
Squash,2008,252843,0,252843,0,14,20227,0,232602,2.57,7.04
Squash,2009,247759,0,247759,0,14,19821,0,227925,2.5,6.86
Squash,2010,244701,0,244701,0,13,19576,0,225111,2.42,6.62
Squash,2011,223791,0,223791,0,13,17903,0,205875,2.17,5.95
Squash,2012,222634,0,222634,0,13,17811,0,204810,2.12,5.81
Squash,2013,223522,0,223522,0,13,17882,0,205627,2.09,5.74
Squash,2014,222207,0,222207,0,13,17777,0,204418,2.05,5.61
Squash,2015,217908,0,217908,0,13,17433,0,200463,1.97,5.41
Squash,2016,214147,0,214147,0,13,17132,0,197002,1.91,5.23
Squash,2017,206024,0,206024,0,13,16482,0,189529,1.82,4.98
Squash,2018,202229,0,202229,0,13,16178,0,186038,1.76,4.82
Squash,2019,194771,0,194771,0,13,15582,0,179176,1.67,4.58
Tomato,1990,183962,4,183966,72,78,12873,27584,143359,2.33,6.39
Tomato,1991,177227,1,177228,0,76,12406,26584,138162,2.2,6.02
Tomato,1992,165423,1,165424,68,71,11575,24803,128907,2.01,5.5
Tomato,1993,138486,2,138488,0,61,9694,20773,107960,1.65,4.52
Tomato,1994,150632,1,150633,21,68,10543,22592,117408,1.71,4.69
Tomato,1995,155823,b/,155823,0,70,10908,23373,121472,1.78,4.87
Tomato,1996,162644,1,162645,4,66,11385,24396,126794,1.81,4.97
Tomato,1997,166353,43,166396,1,67,11648,24959,129722,1.81,4.97
Tomato,1998,132984,b/,132984,0,58,9309,19948,103669,1.42,3.88
Tomato,1999,145362,2,145364,0,66,10176,21805,113319,1.52,4.15
Tomato,2000,148101,91,148192,0,65,10373,22229,115525,1.51,4.14
Tomato,2001,146031,30,146061,0,64,10224,21909,113863,1.46,4
Tomato,2002,149259,130,149389,0,65,10457,22408,116458,1.46,4.01
Tomato,2003,150055,0,150055,0,65,10504,22508,116977,1.44,3.95
Tomato,2004,172344,1,172345,0,69,12064,25852,134360,1.63,4.45
Tomato,2005,173740,0,173740,0,69,12162,26061,135448,1.59,4.35
Tomato,2006,175596,0,175596,0,67,12292,26339,136898,1.57,4.31
Tomato,2007,188761,b/,188761,0,68,13213,28314,147165,1.66,4.55
Tomato,2008,195810,b/,195810,0,69,13707,29372,152663,1.69,4.62
Tomato,2009,198948,b/,198948,0,69,13926,29842,155111,1.7,4.67
Tomato,2010,204272,0,204272,0,69,14299,30641,159263,1.71,4.68
Tomato,2011,203582,950,204532,0,68,14317,30680,159466,1.68,4.61
Tomato,2012,203593,12,203605,0,68,14252,30541,158744,1.64,4.51
Tomato,2013,207668,b/,207668,0,67,14537,31150,161914,1.65,4.52
Tomato,2014,214573,10,214583,0,65,15021,32187,167309,1.68,4.59
Tomato,2015,214774,65,214839,0,63,15039,32226,167511,1.65,4.52
Tomato,2016,210720,0,210720,b/,63,14750,31608,164298,1.59,4.36
Tomato,2017,218793,b/,218793,0,64,15316,32819,170594,1.64,4.49
Tomato,2018,220825,0,220825,0,64,15458,33124,172179,1.63,4.46
Tomato,2019,223294,b/,223294,0,64,15631,33494,174106,1.62,4.45
