Poultry Type,Geolocation,2000 Q1,2000 Q2,2000 Q3,2000 Q4,2000 Annual,2001 Q1,2001 Q2,2001 Q3,2001 Q4,2001 Annual,2002 Q1,2002 Q2,2002 Q3,2002 Q4,2002 Annual,2003 Q1,2003 Q2,2003 Q3,2003 Q4,2003 Annual,2004 Q1,2004 Q2,2004 Q3,2004 Q4,2004 Annual,2005 Q1,2005 Q2,2005 Q3,2005 Q4,2005 Annual,2006 Q1,2006 Q2,2006 Q3,2006 Q4,2006 Annual,2007 Q1,2007 Q2,2007 Q3,2007 Q4,2007 Annual,2008 Q1,2008 Q2,2008 Q3,2008 Q4,2008 Annual,2009 Q1,2009 Q2,2009 Q3,2009 Q4,2009 Annual,2010 Q1,2010 Q2,2010 Q3,2010 Q4,2010 Annual,2011 Q1,2011 Q2,2011 Q3,2011 Q4,2011 Annual,2012 Q1,2012 Q2,2012 Q3,2012 Q4,2012 Annual,2013 Q1,2013 Q2,2013 Q3,2013 Q4,2013 Annual,2014 Q1,2014 Q2,2014 Q3,2014 Q4,2014 Annual,2015 Q1,2015 Q2,2015 Q3,2015 Q4,2015 Annual,2016 Q1,2016 Q2,2016 Q3,2016 Q4,2016 Annual,2017 Q1,2017 Q2,2017 Q3,2017 Q4,2017 Annual,2018 Q1,2018 Q2,2018 Q3,2018 Q4,2018 Annual,2019 Q1,2019 Q2,2019 Q3,2019 Q4,2019 Annual,2020 Q1,2020 Q2,2020 Q3,2020 Q4,2020 Annual,2021 Q1,2021 Q2,2021 Q3,2021 Q4,2021 Annual
Chicken,PHILIPPINES,263531.00,201315.00,212490.00,321980.00,999316.00,281106.00,210759.00,238270.00,368658.00,1098793.00,290841.00,219849.00,261588.00,402960.00,1175238.00,303735.00,229169.00,269155.00,386679.00,1188738.00,311562.00,226469.00,283330.00,410433.00,1231794.00,332544.00,228140.00,265000.00,389990.00,1215674.00,316121.00,230294.00,272916.00,386620.00,1205951.00,300092.00,289553.00,292086.00,329891.00,1211622.00,312537.00,307367.00,310977.00,350462.00,1281343.00,326184.00,319449.00,314715.00,340550.00,1300898.00,332090.00,328207.00,330252.00,362578.00,1353127.00,344594.68,340768.19,347895.17,381031.15,1414289.19,370023.00,352194.00,355593.00,401625.40,1479435.40,383717.00,376536.00,372691.00,422126.00,1555070.00,393412.00,383893.00,361782.00,432675.00,1571762.00,414179.34,404933.90,393522.62,448176.70,1660812.57,412990.61,404830.93,400950.73,455732.32,1674504.59,419302.56,442566.89,411057.37,472961.61,1745888.43,439955.88,462704.10,428767.59,505236.02,1836663.60,459059.59,477112.54,465147.28,526094.55,1927413.97,453723.02,439995.87,431769.63,484364.02,1809852.55,402769.80,433110.29,..,..,..
Chicken,..NCR,..,..,..,..,..,..,..,..,..,..,..,..,..,..,..,..,..,..,..,..,..,..,..,..,..,..,..,..,..,..,..,..,..,..,..,..,..,..,..,..,..,..,..,..,..,..,..,..,..,..,..,..,..,..,..,..,..,..,..,..,..,..,..,..,..,..,..,..,..,..,..,..,..,..,..,..,..,..,..,..,..,..,..,..,..,..,..,..,..,..,..,..,..,..,..,..,..,..,..,..,..,..,..,..,..,2.81,7.31,..,..,..
Chicken,..CAR,1471.00,1078.00,1502.00,2300.00,6351.00,1544.00,1143.00,1666.00,2645.00,6998.00,1629.00,1181.00,1592.00,2774.00,7176.00,1590.00,1135.00,1527.00,2936.00,7188.00,1688.00,1170.00,1601.00,3019.00,7478.00,1587.00,1180.00,1409.00,3120.00,7296.00,1498.00,1320.00,1442.00,2880.00,7140.00,1547.00,1683.00,1568.00,1946.00,6744.00,1500.00,1668.00,1740.00,2176.00,7084.00,1586.00,1914.00,1911.00,2486.00,7897.00,1604.00,1851.00,1996.00,2297.00,7748.00,1652.00,1954.26,2044.00,2048.00,7698.26,1661.00,1525.00,1924.00,2145.00,7255.00,1785.00,1582.00,1949.00,2043.00,7359.00,1649.00,1552.00,1894.00,2086.00,7181.00,1755.23,1819.53,1966.70,2195.01,7736.48,1786.71,1683.89,2021.68,2109.43,7601.70,1873.05,1710.72,2057.73,2282.87,7924.37,1913.81,1844.24,1639.03,1880.45,7277.52,1600.98,1381.25,1689.60,1950.15,6621.97,1510.68,1247.96,1505.74,1871.79,6136.17,1509.56,1454.69,..,..,..
Chicken,..I - Ilocos Region,13824.00,13401.00,8782.00,11282.00,47289.00,14653.00,13170.00,9877.00,12556.00,50256.00,13106.00,12011.00,11476.00,14601.00,51194.00,14199.00,13157.00,11209.00,11856.00,50421.00,13309.00,13500.00,11652.00,12621.00,51082.00,16210.00,13924.00,14231.00,14187.00,58552.00,18283.00,14718.00,15237.00,18083.00,66321.00,16801.00,16317.00,17387.00,18665.00,69170.00,18358.00,16317.00,16981.00,21182.00,72838.00,18751.00,17619.00,17528.00,20241.00,74139.00,18243.00,18225.00,17064.00,21389.00,74921.00,17781.68,18680.71,17531.00,21376.00,75369.38,20070.00,19997.00,19243.00,22085.00,81395.00,21370.00,22017.00,19259.00,20613.00,83259.00,20341.00,22364.00,18993.00,20764.00,82462.00,21311.00,21579.00,18989.00,20950.00,82829.00,19888.82,20022.33,17601.01,21247.83,78759.99,19992.35,20787.87,17207.36,20091.80,78079.38,21617.98,22860.40,18528.33,21926.18,84932.89,20708.10,21564.18,19252.66,22705.63,84230.56,21903.05,21909.35,18597.75,22124.54,84534.68,20809.19,19703.58,..,..,..
Chicken,..II - Cagayan Valley,13376.00,10899.00,6263.00,8016.00,38554.00,14179.00,11349.00,6809.00,8978.00,41315.00,15649.00,12743.00,7441.00,9884.00,45717.00,18070.00,14151.00,8580.00,10536.00,51337.00,20788.00,13302.00,8172.00,11258.00,53520.00,17488.00,13635.00,8387.00,11741.00,51251.00,14850.00,9412.00,8228.00,10567.00,43057.00,9754.00,10649.00,6984.00,8796.00,36183.00,8750.00,7876.00,8208.00,9357.00,34191.00,9497.00,8068.00,8681.00,8976.00,35222.00,8317.00,10421.00,10754.00,9917.00,39409.00,9617.19,10825.55,12983.99,13542.54,46969.27,13363.00,10473.00,14508.00,13413.00,51757.00,13870.00,13486.00,13664.00,14505.00,55525.00,14033.00,13911.00,14432.00,15320.00,57696.00,14830.00,14273.00,14777.00,15439.00,59319.00,14839.13,15245.36,15552.82,15006.73,60644.04,14116.68,15571.44,14771.90,14317.33,58777.35,14702.17,14393.46,14890.29,13907.79,57893.71,14348.15,13038.06,14261.37,13724.05,55371.63,12482.98,12532.50,14514.23,14162.93,53692.64,16243.40,12420.00,..,..,..
Chicken,..III - Central Luzon,76538.00,59674.00,54022.00,92623.00,282857.00,84102.00,66750.00,66828.00,105547.00,323227.00,89989.00,70148.00,71276.00,121273.00,352686.00,94875.00,75760.00,79116.00,116978.00,366729.00,99619.00,74245.00,84217.00,125991.00,384072.00,106422.00,68842.00,84515.00,128662.00,388441.00,103655.00,72125.00,90431.00,137831.00,404042.00,98128.00,98834.00,101681.00,109475.00,408118.00,100539.00,104488.00,110386.00,116813.00,432226.00,107614.00,112211.00,111200.00,110100.00,441125.00,112539.00,115722.00,114950.00,115111.00,458322.00,115197.38,121487.59,118560.11,119487.49,474732.57,124412.00,130144.00,122334.00,128276.00,505166.00,138908.00,139023.00,130865.00,141049.00,549845.00,149523.00,142178.00,128115.00,150310.00,570126.00,160405.00,151870.00,140917.00,156317.00,609509.00,154381.91,150181.90,138707.91,147720.78,590992.50,150574.01,168984.32,145210.96,159917.04,624686.33,162321.41,176889.69,145082.21,174616.04,658909.35,166543.82,179285.00,164440.67,189385.91,699655.40,155158.24,155052.37,157385.82,167787.93,635384.37,131934.52,140401.98,..,..,..
Chicken,..IVA - CALABARZON,45139.00,36708.00,68407.00,90807.00,241061.00,45894.00,30974.00,72524.00,105853.00,255245.00,49828.00,33188.00,81362.00,126477.00,290855.00,52974.00,34193.00,78863.00,120444.00,286474.00,49168.00,31658.00,80046.00,122853.00,283725.00,52888.00,33364.00,59965.00,96221.00,242438.00,51247.00,34456.00,60635.00,89637.00,235975.00,58507.00,58988.00,60184.00,66836.00,244515.00,62334.00,63765.00,66870.00,74251.00,267220.00,67702.00,66168.00,65523.00,69507.00,268900.00,68222.00,64253.00,70099.00,76928.00,279502.00,69601.00,64389.10,72826.00,78208.00,285024.10,74707.00,63692.00,73077.00,86882.00,298358.00,68721.00,65138.00,78093.00,90617.00,302569.00,69811.00,68610.00,70543.00,89578.00,298542.00,74447.00,73910.00,78926.00,94387.00,321670.00,73562.57,72672.17,83275.95,98919.16,328429.85,75420.62,77431.56,79593.17,96200.39,328645.74,75997.29,78803.18,80842.75,95296.92,330940.14,77325.21,80540.93,87012.33,98386.21,343264.69,80702.82,82443.43,72381.40,81658.53,317186.18,73953.22,87902.00,..,..,..
Chicken,..MIMAROPA Region,1578.00,2580.00,2391.00,3173.00,9722.00,1611.00,1500.00,2354.00,3436.00,8901.00,1883.00,1735.00,1652.00,1765.00,7035.00,1927.00,1798.00,1692.00,1846.00,7263.00,1996.00,1764.00,1679.00,1891.00,7330.00,2159.00,1893.00,1867.00,1991.00,7910.00,1979.00,1569.00,1910.00,2126.00,7584.00,2028.00,1444.00,2079.00,2399.00,7950.00,2120.00,1545.00,2202.00,2616.00,8483.00,2195.00,1711.00,2406.00,2971.00,9283.00,2310.00,1996.00,2432.00,2790.00,9528.00,2480.00,2071.08,2557.00,2896.00,10004.08,2822.00,2195.00,2964.00,2885.00,10866.00,2775.00,2030.00,2717.00,2875.00,10397.00,2782.00,1992.00,2631.00,2935.00,10340.00,2716.00,2050.00,2809.00,3068.00,10643.00,2541.29,2112.58,2684.01,2962.84,10300.72,2512.94,2082.74,2649.45,2909.29,10154.41,2542.07,2188.24,2975.13,3162.30,10867.74,2691.40,2296.10,2993.75,3192.37,11173.62,2701.79,2091.47,3122.27,2989.47,10905.00,2402.57,2154.61,..,..,..
Chicken,..V - Bicol Region,6909.00,5216.00,4402.00,5677.00,22204.00,7769.00,5934.00,4968.00,6958.00,25629.00,8158.00,6528.00,5365.00,6282.00,26333.00,8036.00,6854.00,5964.00,6535.00,27389.00,9067.00,7485.00,6320.00,7002.00,29874.00,9118.00,6884.00,6346.00,6678.00,29026.00,6514.00,6949.00,6637.00,5176.00,25276.00,4924.00,4675.00,6802.00,6588.00,22989.00,4509.00,5411.00,5581.00,6110.00,21611.00,5476.00,5814.00,5998.00,6143.00,23431.00,6206.00,6184.00,6514.00,6588.00,25492.00,6564.55,6569.62,6419.75,7413.66,26967.58,6694.00,7860.00,5733.00,7245.00,27532.00,7846.00,10539.00,6968.00,9114.00,34467.00,8765.00,11437.00,7187.00,9055.00,36444.00,9006.48,11721.43,8653.00,10661.00,40041.90,10075.85,11381.34,9340.68,11442.86,42240.73,10284.93,12021.68,10065.39,11595.27,43967.27,11219.21,12541.33,11085.82,12331.19,47177.55,12079.30,15141.39,14632.41,13031.02,54884.12,10939.92,10007.94,13672.94,11666.79,46287.59,15136.40,11433.10,..,..,..
Chicken,..VI - Western Visayas,27146.00,15674.00,14531.00,21813.00,79164.00,29508.00,17897.00,15621.00,25582.00,88608.00,21842.00,16555.00,15247.00,15857.00,69501.00,19658.00,13215.00,14261.00,15064.00,62198.00,17782.00,14822.00,15155.00,15952.00,63711.00,18731.00,16273.00,16446.00,18227.00,69677.00,17546.00,16982.00,17034.00,18467.00,70029.00,18223.00,18245.00,17040.00,18120.00,71628.00,19838.00,19089.00,16652.00,19009.00,74588.00,19519.00,18032.00,19333.00,19504.00,76388.00,18896.00,18570.00,19772.00,22378.00,79616.00,21227.60,19688.87,20538.00,24181.00,85635.47,22868.00,21236.00,21526.00,25191.00,90821.00,25032.00,23213.00,22825.00,23757.00,94827.00,21441.00,19532.00,20477.00,22886.00,84336.00,22988.70,20706.63,22335.00,23880.00,89910.33,24046.52,22203.56,24498.55,25086.14,95834.77,26234.46,24923.85,24513.00,28146.51,103817.82,27335.39,26051.13,26956.26,29668.76,110011.54,28420.95,27928.68,30612.31,30476.67,117438.62,28992.35,28852.66,29018.47,30155.89,117019.37,29470.20,29534.11,..,..,..
Chicken,..VII - Central Visayas,18230.00,12105.00,13855.00,22959.00,67149.00,19142.00,13013.00,14256.00,26224.00,72635.00,20021.00,14193.00,14478.00,27404.00,76096.00,20974.00,14886.00,15202.00,24848.00,75910.00,25026.00,13249.00,17482.00,25428.00,81185.00,27831.00,14112.00,16650.00,25143.00,83736.00,25482.00,11479.00,13969.00,17503.00,68433.00,20208.00,14485.00,15227.00,18310.00,68230.00,20280.00,16211.00,15489.00,19460.00,71440.00,21080.00,17278.00,15915.00,20491.00,74764.00,21353.00,18260.00,17552.00,21342.00,78507.00,22774.00,19362.18,19102.00,23020.00,84258.18,23691.00,20757.00,19605.00,23361.00,87414.00,23390.00,20753.00,20686.00,23504.00,88333.00,24243.00,21711.00,21330.00,24930.00,92214.00,25140.00,23749.00,23592.00,25135.00,97616.00,25907.61,23572.92,24092.18,26170.24,99742.96,26097.21,25790.11,26178.02,26779.87,104845.20,28076.35,27723.09,28280.53,31034.22,115114.18,30882.65,28523.09,28561.34,30660.76,118627.83,31368.18,24002.23,23685.80,29648.36,108704.57,17499.58,25642.86,..,..,..
Chicken,..VIII - Eastern Visayas,8115.00,6481.00,5553.00,11551.00,31700.00,7597.00,7194.00,6147.00,12738.00,33676.00,8070.00,8154.00,6748.00,14075.00,37047.00,7812.00,8562.00,6936.00,14608.00,37918.00,7549.00,7999.00,7191.00,15566.00,38305.00,7766.00,8041.00,7102.00,13009.00,35918.00,5880.00,8443.00,7670.00,13272.00,35265.00,6752.00,7578.00,8223.00,12941.00,35494.00,9282.00,9975.00,9536.00,12828.00,41621.00,8545.00,10851.00,10131.00,12550.00,42077.00,8958.00,10825.00,10908.00,12588.00,43279.00,9327.01,9704.13,10799.29,11845.44,41675.87,9516.00,8857.00,9973.00,11980.40,40326.40,9985.00,8263.00,9137.00,8075.00,35460.00,7243.00,6509.00,8862.00,7808.00,30422.00,5705.00,6176.00,9176.00,7290.00,28347.00,8996.14,7216.11,8930.50,11151.06,36293.82,10487.12,13734.37,12092.30,13005.65,49319.44,12021.49,13096.65,14279.83,15602.27,55000.24,13828.84,17335.07,14484.59,16673.18,62321.68,14258.50,14038.05,12930.83,15360.42,56587.80,14586.57,14266.23,..,..,..
Chicken,..IX - Zamboanga Peninsula,7104.00,5060.00,3565.00,4488.00,20217.00,7416.00,5807.00,3827.00,5218.00,22268.00,9783.00,6117.00,4163.00,5949.00,26012.00,11610.00,6820.00,4495.00,5537.00,28462.00,11467.00,6016.00,4556.00,5988.00,28027.00,12616.00,6106.00,4640.00,6207.00,29569.00,11889.00,5801.00,4594.00,5671.00,27955.00,10481.00,6223.00,4585.00,5336.00,26625.00,10428.00,6628.00,4816.00,5292.00,27164.00,8291.00,6137.00,5091.00,5804.00,25323.00,7668.00,6371.00,5527.00,5908.00,25474.00,7735.00,7312.11,6377.00,6804.00,28228.11,7454.00,5781.00,6122.00,6038.00,25395.00,6210.00,7337.00,5709.00,7444.00,26700.00,6500.00,7176.00,5765.00,7051.00,26492.00,6956.00,7570.00,5850.00,7450.00,27826.00,6875.76,8654.75,7086.82,7586.19,30203.51,7320.91,8771.94,7478.47,8414.93,31986.25,6913.59,9314.46,7422.16,10586.15,34236.37,7610.54,10507.52,8405.74,9952.21,36476.01,8174.39,9365.80,8048.32,10259.16,35847.67,8358.06,10086.58,..,..,..
Chicken,..X - Northern Mindanao,12117.00,7647.00,6047.00,9300.00,35111.00,13820.00,8073.00,7241.00,10648.00,39782.00,14266.00,8762.00,7689.00,13425.00,44142.00,15310.00,9813.00,8388.00,12100.00,45611.00,17512.00,11534.00,11059.00,17677.00,57782.00,20256.00,12860.00,12666.00,19570.00,65352.00,20991.00,14789.00,14900.00,21527.00,72207.00,26942.00,23886.00,23671.00,30390.00,104889.00,26784.00,26660.00,25072.00,30996.00,109512.00,27287.00,27314.00,23915.00,32220.00,110736.00,29070.00,28846.00,25807.00,35066.00,118789.00,31048.28,30193.20,29380.02,37308.02,127929.52,32430.00,30668.00,28102.00,38884.00,130084.00,33381.00,31720.00,29127.00,41729.00,135957.00,34340.00,33355.00,30420.00,42407.00,140522.00,35532.16,34226.32,32159.03,44111.13,146028.65,37692.91,35549.37,33203.28,46355.94,152801.50,39938.70,36658.39,34481.88,48006.57,159085.55,40388.65,37465.15,36427.21,50391.32,164672.34,41936.10,37753.54,38100.85,52230.03,170020.52,44106.44,39810.90,35441.96,51572.32,170931.62,38333.72,36918.30,..,..,..
Chicken,..XI - Davao Region,19616.00,15470.00,12967.00,20620.00,68673.00,20396.00,15699.00,18833.00,28469.00,83397.00,20426.00,16480.00,19663.00,28966.00,85535.00,20883.00,16270.00,19965.00,29910.00,87028.00,20617.00,16763.00,20545.00,30852.00,88777.00,21943.00,17677.00,19145.00,29451.00,88216.00,20708.00,18470.00,18699.00,29217.00,87094.00,11297.00,11017.00,13040.00,14881.00,50235.00,12767.00,11823.00,14624.00,17507.00,56721.00,14788.00,13563.00,14742.00,18443.00,61536.00,15195.00,14074.00,14255.00,17217.00,60741.00,15534.00,14371.00,14399.00,18373.00,62677.00,15629.00,15329.00,15452.00,17817.00,64227.00,15340.00,15525.00,17107.00,19409.00,67381.00,16442.00,16486.00,15450.00,20046.00,68424.00,17512.00,18689.00,17466.00,19915.00,73582.00,16741.86,17536.85,16590.28,21138.21,72007.20,16648.08,16354.25,17467.68,21288.04,71758.06,15615.29,18734.03,19235.74,22756.25,76341.31,19427.92,20842.74,19667.35,21151.68,81089.70,18271.55,17501.88,18998.77,19607.84,74380.04,11517.39,18214.66,..,..,..
Chicken,..XII - SOCCSKSARGEN,6664.00,5028.00,6776.00,12268.00,30736.00,7701.00,6679.00,3445.00,8185.00,26010.00,9735.00,6198.00,9330.00,8109.00,33372.00,9227.00,6802.00,8645.00,7309.00,31983.00,9079.00,6961.00,9202.00,7701.00,32943.00,10236.00,7274.00,7411.00,9774.00,34695.00,9322.00,7390.00,7003.00,8670.00,32385.00,8463.00,8721.00,8908.00,8856.00,34948.00,9419.00,9901.00,7757.00,8409.00,35486.00,8600.00,8319.00,8018.00,7518.00,32455.00,8136.00,8476.00,8321.00,8814.00,33747.00,9165.00,10094.95,9824.00,10314.00,39397.95,10306.00,10011.00,11175.00,11511.00,43003.00,10881.00,12010.00,10023.00,12325.00,45239.00,11853.00,12530.00,11117.00,12470.00,47970.00,11125.00,11913.22,11551.00,12553.00,47142.22,10684.26,12605.11,13019.59,13534.91,49843.88,12341.52,13811.89,12427.63,14821.49,53402.53,13854.50,15820.75,15952.91,16287.81,61915.98,16389.01,16020.90,16543.83,16609.73,65563.46,17661.26,16249.75,17750.76,19547.16,71208.93,16307.92,18573.88,..,..,..
Chicken,..XIII - Caraga,3555.00,2801.00,1894.00,3031.00,11281.00,3606.00,3737.00,2021.00,3394.00,12758.00,3826.00,4104.00,2125.00,3811.00,13866.00,3824.00,4022.00,2269.00,3917.00,14032.00,4231.00,4351.00,2435.00,4293.00,15310.00,4451.00,4405.00,2384.00,4206.00,15446.00,4006.00,4521.00,2025.00,4370.00,14922.00,4089.00,4701.00,2437.00,4054.00,15281.00,3983.00,4048.00,3048.00,2708.00,13787.00,3548.00,2960.00,2521.00,2425.00,11454.00,3743.00,3021.00,2429.00,2411.00,11604.00,3283.00,3040.35,2631.00,2304.00,11258.35,3001.00,2586.00,2314.00,2118.00,10019.00,2811.00,2957.00,2988.00,3145.00,11901.00,3279.00,3534.00,3180.00,3171.00,13164.00,3635.76,3536.78,3007.75,3072.52,13252.82,3580.08,3365.75,3257.40,3660.96,13864.19,4013.53,3115.80,3776.54,3684.93,14590.80,3987.73,4066.20,4073.70,4149.00,16276.63,3774.41,3987.51,3532.35,4219.14,15513.40,3782.52,3681.81,3746.01,4201.22,15411.55,3860.73,3270.93,..,..,..
Chicken,..ARMM,2149.00,1493.00,1533.00,2072.00,7247.00,2168.00,1840.00,1853.00,2227.00,8088.00,2630.00,1752.00,1981.00,2308.00,8671.00,2766.00,1731.00,2043.00,2255.00,8795.00,2664.00,1650.00,2018.00,2341.00,8673.00,2842.00,1670.00,1836.00,1803.00,8151.00,2271.00,1870.00,2502.00,1623.00,8266.00,1948.00,2107.00,2270.00,2298.00,8623.00,1646.00,1962.00,2015.00,1748.00,7371.00,1705.00,1490.00,1802.00,1171.00,6168.00,1630.00,1112.00,1872.00,1834.00,6448.00,1607.00,1023.50,1923.00,1910.00,6463.50,1399.00,1083.00,1541.00,1794.00,5817.00,1412.00,943.00,1574.00,1922.00,5851.00,1167.00,1016.00,1386.00,1858.00,5427.00,1114.00,1144.00,1348.13,1753.03,5359.16,1389.17,826.94,1088.06,1639.05,4943.22,1446.43,815.97,1085.89,1499.63,4847.93,1448.95,912.09,1095.69,1639.39,5096.13,1492.24,966.59,956.13,1745.82,5160.77,1708.37,1207.77,968.56,1749.67,5634.38,843.96,1125.47,..,..,..
Duck,PHILIPPINES,13671.00,11224.00,12216.00,14379.00,51490.00,14103.00,11559.00,12540.00,15318.00,53520.00,13748.00,12104.00,12379.00,15876.00,54107.00,13875.00,12044.00,12222.00,15762.00,53903.00,13633.00,11886.00,12110.00,15566.00,53195.00,13773.00,12202.00,10214.00,13341.00,49530.00,12278.00,11381.00,9331.00,12997.00,45987.00,11598.00,10769.00,8997.00,11091.00,42455.00,11029.00,8936.00,8867.00,10374.00,39206.00,10365.00,8257.00,8048.00,9258.00,35928.00,9431.00,6993.00,7427.00,9127.00,32978.00,9358.00,6674.00,7395.00,9726.00,33153.00,9511.00,6485.00,7670.00,10181.00,33847.00,9661.00,6229.00,7392.00,11173.00,34455.00,9677.00,6268.00,7359.00,11309.00,34613.00,9749.00,6597.00,7365.00,10229.00,33940.00,9779.00,6278.00,7478.00,8681.00,32216.00,9793.00,5696.00,7357.00,8245.00,31091.00,9592.00,5583.00,7305.00,8326.00,30806.00,9617.00,5334.00,7520.00,7633.00,30104.00,9025.16,4919.58,7690.38,7913.13,29548.26,7978.72,6806.33,..,..,..
Duck,..NCR,..,..,..,..,..,..,..,..,..,..,..,..,..,..,..,..,..,..,..,..,..,..,..,..,..,..,..,..,..,..,..,..,..,..,..,..,..,..,..,..,..,..,..,..,..,..,..,..,..,..,..,..,..,..,..,..,..,..,..,..,..,..,..,..,..,..,..,..,..,..,..,..,..,..,..,..,..,..,..,..,..,..,..,..,..,..,..,..,..,..,..,..,..,..,..,..,..,..,..,..,..,..,..,..,..,..,..,..,..,..
Duck,..CAR,218.00,266.00,231.00,229.00,944.00,216.00,292.00,218.00,237.00,963.00,186.00,321.00,207.00,271.00,985.00,186.00,296.00,197.00,267.00,946.00,195.00,310.00,207.00,280.00,992.00,185.00,329.00,201.00,266.00,981.00,188.00,325.00,182.00,331.00,1026.00,200.00,339.00,191.00,348.00,1078.00,190.00,312.00,201.00,330.00,1033.00,200.00,277.00,200.00,347.00,1024.00,188.00,240.00,190.00,336.00,954.00,197.00,210.00,210.00,320.00,937.00,191.00,207.00,205.00,299.00,902.00,200.00,221.00,195.00,222.00,838.00,196.00,227.00,185.00,230.00,838.00,183.00,211.00,172.00,225.00,791.00,187.00,223.00,177.00,182.00,769.00,178.00,212.00,170.00,178.00,738.00,183.00,207.00,179.00,190.00,759.00,185.00,221.00,174.00,224.00,804.00,181.00,160.99,170.50,205.18,717.67,149.04,139.25,..,..,..
Duck,..I - Ilocos Region,597.00,531.00,531.00,559.00,2218.00,598.00,532.00,487.00,525.00,2142.00,545.00,678.00,446.00,631.00,2300.00,518.00,683.00,450.00,578.00,2229.00,488.00,738.00,459.00,599.00,2284.00,516.00,858.00,388.00,544.00,2306.00,476.00,734.00,370.00,621.00,2201.00,515.00,750.00,440.00,571.00,2276.00,494.00,654.00,322.00,590.00,2060.00,522.00,579.00,274.00,514.00,1889.00,529.00,429.00,280.00,620.00,1858.00,549.00,417.00,300.00,594.00,1860.00,552.00,396.00,309.00,606.00,1863.00,551.00,421.00,286.00,617.00,1875.00,561.00,367.00,292.00,586.00,1806.00,577.00,454.00,346.00,701.00,2078.00,628.00,497.00,321.00,537.00,1983.00,606.00,496.00,318.00,540.00,1960.00,594.00,310.00,310.00,382.00,1596.00,586.00,190.00,271.00,272.00,1319.00,585.46,193.59,286.88,215.08,1281.01,410.89,246.04,..,..,..
Duck,..II - Cagayan Valley,1240.00,1390.00,1250.00,1330.00,5210.00,1260.00,1476.00,1320.00,1518.00,5574.00,1277.00,1489.00,1268.00,1875.00,5909.00,1335.00,1673.00,1287.00,1888.00,6183.00,1364.00,1756.00,1278.00,1699.00,6097.00,1450.00,1700.00,1289.00,1495.00,5934.00,1479.00,1745.00,1282.00,1780.00,6286.00,1420.00,1667.00,1258.00,1769.00,6114.00,1000.00,1020.00,1283.00,1877.00,5180.00,949.00,950.00,830.00,1014.00,3743.00,750.00,703.00,575.00,702.00,2730.00,615.00,562.00,568.00,665.00,2410.00,610.00,584.00,551.00,651.00,2396.00,612.00,483.00,556.00,638.00,2289.00,599.00,468.00,510.00,586.00,2163.00,603.00,460.00,508.00,615.00,2186.00,634.00,495.00,492.00,588.00,2209.00,661.00,521.00,521.00,638.00,2341.00,675.00,622.00,545.00,605.00,2447.00,657.00,635.00,565.00,655.00,2512.00,646.00,595.35,536.35,648.20,2425.90,593.34,545.42,..,..,..
Duck,..III - Central Luzon,3234.00,2005.00,3295.00,3638.00,12172.00,3338.00,2069.00,3385.00,3928.00,12720.00,3399.00,2121.00,3397.00,3754.00,12671.00,3416.00,2142.00,3447.00,3866.00,12871.00,3484.00,2184.00,3538.00,4123.00,13329.00,3623.00,2228.00,2627.00,3719.00,12197.00,3260.00,2005.00,2452.00,3533.00,11250.00,3325.00,1973.00,2471.00,3744.00,11513.00,3491.00,1701.00,2679.00,3631.00,11502.00,3421.00,1650.00,2598.00,3636.00,11305.00,3416.00,1684.00,2620.00,3890.00,11610.00,3527.00,1675.00,2580.00,4466.00,12248.00,3750.00,1650.00,2900.00,4852.00,13152.00,3961.00,1647.00,2827.00,5889.00,14324.00,4060.00,1924.00,2920.00,6205.00,15109.00,4120.00,1999.00,2978.00,5142.00,14239.00,4139.00,1610.00,2894.00,3743.00,12386.00,4283.00,1434.00,2851.00,3181.00,11749.00,4013.00,1374.00,2740.00,3108.00,11235.00,4072.00,1187.00,2827.00,2706.00,10792.00,3545.27,1033.46,3194.00,2770.32,10543.05,2556.07,2007.26,..,..,..
Duck,..IVA - CALABARZON,966.00,613.00,594.00,814.00,2987.00,1094.00,731.00,629.00,850.00,3304.00,1126.00,771.00,625.00,917.00,3439.00,1219.00,810.00,612.00,960.00,3601.00,1227.00,850.00,646.00,1015.00,3738.00,1230.00,858.00,654.00,960.00,3702.00,915.00,962.00,589.00,928.00,3394.00,885.00,914.00,600.00,747.00,3146.00,812.00,825.00,552.00,594.00,2783.00,730.00,694.00,398.00,286.00,2108.00,288.00,146.00,238.00,94.00,766.00,282.00,140.00,217.00,153.00,792.00,268.00,132.00,211.00,125.00,736.00,263.00,112.00,205.00,140.00,720.00,264.00,75.00,199.00,127.00,665.00,230.00,52.00,194.00,126.00,602.00,219.00,49.00,187.00,129.00,584.00,228.00,30.00,186.00,140.00,584.00,241.00,30.00,193.00,199.00,663.00,205.00,26.00,203.00,213.00,647.00,208.39,64.62,167.37,260.88,701.26,140.33,217.91,..,..,..
Duck,..MIMAROPA Region,200.00,128.00,116.00,159.00,603.00,142.00,95.00,99.00,134.00,470.00,164.00,112.00,102.00,140.00,518.00,165.00,107.00,100.00,120.00,492.00,177.00,97.00,91.00,121.00,486.00,175.00,95.00,88.00,106.00,464.00,102.00,84.00,78.00,93.00,357.00,90.00,74.00,69.00,95.00,328.00,91.00,75.00,70.00,101.00,337.00,87.00,69.00,71.00,100.00,327.00,88.00,70.00,73.00,109.00,340.00,90.00,51.00,75.00,109.00,325.00,92.00,48.00,77.00,115.00,332.00,90.00,44.00,75.00,113.00,322.00,88.00,51.00,77.00,122.00,338.00,111.00,65.00,79.00,120.00,375.00,92.00,45.00,73.00,111.00,321.00,88.00,36.00,100.00,140.00,364.00,85.00,32.00,95.00,144.00,356.00,85.00,33.00,97.00,201.00,416.00,80.00,22.29,88.00,161.60,351.89,126.41,59.47,..,..,..
Duck,..V - Bicol Region,408.00,396.00,363.00,499.00,1666.00,409.00,386.00,445.00,543.00,1783.00,475.00,405.00,417.00,529.00,1826.00,418.00,393.00,412.00,540.00,1763.00,443.00,432.00,474.00,548.00,1897.00,452.00,467.00,310.00,512.00,1741.00,497.00,502.00,298.00,276.00,1573.00,442.00,450.00,283.00,270.00,1445.00,412.00,357.00,297.00,237.00,1303.00,387.00,333.00,303.00,360.00,1383.00,392.00,340.00,315.00,302.00,1349.00,375.00,323.00,307.00,317.00,1322.00,385.00,327.00,320.00,296.00,1328.00,395.00,316.00,343.00,182.00,1236.00,403.00,299.00,351.00,169.00,1222.00,380.00,297.00,332.00,156.00,1165.00,320.00,252.00,338.00,176.00,1086.00,354.00,284.00,344.00,200.00,1182.00,337.00,317.00,350.00,211.00,1215.00,344.00,287.00,372.00,114.00,1117.00,373.02,310.75,355.33,97.04,1136.14,169.97,309.83,..,..,..
Duck,..VI - Western Visayas,1746.00,1540.00,1460.00,1804.00,6550.00,1763.00,1417.00,1459.00,1470.00,6109.00,1267.00,1518.00,1489.00,1450.00,5724.00,1292.00,1290.00,1362.00,1267.00,5211.00,1120.00,873.00,1021.00,950.00,3964.00,1070.00,929.00,868.00,826.00,3693.00,776.00,901.00,781.00,1325.00,3783.00,700.00,773.00,723.00,772.00,2968.00,735.00,726.00,700.00,731.00,2892.00,736.00,799.00,736.00,748.00,3019.00,763.00,773.00,720.00,791.00,3047.00,775.00,765.00,742.00,863.00,3145.00,782.00,800.00,800.00,1031.00,3413.00,766.00,664.00,760.00,1089.00,3279.00,714.00,601.00,719.00,1131.00,3165.00,750.00,638.00,744.00,1095.00,3227.00,771.00,671.00,774.00,911.00,3127.00,722.00,688.00,770.00,945.00,3125.00,748.00,593.00,769.00,896.00,3006.00,763.00,625.00,804.00,607.00,2799.00,744.18,514.97,800.84,610.42,2670.41,788.46,555.80,..,..,..
Duck,..VII - Central Visayas,274.00,231.00,312.00,394.00,1211.00,266.00,247.00,303.00,315.00,1131.00,253.00,240.00,307.00,358.00,1158.00,240.00,218.00,285.00,322.00,1065.00,230.00,200.00,250.00,354.00,1034.00,220.00,209.00,188.00,192.00,809.00,185.00,140.00,80.00,90.00,495.00,79.00,70.00,75.00,95.00,319.00,60.00,50.00,48.00,78.00,236.00,62.00,39.00,45.00,65.00,211.00,65.00,42.00,44.00,69.00,220.00,59.00,39.00,45.00,70.00,213.00,60.00,41.00,48.00,76.00,225.00,61.00,43.00,46.00,78.00,228.00,65.00,46.00,45.00,86.00,242.00,62.00,48.00,44.00,84.00,238.00,67.00,55.00,52.00,77.00,251.00,64.00,67.00,53.00,82.00,266.00,67.00,72.00,61.00,95.00,295.00,66.00,60.00,56.00,109.00,291.00,68.00,57.72,60.00,139.54,325.26,68.55,81.46,..,..,..
Duck,..VIII - Eastern Visayas,389.00,265.00,529.00,650.00,1833.00,406.00,284.00,568.00,946.00,2204.00,443.00,315.00,576.00,954.00,2288.00,473.00,339.00,584.00,989.00,2385.00,475.00,356.00,681.00,868.00,2380.00,510.00,343.00,595.00,629.00,2077.00,498.00,334.00,350.00,634.00,1816.00,455.00,536.00,369.00,541.00,1901.00,467.00,466.00,360.00,124.00,1417.00,404.00,508.00,347.00,108.00,1367.00,411.00,512.00,367.00,195.00,1485.00,399.00,491.00,370.00,234.00,1494.00,371.00,451.00,340.00,227.00,1389.00,367.00,410.00,337.00,262.00,1376.00,368.00,418.00,339.00,267.00,1392.00,337.00,383.00,312.00,246.00,1278.00,234.00,275.00,298.00,244.00,1051.00,223.00,230.00,286.00,213.00,952.00,204.00,78.00,275.00,195.00,752.00,213.00,66.00,277.00,214.00,770.00,201.00,60.32,256.00,232.87,750.19,257.17,91.33,..,..,..
Duck,..IX - Zamboanga Peninsula,379.00,377.00,233.00,246.00,1235.00,373.00,389.00,248.00,252.00,1262.00,378.00,406.00,256.00,269.00,1309.00,397.00,411.00,260.00,271.00,1339.00,398.00,416.00,262.00,302.00,1378.00,402.00,419.00,200.00,206.00,1227.00,406.00,344.00,180.00,218.00,1148.00,204.00,356.00,176.00,158.00,894.00,201.00,199.00,166.00,152.00,718.00,196.00,180.00,171.00,143.00,690.00,96.00,92.00,140.00,155.00,483.00,90.00,91.00,78.00,86.00,345.00,71.00,64.00,76.00,66.00,277.00,72.00,61.00,74.00,66.00,273.00,73.00,64.00,79.00,97.00,313.00,77.00,68.00,81.00,99.00,325.00,78.00,66.00,83.00,98.00,325.00,76.00,58.00,77.00,102.00,313.00,78.00,38.00,80.00,89.00,285.00,77.00,34.00,79.00,124.00,314.00,76.65,22.71,86.45,124.46,310.27,81.59,35.70,..,..,..
Duck,..X - Northern Mindanao,1105.00,951.00,700.00,661.00,3417.00,1140.00,987.00,735.00,719.00,3581.00,1155.00,928.00,672.00,863.00,3618.00,1178.00,835.00,591.00,846.00,3450.00,945.00,841.00,603.00,850.00,3239.00,850.00,760.00,437.00,680.00,2727.00,833.00,775.00,490.00,695.00,2793.00,780.00,736.00,300.00,369.00,2185.00,750.00,576.00,310.00,320.00,1956.00,500.00,481.00,315.00,337.00,1633.00,487.00,468.00,310.00,321.00,1586.00,483.00,460.00,305.00,300.00,1548.00,455.00,447.00,299.00,306.00,1507.00,450.00,505.00,302.00,322.00,1579.00,464.00,516.00,317.00,331.00,1628.00,510.00,667.00,333.00,340.00,1850.00,530.00,660.00,355.00,312.00,1857.00,560.00,590.00,366.00,337.00,1853.00,565.00,629.00,335.00,324.00,1853.00,581.00,589.00,341.00,339.00,1850.00,591.00,617.89,344.00,339.73,1892.62,546.96,1141.85,..,..,..
Duck,..XI - Davao Region,782.00,822.00,801.00,1165.00,3570.00,769.00,824.00,825.00,1227.00,3645.00,773.00,809.00,815.00,1266.00,3663.00,788.00,785.00,812.00,1265.00,3650.00,764.00,753.00,774.00,1207.00,3498.00,800.00,789.00,684.00,1067.00,3340.00,746.00,741.00,670.00,808.00,2965.00,758.00,485.00,590.00,285.00,2118.00,718.00,460.00,559.00,305.00,2042.00,615.00,274.00,493.00,270.00,1652.00,541.00,241.00,466.00,279.00,1527.00,479.00,249.00,452.00,186.00,1366.00,486.00,181.00,380.00,239.00,1286.00,477.00,150.00,249.00,259.00,1135.00,450.00,122.00,255.00,234.00,1061.00,459.00,160.00,260.00,235.00,1114.00,463.00,194.00,250.00,245.00,1152.00,358.00,288.00,246.00,262.00,1154.00,330.00,259.00,266.00,269.00,1124.00,315.00,235.00,270.00,237.00,1057.00,311.00,248.85,267.00,244.32,1071.17,193.98,422.74,..,..,..
Duck,..XII - SOCCSKSARGEN,1267.00,990.00,1085.00,1436.00,4778.00,1433.00,1077.00,1154.00,1646.00,5310.00,1389.00,1097.00,1108.00,1574.00,5168.00,1274.00,1048.00,1059.00,1598.00,4979.00,1334.00,1112.00,1097.00,1770.00,5313.00,1400.00,1347.00,1057.00,1427.00,5231.00,1232.00,1074.00,983.00,866.00,4155.00,1094.00,980.00,927.00,844.00,3845.00,1150.00,1028.00,880.00,917.00,3975.00,1076.00,950.00,836.00,1048.00,3910.00,1009.00,849.00,794.00,1047.00,3699.00,985.00,805.00,858.00,1141.00,3789.00,1000.00,807.00,876.00,1073.00,3756.00,1011.00,862.00,864.00,1059.00,3796.00,986.00,841.00,786.00,909.00,3522.00,1026.00,887.00,720.00,833.00,3466.00,1087.00,984.00,925.00,1131.00,4127.00,1112.00,639.00,850.00,1018.00,3619.00,1196.00,831.00,912.00,1315.00,4254.00,1255.00,982.00,936.00,1212.00,4385.00,1189.00,918.48,834.16,1385.69,4327.33,1118.50,840.14,..,..,..
Duck,..XIII - Caraga,316.00,300.00,222.00,391.00,1229.00,328.00,322.00,240.00,446.00,1336.00,344.00,378.00,256.00,450.00,1428.00,351.00,362.00,264.00,443.00,1420.00,355.00,329.00,254.00,422.00,1360.00,338.00,325.00,210.00,350.00,1223.00,308.00,315.00,150.00,332.00,1105.00,282.00,274.00,137.00,146.00,839.00,100.00,95.00,90.00,67.00,352.00,90.00,91.00,86.00,56.00,323.00,41.00,44.00,72.00,73.00,230.00,40.00,56.00,42.00,44.00,182.00,38.00,44.00,40.00,57.00,179.00,35.00,27.00,43.00,59.00,164.00,41.00,32.00,45.00,56.00,174.00,40.00,32.00,44.00,55.00,171.00,42.00,35.00,49.00,58.00,184.00,30.00,23.00,41.00,52.00,146.00,32.00,44.00,35.00,58.00,169.00,29.00,51.00,33.00,71.00,184.00,30.00,36.23,33.50,52.93,152.66,22.65,34.47,..,..,..
Duck,..ARMM,550.00,419.00,494.00,404.00,1867.00,568.00,431.00,425.00,562.00,1986.00,574.00,516.00,438.00,575.00,2103.00,625.00,652.00,500.00,542.00,2319.00,634.00,639.00,475.00,458.00,2206.00,552.00,546.00,418.00,362.00,1878.00,377.00,400.00,396.00,467.00,1640.00,369.00,392.00,388.00,337.00,1486.00,358.00,392.00,350.00,320.00,1420.00,390.00,383.00,345.00,226.00,1344.00,367.00,360.00,223.00,144.00,1094.00,413.00,340.00,246.00,178.00,1177.00,400.00,306.00,238.00,162.00,1106.00,350.00,263.00,230.00,178.00,1021.00,345.00,217.00,240.00,173.00,975.00,284.00,176.00,218.00,157.00,835.00,288.00,167.00,210.00,139.00,804.00,250.00,100.00,178.00,217.00,745.00,244.00,147.00,160.00,246.00,797.00,184.00,113.00,215.00,335.00,847.00,195.19,61.36,210.00,424.87,891.42,754.79,77.67,..,..,..
Chicken eggs,PHILIPPINES,56650.00,61581.00,61091.00,64059.00,243381.00,56970.00,62670.00,62060.00,65000.00,246700.00,58992.00,65753.00,66913.00,69322.00,260980.00,64992.00,66222.00,69316.00,74283.00,274813.00,70378.00,70577.00,75550.00,80071.00,296576.00,76899.00,76329.00,80594.00,86500.00,320322.00,78667.00,81126.00,82532.00,87963.00,330288.00,81773.00,79588.00,83616.00,90127.00,335104.00,86013.00,84752.00,85786.00,94388.00,350939.00,90549.00,92684.00,89413.00,95818.00,368464.00,94559.00,99070.00,95006.00,98700.00,387335.00,99227.00,101140.16,98428.86,104636.67,403432.69,106096.81,107047.82,103546.46,104365.51,421056.60,107744.00,110838.00,106029.00,103075.00,427686.00,105201.00,104243.00,97933.00,108275.00,415652.00,111824.00,107848.00,107631.06,117247.00,444550.06,117842.00,114700.00,112968.00,116209.00,461719.00,121535.00,121453.00,121627.00,127791.00,492406.00,130549.00,131095.00,133717.00,138544.00,533905.00,142011.00,141451.00,145544.00,154228.00,583234.00,148171.46,148453.11,154294.82,154866.77,605786.16,152050.78,167934.38,..,..,..
Chicken eggs,..NCR,..,..,..,..,..,..,..,..,..,..,..,..,..,..,..,..,..,..,..,..,..,..,..,..,..,..,..,..,..,..,..,..,..,..,..,..,..,..,..,..,..,..,..,..,..,..,..,..,..,..,..,..,..,..,..,..,..,..,..,..,..,..,..,..,..,..,..,..,..,..,..,..,..,..,..,..,..,..,..,..,..,..,..,..,..,..,..,..,..,..,..,..,..,..,..,..,..,..,..,..,..,..,..,..,..,10.80,5.55,..,..,..
Chicken eggs,..CAR,470.00,509.00,492.00,517.00,1988.00,503.00,534.00,467.00,549.00,2053.00,536.00,550.00,575.00,630.00,2291.00,558.00,604.00,654.00,662.00,2478.00,599.00,727.00,705.00,758.00,2789.00,616.00,639.00,716.00,780.00,2751.00,655.00,702.00,648.00,714.00,2719.00,631.00,599.00,680.00,716.00,2626.00,675.00,636.00,689.00,693.00,2693.00,764.00,700.00,714.00,738.00,2916.00,727.00,701.00,691.00,764.00,2883.00,678.00,726.00,617.00,810.00,2831.00,743.37,719.15,625.00,791.59,2879.11,768.00,859.00,735.00,836.00,3198.00,740.00,856.00,755.00,941.00,3292.00,888.00,965.00,768.00,985.00,3606.00,854.00,890.00,794.00,967.00,3505.00,737.00,854.00,874.00,932.00,3397.00,906.00,1058.00,1025.00,947.00,3936.00,811.00,1073.00,1045.00,1143.00,4072.00,976.22,1189.12,1197.79,1244.81,4607.94,1122.61,1456.01,..,..,..
Chicken eggs,..I - Ilocos Region,1560.00,1650.00,1577.00,1626.00,6413.00,2280.00,1736.00,1890.00,1481.00,7387.00,2020.00,2050.00,2050.00,1453.00,7573.00,2113.00,2047.00,1959.00,1686.00,7805.00,2383.00,2185.00,2338.00,2023.00,8929.00,2527.00,2625.00,2831.00,2472.00,10455.00,2885.00,2926.00,3516.00,3062.00,12389.00,3407.00,3618.00,3777.00,3940.00,14742.00,4165.00,3952.00,3931.00,3998.00,16046.00,4263.00,4481.00,3857.00,4040.00,16641.00,4371.00,4432.00,3688.00,4284.00,16775.00,4076.00,4299.00,3896.00,4191.00,16462.00,4093.06,4215.75,3734.00,4193.08,16235.88,3968.00,3296.00,2947.00,3656.00,13867.00,3290.00,3152.00,2998.00,3345.00,12785.00,3351.00,3278.00,3413.00,4045.00,14087.00,3964.00,3279.00,3274.00,3564.00,14081.00,3743.00,3532.00,4322.00,4668.00,16265.00,4768.00,4372.00,4662.00,4786.00,18588.00,5089.00,4649.00,4843.00,4997.00,19578.00,5250.67,4848.34,5436.75,5694.13,21229.89,5534.44,5134.44,..,..,..
Chicken eggs,..II - Cagayan Valley,2009.00,2197.00,2112.00,2272.00,8590.00,2129.00,2298.00,2369.00,2301.00,9097.00,2199.00,2176.00,2300.00,2366.00,9041.00,2265.00,2451.00,2361.00,2185.00,9262.00,2194.00,2517.00,2740.00,2369.00,9820.00,2044.00,2306.00,2532.00,2490.00,9372.00,2184.00,2344.00,2748.00,2739.00,10015.00,1706.00,2314.00,2784.00,2657.00,9461.00,1911.00,2175.00,2840.00,2440.00,9366.00,2135.00,2187.00,1987.00,1803.00,8112.00,1912.00,2463.00,2280.00,1841.00,8496.00,2007.00,1962.00,2123.00,2100.00,8192.00,1973.97,2139.91,2481.97,2288.33,8884.18,2438.00,2443.00,2707.00,2655.00,10243.00,2947.00,3089.00,2861.00,2924.00,11821.00,2971.00,2926.00,2958.00,3096.00,11951.00,3114.00,3181.00,2940.00,3070.00,12305.00,3165.00,3418.00,3177.00,3227.00,12987.00,3366.00,3679.00,3599.00,3687.00,14331.00,3763.00,3795.00,3652.00,3577.00,14787.00,3669.48,3615.92,3472.51,3437.90,14195.81,3846.35,3954.02,..,..,..
Chicken eggs,..III - Central Luzon,10665.00,9299.00,9900.00,9679.00,39543.00,9078.00,9045.00,9519.00,9899.00,37541.00,9386.00,9200.00,9840.00,10395.00,38821.00,9059.00,9660.00,10332.00,11757.00,40808.00,10455.00,10143.00,10435.00,12932.00,43965.00,12015.00,10764.00,15533.00,16154.00,54466.00,12888.00,11350.00,15553.00,18254.00,58045.00,13532.00,11095.00,17574.00,20079.00,62280.00,14885.00,14944.00,17802.00,21129.00,68760.00,17328.00,17159.00,17552.00,19487.00,71526.00,18033.00,18419.00,19237.00,19834.00,75523.00,19893.00,18044.16,18925.86,20246.67,77109.69,21172.22,19840.03,19526.00,20347.51,80885.75,22812.00,21330.00,20327.00,21960.00,86429.00,24010.00,21043.00,19018.00,24232.00,88303.00,27295.00,21803.00,19210.00,22817.00,91125.00,25098.00,22311.00,22932.00,23223.00,93564.00,27133.00,23330.00,25148.00,26548.00,102159.00,27533.00,24950.00,26523.00,26232.00,105238.00,28090.00,28883.00,30674.00,30535.00,118182.00,30055.35,28587.42,33882.40,29741.90,122267.07,31748.99,33727.40,..,..,..
Chicken eggs,..IVA - CALABARZON,14700.00,17864.00,16145.00,19109.00,67818.00,14489.00,17993.00,16944.00,19507.00,68933.00,16055.00,18177.00,18424.00,21504.00,74160.00,18655.00,18364.00,19071.00,21771.00,77861.00,19255.00,19043.00,20381.00,23120.00,81799.00,20661.00,21520.00,20018.00,24755.00,86954.00,20025.00,21261.00,19990.00,24810.00,86086.00,21565.00,20621.00,20690.00,24286.00,87162.00,24071.00,21318.00,22925.00,25224.00,93538.00,25953.00,25139.00,24232.00,24610.00,99934.00,26838.00,29140.00,28041.00,28077.00,112096.00,28065.00,30926.00,30342.00,31543.00,120876.00,32760.36,33624.61,32514.00,30878.00,129776.96,32140.00,33003.00,32646.00,30918.00,128707.00,32300.00,31169.00,28242.00,28931.00,120642.00,31813.00,31818.00,35211.00,35120.00,133962.00,36036.00,36839.00,35380.00,32019.00,140274.00,34189.00,37517.00,37075.00,36236.00,145017.00,39332.00,38370.00,40037.00,38578.00,156317.00,43857.00,41395.00,43213.00,46474.00,174939.00,45038.37,46326.67,47434.55,45947.28,184746.87,49352.45,56108.02,..,..,..
Chicken eggs,..MIMAROPA Region,938.00,940.00,903.00,1006.00,3787.00,1117.00,1026.00,959.00,1045.00,4147.00,950.00,1036.00,1050.00,1225.00,4261.00,1118.00,1068.00,1082.00,1258.00,4526.00,1281.00,992.00,1028.00,1021.00,4322.00,1183.00,992.00,1077.00,1064.00,4316.00,1107.00,1019.00,1107.00,825.00,4058.00,1032.00,1033.00,1100.00,910.00,4075.00,1064.00,1029.00,1131.00,914.00,4138.00,1056.00,902.00,1101.00,1097.00,4156.00,1076.00,934.00,1051.00,1203.00,4264.00,1060.00,980.00,1084.00,1220.00,4344.00,1082.00,984.27,1056.00,1248.00,4370.27,1064.00,981.00,1032.00,1255.00,4332.00,1078.00,1038.00,1130.00,1491.00,4737.00,1278.00,1247.00,1347.00,1736.00,5608.00,1244.00,1269.00,1274.00,1614.00,5401.00,1157.00,1479.00,1410.00,1585.00,5631.00,1356.00,1514.00,2090.00,1652.00,6612.00,1577.00,1736.00,1882.00,1747.00,6942.00,1867.86,1731.85,2028.56,1809.64,7437.91,1593.50,2314.10,..,..,..
Chicken eggs,..V - Bicol Region,4004.00,4296.00,4491.00,4641.00,17432.00,4131.00,3536.00,3879.00,4572.00,16118.00,4266.00,3646.00,4627.00,4543.00,17082.00,4695.00,3865.00,5369.00,5432.00,19361.00,5491.00,5647.00,5605.00,5501.00,22244.00,5579.00,6194.00,5761.00,5433.00,22967.00,6055.00,6017.00,5890.00,5155.00,23117.00,5631.00,3154.00,3204.00,3666.00,15655.00,3980.00,3053.00,3024.00,3884.00,13941.00,3920.00,3991.00,3737.00,4476.00,16124.00,4586.00,4350.00,3590.00,3668.00,16194.00,4841.00,4442.00,3508.00,3863.00,16654.00,4849.83,4989.86,3966.00,3714.00,17519.69,5056.00,5399.00,4600.00,3792.00,18847.00,4335.00,4698.00,4457.00,3387.00,16877.00,3770.00,3334.00,3839.00,2893.00,13836.00,3494.00,3279.00,3371.00,3237.00,13381.00,3405.00,3247.00,3127.00,3011.00,12790.00,3554.00,3438.00,3251.00,3191.00,13434.00,3523.00,3698.00,3575.00,4040.00,14836.00,3755.64,3662.88,3660.25,3777.44,14856.21,3373.49,3819.14,..,..,..
Chicken eggs,..VI - Western Visayas,4813.00,5152.00,5504.00,5260.00,20729.00,5061.00,5894.00,5516.00,5371.00,21842.00,4955.00,6245.00,5185.00,5087.00,21472.00,4735.00,5265.00,5385.00,5338.00,20723.00,5018.00,5298.00,5573.00,5819.00,21708.00,5760.00,5788.00,6012.00,5571.00,23131.00,5737.00,5766.00,5474.00,5081.00,22058.00,5170.00,6110.00,5748.00,6188.00,23216.00,5706.00,6233.00,6521.00,6895.00,25355.00,6250.00,6502.00,6535.00,7492.00,26779.00,6741.00,6995.00,6770.00,7335.00,27841.00,7335.00,7283.00,7650.00,7830.00,30098.00,7621.00,7792.23,7834.00,8129.00,31376.23,7894.00,8514.00,9014.00,8136.00,33558.00,7698.00,7385.00,7719.00,8386.00,31188.00,8185.00,7604.00,7913.00,8473.00,32175.00,8451.00,7188.00,7533.00,8599.00,31771.00,8471.00,7252.00,7504.00,7728.00,30955.00,8042.00,8613.00,8602.00,9094.00,34351.00,8573.00,8820.00,9233.00,9313.00,35939.00,9055.80,8959.74,9400.90,9600.30,37016.74,9008.92,8908.10,..,..,..
Chicken eggs,..VII - Central Visayas,4716.00,5072.00,6624.00,6066.00,22478.00,4935.00,5450.00,6865.00,6222.00,23472.00,5236.00,6819.00,7410.00,6302.00,25767.00,7094.00,6812.00,7399.00,7691.00,28996.00,8308.00,7590.00,8484.00,8341.00,32723.00,8826.00,7694.00,8230.00,8742.00,33492.00,8478.00,8601.00,8572.00,8572.00,34223.00,9419.00,9045.00,9127.00,8993.00,36584.00,9414.00,9157.00,7453.00,8145.00,34169.00,8718.00,9396.00,9337.00,9590.00,37041.00,10115.00,9529.00,9664.00,9811.00,39119.00,9988.00,10140.00,10052.00,9975.00,40155.00,10439.00,10359.58,11196.39,9636.00,41630.97,10278.00,11506.00,10529.00,6287.00,38600.00,7312.00,7679.00,8845.00,9577.00,33413.00,10075.00,9775.00,10325.00,11473.00,41648.00,11978.00,11044.00,11586.00,11696.00,46304.00,12329.00,11536.00,12254.00,12449.00,48568.00,12988.00,12261.00,13021.00,13869.00,52139.00,13384.00,12855.00,14039.00,13585.00,53863.00,13461.11,13698.61,13447.02,14574.25,55180.99,14857.64,16487.92,..,..,..
Chicken eggs,..VIII - Eastern Visayas,1208.00,1318.00,1323.00,1347.00,5196.00,1291.00,1375.00,1233.00,1339.00,5238.00,1360.00,1446.00,1654.00,1514.00,5974.00,1364.00,1475.00,1612.00,1554.00,6005.00,1381.00,1567.00,1751.00,1600.00,6299.00,1529.00,1622.00,1559.00,1879.00,6589.00,1626.00,1505.00,1528.00,891.00,5550.00,1560.00,1431.00,1572.00,703.00,5266.00,1396.00,1347.00,1320.00,686.00,4749.00,1201.00,1065.00,1365.00,776.00,4407.00,1121.00,723.00,1074.00,455.00,3373.00,1075.00,619.00,1416.00,468.00,3578.00,759.00,638.19,1188.20,515.00,3100.39,659.00,587.00,1139.00,464.00,2849.00,431.00,386.00,937.00,461.00,2215.00,442.00,488.00,809.00,639.00,2378.00,560.00,509.00,723.00,717.00,2509.00,625.00,571.00,965.00,953.00,3114.00,904.00,1012.00,1124.00,1213.00,4253.00,1036.00,1110.00,1080.00,1321.00,4547.00,1263.32,1366.61,1539.05,1671.82,5840.80,1246.59,1485.15,..,..,..
Chicken eggs,..IX - Zamboanga Peninsula,1638.00,1799.00,1886.00,1994.00,7317.00,1702.00,1894.00,1854.00,1850.00,7300.00,1752.00,1955.00,1775.00,1930.00,7412.00,1804.00,1982.00,1752.00,1990.00,7528.00,2015.00,2010.00,2009.00,1899.00,7933.00,1900.00,2257.00,2016.00,2088.00,8261.00,2090.00,2313.00,2076.00,2008.00,8487.00,2211.00,2317.00,2193.00,2077.00,8798.00,2586.00,2340.00,2672.00,2166.00,9764.00,2754.00,1940.00,2494.00,2640.00,9828.00,2822.00,1978.00,2350.00,2534.00,9684.00,2676.00,2108.00,2352.00,2316.00,9452.00,2426.00,2119.16,1939.50,2115.00,8599.66,2557.00,2263.00,2001.00,1260.00,8081.00,2461.00,2378.00,2479.00,1658.00,8976.00,2642.00,2556.00,2725.00,2607.00,10530.00,2884.00,2421.00,2828.00,2922.00,11055.00,3210.00,2896.00,3133.00,3242.00,12481.00,2870.00,2962.00,3741.00,3946.00,13519.00,3669.00,4006.00,4064.00,4446.00,16185.00,4261.09,3987.01,4358.52,4275.83,16882.45,3726.27,4645.20,..,..,..
Chicken eggs,..X - Northern Mindanao,4002.00,4572.00,4421.00,4464.00,17459.00,4071.00,4623.00,3865.00,3776.00,16335.00,3857.00,5050.00,4232.00,4354.00,17493.00,4892.00,5555.00,4411.00,4652.00,19510.00,5052.00,5867.00,5965.00,5659.00,22543.00,6578.00,6629.00,5607.00,5580.00,24394.00,6479.00,8887.00,6309.00,6696.00,28371.00,6803.00,9154.00,6316.00,7366.00,29639.00,6950.00,9429.00,6472.00,9482.00,32333.00,7478.00,9820.00,6757.00,9589.00,33644.00,7628.00,9704.00,7122.00,10080.00,34534.00,8321.00,9817.00,7255.00,11239.00,36632.00,8633.00,10268.47,7503.00,11493.00,37897.47,8771.00,11215.00,7828.00,12016.00,39830.00,9022.00,11562.00,7927.00,12294.00,40805.00,9063.00,11876.00,8193.00,12709.00,41841.00,9831.00,12033.00,8236.00,12984.00,43084.00,10512.00,12283.00,9437.00,13481.00,45713.00,10959.00,13081.00,9602.00,14146.00,47788.00,11486.00,13196.00,9976.00,14546.00,49204.00,11859.43,13837.54,10904.60,15491.81,52093.38,10206.88,12841.22,..,..,..
Chicken eggs,..XI - Davao Region,3689.00,4376.00,3295.00,3582.00,14942.00,3941.00,4803.00,3833.00,4157.00,16734.00,4114.00,4771.00,4725.00,4760.00,18370.00,4510.00,4614.00,4815.00,5232.00,19171.00,4660.00,4506.00,4951.00,5393.00,19510.00,4985.00,4933.00,5261.00,5807.00,20986.00,5414.00,5622.00,5264.00,5342.00,21642.00,5423.00,5920.00,4628.00,4524.00,20495.00,5253.00,5702.00,4580.00,4717.00,20252.00,5239.00,5781.00,5830.00,5439.00,22289.00,5107.00,6226.00,5321.00,4810.00,21464.00,5755.00,6264.00,4961.00,5275.00,22255.00,5969.00,5626.11,5785.00,5453.00,22833.11,6149.00,5601.00,5950.00,5609.00,23309.00,6084.00,5753.00,6113.00,6113.00,24063.00,6200.00,6164.00,6384.00,6071.00,24819.00,6294.00,6118.00,6517.00,6566.00,25495.00,6784.00,6727.00,6249.00,6647.00,26407.00,5834.00,6314.00,7116.00,6859.00,26123.00,8364.00,7077.00,8185.00,8025.00,31651.00,7909.24,7416.24,7610.05,7198.12,30133.65,7311.14,7692.12,..,..,..
Chicken eggs,..XII - SOCCSKSARGEN,1100.00,1251.00,1205.00,1255.00,4811.00,1060.00,1143.00,1611.00,1637.00,5451.00,1074.00,1347.00,1711.00,1903.00,6035.00,1015.00,1085.00,1841.00,1689.00,5630.00,1100.00,1051.00,2110.00,2071.00,6332.00,1456.00,1079.00,2014.00,2128.00,6677.00,1793.00,1352.00,2260.00,2081.00,7486.00,2070.00,1390.00,2590.00,2143.00,8193.00,2249.00,1639.00,2869.00,2260.00,9017.00,1922.00,1883.00,2601.00,2351.00,8757.00,1967.00,1963.00,2553.00,2491.00,8974.00,2215.00,2071.00,2677.00,2361.00,9324.00,2248.00,2067.01,2607.00,2271.00,9193.01,2198.00,2045.00,2642.00,2224.00,9109.00,2239.00,2082.00,2461.00,2225.00,9007.00,2074.00,1887.00,2396.00,2112.00,8469.00,2127.00,2279.00,3489.00,2966.00,10861.00,4321.00,4718.00,4829.00,4921.00,18789.00,5783.00,6756.00,6482.00,6825.00,25846.00,6402.00,6723.00,6945.00,7075.00,27145.00,7124.20,6328.37,6513.53,7046.56,27012.66,6627.58,6506.68,..,..,..
Chicken eggs,..XIII - Caraga,695.00,727.00,737.00,788.00,2947.00,650.00,735.00,750.00,827.00,2962.00,670.00,635.00,705.00,778.00,2788.00,594.00,563.00,673.00,735.00,2565.00,565.00,531.00,741.00,857.00,2694.00,656.00,532.00,649.00,743.00,2580.00,574.00,485.00,572.00,749.00,2380.00,832.00,702.00,669.00,783.00,2986.00,658.00,666.00,577.00,819.00,2720.00,461.00,551.00,506.00,750.00,2268.00,461.00,617.00,541.00,706.00,2325.00,464.00,580.00,559.00,704.00,2307.00,542.00,639.20,575.62,744.00,2500.82,582.00,842.00,838.00,960.00,3222.00,816.00,1037.00,922.00,1277.00,4052.00,979.00,1217.00,1195.06,1424.00,4815.06,1162.00,1225.00,1192.00,1179.00,4758.00,1047.00,1249.00,1222.00,1316.00,4834.00,1672.00,1897.00,1951.00,2654.00,8174.00,1685.00,1740.00,2230.00,2362.00,8017.00,1827.52,2163.10,2491.53,2008.05,8490.20,1696.04,2086.16,..,..,..
Chicken eggs,..ARMM,443.00,559.00,476.00,453.00,1931.00,532.00,585.00,506.00,467.00,2090.00,562.00,650.00,650.00,578.00,2440.00,521.00,812.00,600.00,651.00,2584.00,621.00,903.00,734.00,708.00,2966.00,584.00,755.00,778.00,814.00,2931.00,677.00,976.00,1025.00,984.00,3662.00,781.00,1085.00,964.00,1096.00,3926.00,1050.00,1132.00,980.00,936.00,4098.00,1107.00,1187.00,808.00,940.00,4042.00,1054.00,896.00,1033.00,807.00,3790.00,778.00,879.00,1011.00,495.00,3163.00,785.00,1024.29,1014.79,549.00,3373.08,410.00,954.00,1094.00,1047.00,3505.00,438.00,936.00,1069.00,1033.00,3476.00,798.00,910.00,945.00,1047.00,3700.00,751.00,835.00,899.00,886.00,3371.00,707.00,844.00,901.00,847.00,3299.00,682.00,818.00,891.00,865.00,3256.00,702.00,695.00,908.00,1042.00,3347.00,796.16,733.70,916.81,1346.93,3793.60,787.06,763.16,..,..,..
Duck eggs,PHILIPPINES,12507.00,13587.00,12126.00,15245.00,53465.00,12715.00,14339.00,12685.00,14174.00,53913.00,12916.00,14712.00,12712.00,13443.00,53783.00,12740.00,14709.00,12675.00,13920.00,54044.00,13206.00,15602.00,13802.00,14133.00,56743.00,12810.00,15511.00,12172.00,12739.00,53232.00,12380.00,14047.00,11407.00,12193.00,50027.00,11685.00,12818.00,11084.00,11403.00,46990.00,10121.00,11124.00,10587.00,10727.00,42559.00,9878.00,10117.00,9956.00,9666.00,39617.00,9153.00,9356.00,9295.00,8872.00,36676.00,9323.00,9641.00,9284.00,9430.00,37678.00,9675.00,10549.00,9562.00,9961.00,39747.00,9970.00,11271.00,9516.00,10314.00,41071.00,9832.00,10929.00,9945.00,10804.00,41510.00,10011.00,11216.00,9966.00,11211.00,42404.00,10272.00,11466.00,10382.00,12040.00,44160.00,10915.00,12310.00,10124.00,12083.00,45432.00,10557.00,12903.00,10702.00,12449.00,46611.00,11171.00,13888.00,10981.00,13529.00,49569.00,11374.54,13755.29,11231.67,14122.33,50483.83,11522.39,13996.45,..,..,..
Duck eggs,..NCR,..,..,..,..,..,..,..,..,..,..,..,..,..,..,..,..,..,..,..,..,..,..,..,..,..,..,..,..,..,..,..,..,..,..,..,..,..,..,..,..,..,..,..,..,..,..,..,..,..,..,..,..,..,..,..,..,..,..,..,..,..,..,..,..,..,..,..,..,..,..,..,..,..,..,..,..,..,..,..,..,..,..,..,..,..,..,..,..,..,..,..,..,..,..,..,..,..,..,..,..,..,..,..,..,..,..,..,..,..,..
Duck eggs,..CAR,205.00,271.00,193.00,293.00,962.00,217.00,244.00,204.00,198.00,863.00,247.00,273.00,196.00,175.00,891.00,259.00,287.00,215.00,184.00,945.00,273.00,303.00,231.00,174.00,981.00,293.00,325.00,229.00,170.00,1017.00,266.00,296.00,208.00,147.00,917.00,242.00,269.00,230.00,107.00,848.00,210.00,205.00,230.00,118.00,763.00,218.00,212.00,219.00,210.00,859.00,207.00,178.00,208.00,196.00,789.00,221.00,182.00,185.00,205.00,793.00,203.00,256.00,211.00,185.00,855.00,193.00,230.00,200.00,176.00,799.00,183.00,249.00,210.00,187.00,829.00,172.00,234.00,203.00,181.00,790.00,175.00,222.00,209.00,133.00,739.00,157.00,200.00,180.00,115.00,652.00,165.00,182.00,181.00,106.00,634.00,170.00,165.00,190.00,114.00,639.00,130.67,128.70,180.10,89.12,528.59,122.26,122.57,..,..,..
Duck eggs,..I - Ilocos Region,553.00,696.00,645.00,549.00,2443.00,554.00,698.00,592.00,517.00,2361.00,505.00,664.00,598.00,385.00,2152.00,486.00,625.00,532.00,334.00,1977.00,504.00,628.00,529.00,366.00,2027.00,552.00,686.00,526.00,346.00,2110.00,507.00,630.00,515.00,457.00,2109.00,576.00,519.00,626.00,406.00,2127.00,564.00,535.00,477.00,336.00,1912.00,513.00,411.00,512.00,252.00,1688.00,485.00,364.00,513.00,122.00,1484.00,484.00,374.00,525.00,143.00,1526.00,485.00,357.00,543.00,137.00,1522.00,456.00,375.00,495.00,171.00,1497.00,445.00,348.00,498.00,161.00,1452.00,483.00,349.00,537.00,165.00,1534.00,498.00,279.00,344.00,185.00,1306.00,473.00,304.00,293.00,269.00,1339.00,466.00,236.00,290.00,193.00,1185.00,447.00,155.00,269.00,177.00,1048.00,344.42,105.09,279.50,199.88,928.89,222.79,169.36,..,..,..
Duck eggs,..II - Cagayan Valley,1145.00,1310.00,1249.00,1551.00,5255.00,1244.00,1394.00,1335.00,1650.00,5623.00,1250.00,1443.00,1357.00,1695.00,5745.00,1305.00,1675.00,1391.00,1669.00,6040.00,1351.00,1845.00,1386.00,1835.00,6417.00,1311.00,1735.00,1317.00,1682.00,6045.00,1400.00,1902.00,1372.00,1372.00,6046.00,1414.00,1870.00,1367.00,1399.00,6050.00,988.00,1306.00,1370.00,1272.00,4936.00,950.00,1094.00,1000.00,774.00,3818.00,905.00,830.00,891.00,688.00,3314.00,904.00,970.00,895.00,619.00,3388.00,900.00,1078.00,893.00,818.00,3689.00,901.00,1013.00,902.00,787.00,3603.00,858.00,958.00,899.00,794.00,3509.00,825.00,913.00,898.00,869.00,3505.00,782.00,828.00,816.00,740.00,3166.00,808.00,872.00,795.00,698.00,3173.00,737.00,799.00,790.00,616.00,2942.00,705.00,689.00,770.00,505.00,2669.00,678.40,460.10,733.33,452.21,2324.04,625.28,425.56,..,..,..
Duck eggs,..III - Central Luzon,3010.00,2572.00,3025.00,3955.00,12562.00,2939.00,2929.00,3120.00,3580.00,12568.00,2997.00,2989.00,3065.00,3222.00,12273.00,2690.00,2960.00,3203.00,3538.00,12391.00,2743.00,3172.00,3747.00,3433.00,13095.00,2662.00,3077.00,2866.00,2780.00,11385.00,2488.00,3021.00,2836.00,2825.00,11170.00,2428.00,2779.00,2977.00,2938.00,11122.00,2476.00,2501.00,3155.00,2370.00,10502.00,2426.00,2710.00,3249.00,2564.00,10949.00,2486.00,2743.00,3148.00,2138.00,10515.00,2611.00,2704.00,3120.00,2795.00,11230.00,2690.00,2947.00,3235.00,3103.00,11975.00,2961.00,3112.00,3335.00,3622.00,13030.00,2995.00,3260.00,3700.00,4048.00,14003.00,3532.00,3858.00,3800.00,4513.00,15703.00,3988.00,4296.00,4217.00,5009.00,17510.00,4556.00,4942.00,3887.00,4443.00,17828.00,3912.00,4921.00,4148.00,4868.00,17849.00,4473.00,6286.00,4352.00,5919.00,21030.00,4878.15,6086.20,4885.00,6585.99,22435.34,5276.58,6208.74,..,..,..
Duck eggs,..IVA - CALABARZON,992.00,756.00,631.00,1049.00,3428.00,951.00,833.00,646.00,1061.00,3491.00,983.00,851.00,673.00,1280.00,3787.00,1080.00,905.00,707.00,1299.00,3991.00,1097.00,1001.00,746.00,1371.00,4215.00,1100.00,1051.00,650.00,1156.00,3957.00,1045.00,955.00,592.00,1365.00,3957.00,982.00,878.00,619.00,1432.00,3911.00,1029.00,901.00,565.00,1385.00,3880.00,926.00,587.00,480.00,685.00,2678.00,472.00,364.00,460.00,658.00,1954.00,483.00,374.00,481.00,661.00,1999.00,462.00,399.00,491.00,609.00,1961.00,468.00,492.00,495.00,603.00,2058.00,486.00,503.00,532.00,580.00,2101.00,344.00,457.00,558.00,740.00,2099.00,342.00,583.00,570.00,854.00,2349.00,378.00,646.00,606.00,1220.00,2850.00,542.00,1265.00,850.00,950.00,3607.00,545.00,1191.00,931.00,1145.00,3812.00,571.89,1774.74,866.00,995.12,4207.75,532.84,1789.55,..,..,..
Duck eggs,..MIMAROPA Region,86.00,66.00,47.00,79.00,278.00,82.00,72.00,49.00,81.00,284.00,75.00,65.00,52.00,86.00,278.00,71.00,62.00,55.00,79.00,267.00,73.00,66.00,59.00,82.00,280.00,75.00,68.00,60.00,85.00,288.00,77.00,74.00,66.00,93.00,310.00,83.00,80.00,93.00,98.00,354.00,87.00,86.00,99.00,105.00,377.00,93.00,150.00,118.00,132.00,493.00,95.00,166.00,109.00,163.00,533.00,97.00,180.00,111.00,179.00,567.00,100.00,188.00,113.00,191.00,592.00,98.00,184.00,116.00,212.00,610.00,97.00,194.00,110.00,200.00,601.00,99.00,196.00,96.00,132.00,523.00,88.00,115.00,99.00,161.00,463.00,85.00,109.00,115.00,196.00,505.00,91.00,119.00,114.00,178.00,502.00,110.00,153.00,112.00,185.00,560.00,112.00,160.48,116.00,115.44,503.92,134.25,190.28,..,..,..
Duck eggs,..V - Bicol Region,341.00,307.00,428.00,408.00,1484.00,341.00,315.00,406.00,364.00,1426.00,333.00,306.00,389.00,309.00,1337.00,293.00,260.00,440.00,329.00,1322.00,301.00,299.00,452.00,326.00,1378.00,271.00,290.00,475.00,310.00,1346.00,298.00,299.00,460.00,376.00,1433.00,274.00,460.00,391.00,411.00,1536.00,214.00,402.00,407.00,344.00,1367.00,204.00,425.00,427.00,416.00,1472.00,200.00,393.00,423.00,256.00,1272.00,186.00,348.00,382.00,248.00,1164.00,183.00,457.00,391.00,172.00,1203.00,184.00,434.00,379.00,124.00,1121.00,186.00,466.00,403.00,134.00,1189.00,189.00,469.00,442.00,147.00,1247.00,192.00,530.00,479.00,160.00,1361.00,191.00,518.00,578.00,214.00,1501.00,225.00,615.00,605.00,224.00,1669.00,241.00,642.00,629.00,153.00,1665.00,260.00,746.82,635.29,117.69,1759.80,301.42,773.38,..,..,..
Duck eggs,..VI - Western Visayas,1651.00,1852.00,1598.00,2029.00,7130.00,1780.00,1855.00,1600.00,1766.00,7001.00,1854.00,1853.00,1700.00,1571.00,6978.00,1900.00,1703.00,1555.00,1644.00,6802.00,2185.00,1709.00,1742.00,1599.00,7235.00,1788.00,1822.00,1680.00,1604.00,6894.00,1600.00,1500.00,1512.00,1629.00,6241.00,1495.00,1401.00,1098.00,657.00,4651.00,936.00,940.00,839.00,1039.00,3754.00,884.00,969.00,802.00,1094.00,3749.00,895.00,986.00,794.00,1217.00,3892.00,974.00,1085.00,822.00,1280.00,4161.00,1172.00,1100.00,863.00,1436.00,4571.00,1143.00,1238.00,880.00,1335.00,4596.00,1101.00,1187.00,847.00,1511.00,4646.00,1113.00,1205.00,790.00,1573.00,4681.00,1061.00,1256.00,840.00,1519.00,4676.00,1070.00,1240.00,826.00,1490.00,4626.00,1120.00,1214.00,837.00,1502.00,4673.00,1135.00,1175.00,847.00,1568.00,4725.00,1108.28,1213.55,831.52,1619.14,4772.49,1346.89,1203.28,..,..,..
Duck eggs,..VII - Central Visayas,260.00,296.00,313.00,358.00,1227.00,248.00,317.00,307.00,286.00,1158.00,240.00,304.00,312.00,290.00,1146.00,225.00,323.00,314.00,302.00,1164.00,229.00,339.00,370.00,362.00,1300.00,221.00,256.00,270.00,161.00,908.00,180.00,260.00,100.00,59.00,599.00,55.00,110.00,95.00,80.00,340.00,53.00,113.00,90.00,52.00,308.00,55.00,138.00,120.00,90.00,403.00,58.00,122.00,123.00,84.00,387.00,59.00,124.00,127.00,89.00,399.00,58.00,114.00,128.00,61.00,361.00,55.00,105.00,136.00,66.00,362.00,52.00,99.00,126.00,61.00,338.00,55.00,97.00,127.00,63.00,342.00,69.00,88.00,100.00,94.00,351.00,76.00,90.00,95.00,78.00,339.00,80.00,101.00,90.00,74.00,345.00,82.00,106.00,92.00,64.00,344.00,84.00,89.06,87.00,58.50,318.56,83.35,114.56,..,..,..
Duck eggs,..VIII - Eastern Visayas,385.00,422.00,490.00,658.00,1955.00,394.00,456.00,552.00,332.00,1734.00,412.00,488.00,510.00,372.00,1782.00,450.00,530.00,479.00,370.00,1829.00,461.00,561.00,575.00,459.00,2056.00,572.00,715.00,518.00,678.00,2483.00,581.00,714.00,521.00,327.00,2143.00,530.00,286.00,579.00,238.00,1633.00,240.00,135.00,390.00,341.00,1106.00,226.00,130.00,236.00,191.00,783.00,235.00,134.00,200.00,121.00,690.00,240.00,135.00,180.00,125.00,680.00,250.00,148.00,147.00,98.00,643.00,247.00,144.00,145.00,61.00,597.00,235.00,135.00,142.00,65.00,577.00,215.00,126.00,123.00,56.00,520.00,204.00,120.00,117.00,59.00,500.00,194.00,123.00,110.00,58.00,485.00,176.00,49.00,114.00,52.00,391.00,183.00,53.00,116.00,43.00,395.00,180.00,45.70,106.00,48.15,379.85,137.97,75.50,..,..,..
Duck eggs,..IX - Zamboanga Peninsula,360.00,443.00,256.00,308.00,1367.00,351.00,455.00,282.00,296.00,1384.00,400.00,469.00,313.00,306.00,1488.00,439.00,495.00,317.00,319.00,1570.00,460.00,494.00,323.00,350.00,1627.00,465.00,481.00,340.00,359.00,1645.00,463.00,388.00,211.00,395.00,1457.00,440.00,512.00,218.00,398.00,1568.00,431.00,440.00,212.00,384.00,1467.00,423.00,254.00,201.00,418.00,1296.00,212.00,260.00,186.00,435.00,1093.00,200.00,244.00,183.00,312.00,939.00,192.00,277.00,178.00,272.00,919.00,208.00,333.00,177.00,375.00,1093.00,214.00,441.00,247.00,208.00,1110.00,228.00,470.00,267.00,235.00,1200.00,220.00,424.00,275.00,258.00,1177.00,224.00,507.00,298.00,286.00,1315.00,264.00,616.00,287.00,491.00,1658.00,244.00,587.00,290.00,726.00,1847.00,239.00,729.06,286.31,795.82,2050.19,190.53,594.51,..,..,..
Duck eggs,..X - Northern Mindanao,1014.00,1133.00,673.00,814.00,3634.00,1040.00,1171.00,697.00,849.00,3757.00,1049.00,1340.00,726.00,762.00,3877.00,1018.00,1071.00,675.00,740.00,3504.00,967.00,1052.00,695.00,777.00,3491.00,870.00,947.00,521.00,622.00,2960.00,853.00,1090.00,595.00,634.00,3172.00,896.00,1106.00,590.00,681.00,3273.00,850.00,1001.00,600.00,715.00,3166.00,900.00,1020.00,610.00,780.00,3310.00,950.00,1030.00,615.00,822.00,3417.00,960.00,1048.00,630.00,863.00,3501.00,985.00,1091.00,660.00,865.00,3601.00,995.00,1177.00,675.00,958.00,3805.00,1045.00,1114.00,689.00,1032.00,3880.00,1127.00,1202.00,703.00,1204.00,4236.00,1161.00,1102.00,714.00,1280.00,4257.00,1184.00,1111.00,728.00,1308.00,4331.00,1190.00,1097.00,739.00,1263.00,4289.00,1178.00,1176.00,745.00,1352.00,4451.00,1202.00,950.79,737.00,1522.39,4412.18,1047.26,948.72,..,..,..
Duck eggs,..XI - Davao Region,725.00,947.00,687.00,938.00,3297.00,711.00,950.00,815.00,883.00,3359.00,716.00,874.00,745.00,807.00,3142.00,684.00,860.00,730.00,784.00,3058.00,665.00,827.00,720.00,773.00,2985.00,756.00,852.00,831.00,771.00,3210.00,743.00,832.00,660.00,407.00,2642.00,462.00,766.00,495.00,339.00,2062.00,436.00,724.00,467.00,393.00,2020.00,373.00,420.00,389.00,308.00,1490.00,352.00,396.00,344.00,347.00,1439.00,333.00,374.00,343.00,420.00,1470.00,338.00,289.00,343.00,377.00,1347.00,344.00,295.00,246.00,189.00,1074.00,361.00,183.00,262.00,192.00,998.00,370.00,231.00,273.00,174.00,1048.00,377.00,286.00,310.00,219.00,1192.00,384.00,335.00,314.00,215.00,1248.00,387.00,345.00,324.00,308.00,1364.00,379.00,334.00,317.00,321.00,1351.00,387.73,332.41,313.00,332.67,1365.81,341.31,407.03,..,..,..
Duck eggs,..XII - SOCCSKSARGEN,963.00,1259.00,1095.00,1456.00,4773.00,1015.00,1372.00,1211.00,1367.00,4965.00,966.00,1465.00,1162.00,1203.00,4796.00,890.00,1457.00,1141.00,1243.00,4731.00,918.00,1660.00,1349.00,1272.00,5199.00,982.00,1834.00,1097.00,1177.00,5090.00,1120.00,1498.00,1020.00,1135.00,4773.00,1008.00,1143.00,918.00,1228.00,4297.00,1023.00,1236.00,996.00,1215.00,4470.00,1090.00,975.00,896.00,1164.00,4125.00,1047.00,849.00,846.00,1144.00,3886.00,1004.00,945.00,876.00,1216.00,4041.00,1044.00,957.00,901.00,1251.00,4153.00,1125.00,1066.00,887.00,1205.00,4283.00,979.00,927.00,798.00,1178.00,3882.00,876.00,815.00,691.00,749.00,3131.00,745.00,864.00,846.00,1034.00,3489.00,763.00,873.00,881.00,1169.00,3686.00,824.00,923.00,935.00,1296.00,3978.00,894.00,797.00,905.00,940.00,3536.00,830.00,624.96,748.62,818.63,3022.21,818.02,679.09,..,..,..
Duck eggs,..XIII - Caraga,295.00,388.00,224.00,390.00,1297.00,308.00,381.00,250.00,438.00,1377.00,346.00,398.00,228.00,480.00,1452.00,353.00,403.00,221.00,486.00,1463.00,358.00,444.00,213.00,383.00,1398.00,341.00,410.00,190.00,294.00,1235.00,291.00,282.00,174.00,274.00,1021.00,320.00,115.00,201.00,275.00,911.00,110.00,116.00,113.00,149.00,488.00,107.00,114.00,117.00,135.00,473.00,154.00,120.00,120.00,137.00,531.00,160.00,125.00,90.00,95.00,470.00,170.00,136.00,96.00,119.00,521.00,192.00,215.00,98.00,184.00,689.00,210.00,262.00,137.00,222.00,831.00,170.00,238.00,130.00,189.00,727.00,160.00,168.00,128.00,140.00,596.00,167.00,174.00,124.00,151.00,616.00,169.00,182.00,122.00,167.00,640.00,170.00,155.00,120.00,137.00,582.00,167.00,141.79,125.00,170.84,604.63,150.40,125.83,..,..,..
Duck eggs,..ARMM,522.00,869.00,572.00,410.00,2373.00,540.00,897.00,619.00,506.00,2562.00,543.00,930.00,686.00,500.00,2659.00,597.00,1093.00,700.00,600.00,2990.00,621.00,1202.00,665.00,571.00,3059.00,551.00,962.00,602.00,544.00,2659.00,468.00,306.00,565.00,698.00,2037.00,480.00,524.00,587.00,716.00,2307.00,474.00,483.00,577.00,509.00,2043.00,490.00,508.00,580.00,453.00,2031.00,400.00,421.00,315.00,344.00,1480.00,407.00,429.00,334.00,180.00,1350.00,443.00,755.00,369.00,267.00,1834.00,400.00,858.00,350.00,246.00,1854.00,385.00,603.00,345.00,231.00,1564.00,213.00,356.00,328.00,221.00,1118.00,210.00,305.00,318.00,195.00,1028.00,205.00,266.00,294.00,173.00,938.00,209.00,239.00,276.00,161.00,885.00,215.00,224.00,296.00,180.00,915.00,201.00,165.84,302.00,200.74,869.58,191.27,168.50,..,..,..
