Sector,Year,January,February,March,April,May,June,July,August,September,October,November,December
Rice: Total Stock,1980,1885300.00,1819000.00,1815600.00,1753400.00,1812900.00,1725200.00,1575200.00,1359100.00,1197600.00,1199800.00,1468600.00,1722700.00
Rice: Total Stock,1981,1646500.00,1452800.00,1427100.00,1543900.00,1573800.00,1428300.00,1330600.00,1103200.00,1037800.00,1050800.00,1390500.00,1657100.00
Rice: Total Stock,1982,1611200.00,1515900.00,1494200.00,1649300.00,1758600.00,1698900.00,1519700.00,1325100.00,1149800.00,1299100.00,1737600.00,1876400.00
Rice: Total Stock,1983,1866400.00,1712900.00,1706900.00,1825900.00,1872300.00,1754100.00,1478000.00,1172200.00,912900.00,763900.00,1063300.00,1543700.00
Rice: Total Stock,1984,1491300.00,1303900.00,1170900.00,1318000.00,1482200.00,1269200.00,990100.00,848500.00,692400.00,795300.00,1004500.00,1214400.00
Rice: Total Stock,1985,1144300.00,1004500.00,919000.00,1043000.00,1113100.00,1109300.00,999500.00,903500.00,864500.00,1045800.00,1597500.00,1853500.00
Rice: Total Stock,1986,1754500.00,1593800.00,1541900.00,1699600.00,1771000.00,1701100.00,1541200.00,1382900.00,1251900.00,1305000.00,1738500.00,1946200.00
Rice: Total Stock,1987,2017100.00,1724400.00,1636100.00,1741900.00,1728100.00,1669300.00,1417200.00,1135600.00,923000.00,927700.00,1366000.00,1617100.00
Rice: Total Stock,1988,1575000.00,1382400.00,1418900.00,1778000.00,1669800.00,1578700.00,1230800.00,1058800.00,1012300.00,1248200.00,1548000.00,1723900.00
Rice: Total Stock,1989,1517600.00,1292100.00,1186600.00,1320300.00,1394300.00,1192700.00,1079700.00,889800.00,920800.00,1213200.00,1415400.00,1517000.00
Rice: Total Stock,1990,1689500.00,1568000.00,1560500.00,1485200.00,1612900.00,1486400.00,1366600.00,1283400.00,1180000.00,1208200.00,1729600.00,2232900.00
Rice: Total Stock,1991,1899300.00,1739000.00,1692800.00,2011700.00,2004400.00,2125400.00,1821200.00,1560100.00,1344200.00,1445200.00,1776100.00,1970000.00
Rice: Total Stock,1992,2120400.00,1809700.00,1693200.00,1848800.00,1772300.00,1678100.00,1627200.00,1273300.00,1057400.00,948500.00,1356500.00,1550000.00
Rice: Total Stock,1993,1673100.00,1404600.00,1211600.00,1341700.00,1451400.00,1332300.00,1368900.00,1028100.00,868300.00,892800.00,1250000.00,1490400.00
Rice: Total Stock,1994,1444300.00,1157000.00,1092600.00,1362400.00,1408200.00,1353600.00,1258000.00,989900.00,888900.00,1076900.00,1580600.00,1706500.00
Rice: Total Stock,1995,1497800.00,1260800.00,1120100.00,1253000.00,1321500.00,1200400.00,940700.00,703600.00,524400.00,813300.00,1365100.00,1578000.00
Rice: Total Stock,1996,1422300.00,1309100.00,1196700.00,1522500.00,1796800.00,1726700.00,1602800.00,1269200.00,1132200.00,1327100.00,1708200.00,1968600.00
Rice: Total Stock,1997,1793000.00,1520800.00,1412000.00,1629400.00,1962000.00,1891800.00,1819400.00,1600200.00,1352600.00,1410300.00,2059900.00,2278100.00
Rice: Total Stock,1998,1979400.00,1871100.00,1848100.00,2221700.00,2270600.00,2119500.00,1944900.00,1723800.00,1654200.00,1710700.00,2071900.00,2413600.00
Rice: Total Stock,1999,2279300.00,2144600.00,2160700.00,2419800.00,2710900.00,2574100.00,2381100.00,2221200.00,1886100.00,2032900.00,2440900.00,2610000.00
Rice: Total Stock,2000,2364500.00,2042300.00,1765700.00,1874900.00,2067000.00,1835900.00,1628600.00,1373800.00,1195000.00,1485100.00,2010800.00,2277600.00
Rice: Total Stock,2001,2166100.00,1879400.00,1837800.00,2110700.00,2263300.00,2248000.00,2034900.00,1851300.00,1719300.00,1872600.00,2594400.00,2598000.00
Rice: Total Stock,2002,2270700.00,1975200.00,1808200.00,1997200.00,2113200.00,1788900.00,1534700.00,1313400.00,1193100.00,1508200.00,2575000.00,2676000.00
Rice: Total Stock,2003,2448100.00,2289500.00,2068500.00,2210300.00,2390800.00,2097600.00,1806100.00,1566500.00,1399600.00,1742400.00,2525000.00,2607000.00
Rice: Total Stock,2004,2362100.00,2068000.00,1857700.00,2147400.00,2338700.00,1880100.00,1577400.00,1340800.00,1189100.00,1559500.00,2289800.00,2404500.00
Rice: Total Stock,2005,2050900.00,1777400.00,1455600.00,1744700.00,1999200.00,1879300.00,1638200.00,1457100.00,1308000.00,1592700.00,2255300.00,2406200.00
Rice: Total Stock,2006,2094300.00,1885900.00,1719900.00,2192900.00,2422500.00,2217300.00,1960100.00,1754200.00,1649500.00,1825300.00,2435200.00,2580400.00
Rice: Total Stock,2007,2253100.00,1841300.00,1588600.00,1654500.00,1893500.00,1629100.00,1529100.00,1354600.00,1135800.00,1375100.00,2038300.00,2291500.00
Rice: Total Stock,2008,2172300.00,1834900.00,1688700.00,1891400.00,2265400.00,2209500.00,2185200.00,1902100.00,1923100.00,2177100.00,2937800.00,2954100.00
Rice: Total Stock,2009,2638600.00,2279000.00,2167700.00,2478600.00,2683900.00,2683400.00,2776300.00,2380700.00,2322200.00,2485300.00,2958600.00,2897300.00
Rice: Total Stock,2010,2629100.00,2463300.00,2251900.00,2773400.00,3322000.00,3357700.00,3353500.00,3184200.00,3034000.00,3151100.00,3794600.00,3908000.00
Rice: Total Stock,2011,3424300.00,3049600.00,2853000.00,3080600.00,3396500.00,3093600.00,3021800.00,2720400.00,2415200.00,2739200.00,3216800.00,3097500.00
Rice: Total Stock,2012,2627400.00,2331400.00,2012600.00,2637800.00,2673300.00,2287308.00,1915105.00,1616600.00,1441900.00,1999000.00,2784600.00,2613200.00
Rice: Total Stock,2013,2524200.00,2023600.00,1938600.00,2327600.00,2614400.00,2313500.00,2194060.00,1859500.00,1530310.00,1771300.00,2438700.00,2492900.00
Rice: Total Stock,2014,2125497.00,2003813.00,1784781.00,2182481.00,2520176.00,2306164.00,2025007.00,1721784.00,1488718.00,1805310.00,2952744.00,3031531.00
Rice: Total Stock,2015,2662050.00,2350600.00,2265510.00,2542680.00,3167250.00,3019420.00,2568190.00,2244380.00,1955500.00,2196180.00,3107300.00,3441410.00
Rice: Total Stock,2016,3198790.00,2942840.00,2674165.00,3359008.00,3689410.00,3235290.00,2733640.00,2103160.00,1775760.00,2286570.00,3302330.00,3338980.00
Rice: Total Stock,2017,2765120.00,2296321.00,2176201.00,2675545.00,3214184.00,2572937.00,2347896.00,2027999.00,1422835.00,1935868.00,2958730.00,2849370.00
Rice: Total Stock,2018,2289649.00,1795783.00,1697374.00,2182668.00,2909456.00,2360984.00,1990822.00,1520764.00,1168028.00,1589893.00,3000445.00,2718483.00
Rice: Total Stock,2019,2550701.00,2141232.00,2221423.00,2629031.85,2947423.99,2598338.80,2625253.80,2133840.00,1842373.00,2279729.00,2962460.00,3098013.00
Rice: Total Stock,2020,2675039.00,2375497.00,2178636.00,2367873.00,2779030.00,2395941.00,2104760.00,1786250.00,1784820.00,2641080.00,3158538.00,2766398.00
Rice: Total Stock,2021,2331995.00,2193099.02,2080100.35,2444308.90,2584897.35,2530823.49,2177681.00,1578312.23,1332356.90,1954720.67,2418429.07,2377846.29
Rice: Total Stock,2022,1859447.81,1609248.25,1632510.00,2506130.00,2279957.29,2090620.07,2034574.68,1633359.30,1450885.19,2081839.99,2649810.00,2534590.00
Rice: Total Stock,2023,1850450.00,1523032.91,1408846.11,1843053.31,1882057.73,1818204.90,1804168.98,1632450.91,1546094.52,2024327.23,1978558.36,1895782.56
Rice: Total Stock,2024,2027180.48,1510976.97,1366188.44,1856160.79,2075770.81,2163673.78,2177878.72,1867641.11,1659232.97,2281614.84,2461441.52,2556602.38
Rice: Total Stock,2025,2200210.01,2006140.99,1611715.32,2341826.70,2358648.99,2239878.09,2790554.75,2321437.85,2072433.22,2354896.32,2554138.42,2707224.79
Rice: Total Stock,2026,2341155.06,2112282.15,1877328.88,2378655.18,2410587.01,..,..,..,..,..,..,..
Rice: Household Stock,1980,968700.00,855000.00,852400.00,825100.00,870900.00,778700.00,647500.00,512400.00,440800.00,564700.00,840000.00,1031700.00
Rice: Household Stock,1981,881100.00,672600.00,675500.00,787600.00,848200.00,702700.00,631500.00,482800.00,480400.00,532500.00,841800.00,983600.00
Rice: Household Stock,1982,858400.00,721900.00,719300.00,841900.00,919800.00,835500.00,639000.00,521200.00,434400.00,629800.00,1004600.00,1068100.00
Rice: Household Stock,1983,955900.00,755700.00,724100.00,820000.00,851000.00,731800.00,586500.00,468300.00,406900.00,417500.00,784400.00,1222700.00
Rice: Household Stock,1984,1094800.00,881400.00,767200.00,950100.00,1105100.00,931400.00,701800.00,571800.00,506700.00,648400.00,809600.00,986800.00
Rice: Household Stock,1985,890400.00,746700.00,684400.00,763200.00,809400.00,759600.00,620200.00,538400.00,479300.00,637000.00,1037700.00,1167800.00
Rice: Household Stock,1986,1019600.00,823600.00,776800.00,917000.00,939300.00,835400.00,682500.00,551400.00,470500.00,563700.00,950700.00,1069500.00
Rice: Household Stock,1987,942000.00,767600.00,686400.00,760000.00,729500.00,712100.00,529400.00,429300.00,349200.00,430100.00,796200.00,951500.00
Rice: Household Stock,1988,895000.00,674800.00,681200.00,924000.00,835800.00,681300.00,546800.00,442900.00,440200.00,687400.00,954500.00,1078100.00
Rice: Household Stock,1989,877200.00,679300.00,650900.00,802600.00,846400.00,670500.00,586400.00,462300.00,466800.00,797500.00,979300.00,1024600.00
Rice: Household Stock,1990,934700.00,793200.00,718900.00,853400.00,881300.00,571600.00,440400.00,458400.00,419200.00,528300.00,895000.00,1068000.00
Rice: Household Stock,1991,774500.00,653000.00,690000.00,996000.00,911300.00,979300.00,683200.00,458400.00,403800.00,521700.00,761700.00,904500.00
Rice: Household Stock,1992,955300.00,704200.00,555000.00,722600.00,607200.00,506500.00,559800.00,386800.00,305800.00,405400.00,794800.00,876600.00
Rice: Household Stock,1993,894600.00,659000.00,544600.00,604800.00,643400.00,544600.00,619400.00,383200.00,346400.00,432800.00,715800.00,873800.00
Rice: Household Stock,1994,894600.00,629900.00,608900.00,829600.00,823200.00,742800.00,730300.00,532200.00,499600.00,706200.00,1114700.00,1217100.00
Rice: Household Stock,1995,1028800.00,803900.00,700300.00,801300.00,837200.00,673300.00,537500.00,437300.00,354500.00,610600.00,1014400.00,1185500.00
Rice: Household Stock,1996,1019900.00,862500.00,745700.00,928800.00,973500.00,788100.00,714500.00,545900.00,501400.00,746800.00,993900.00,1211300.00
Rice: Household Stock,1997,1015800.00,857700.00,780300.00,952900.00,1055100.00,839200.00,683900.00,552800.00,457200.00,582100.00,1148900.00,1304800.00
Rice: Household Stock,1998,1088100.00,898000.00,754800.00,890200.00,856100.00,708700.00,595300.00,492300.00,417000.00,549700.00,853600.00,1005000.00
Rice: Household Stock,1999,955500.00,786300.00,768100.00,939300.00,1046300.00,839900.00,685500.00,603600.00,533800.00,735400.00,1131500.00,1263100.00
Rice: Household Stock,2000,1149700.00,1009500.00,832200.00,954400.00,1059500.00,800300.00,665500.00,551900.00,510600.00,730400.00,1197600.00,1337900.00
Rice: Household Stock,2001,1212600.00,937700.00,845300.00,1088900.00,1076300.00,859900.00,723300.00,586700.00,503900.00,713700.00,1371900.00,1365200.00
Rice: Household Stock,2002,1111700.00,922800.00,829900.00,1050600.00,1135200.00,848300.00,706400.00,545100.00,474300.00,694700.00,1361200.00,1395200.00
Rice: Household Stock,2003,1177400.00,988200.00,868300.00,1033900.00,1185800.00,836200.00,682600.00,558500.00,490700.00,750600.00,1418700.00,1464800.00
Rice: Household Stock,2004,1222300.00,1038400.00,945200.00,1214100.00,1267700.00,951800.00,820400.00,655600.00,519200.00,828400.00,1451300.00,1567900.00
Rice: Household Stock,2005,1364000.00,1172800.00,920500.00,993200.00,1030000.00,842500.00,757200.00,642300.00,576600.00,790000.00,1371400.00,1484500.00
Rice: Household Stock,2006,1322400.00,1127900.00,980600.00,1138600.00,1190900.00,998300.00,845700.00,695900.00,607000.00,752600.00,1405500.00,1586100.00
Rice: Household Stock,2007,1424300.00,1153800.00,993700.00,1131600.00,1184700.00,972500.00,863700.00,690100.00,593500.00,769900.00,1365700.00,1479900.00
Rice: Household Stock,2008,1363000.00,1134200.00,992200.00,1152800.00,1178100.00,976900.00,886500.00,699700.00,690700.00,843200.00,1431500.00,1482500.00
Rice: Household Stock,2009,1278400.00,1096000.00,994100.00,1163400.00,1177400.00,986100.00,904100.00,728100.00,692600.00,822400.00,1349100.00,1364700.00
Rice: Household Stock,2010,1205400.00,1060600.00,898200.00,1069700.00,1106500.00,972700.00,892100.00,670700.00,619000.00,767000.00,1284100.00,1434500.00
Rice: Household Stock,2011,1138700.00,887500.00,857600.00,1010200.00,1237000.00,913700.00,825100.00,638700.00,542900.00,828800.00,1323700.00,1266900.00
Rice: Household Stock,2012,982100.00,845800.00,811700.00,1055900.00,1183500.00,882048.00,762800.00,597700.00,528500.00,933200.00,1439000.00,1322900.00
Rice: Household Stock,2013,1309200.00,891400.00,847500.00,1070000.00,1202700.00,958200.00,811860.00,636500.00,535300.00,905100.00,1447900.00,1437900.00
Rice: Household Stock,2014,1267691.00,1070337.00,947920.00,1187991.00,1326330.00,1081850.00,879582.00,700230.00,596641.00,834113.00,1618678.00,1567645.00
Rice: Household Stock,2015,1326150.00,1049790.00,969700.00,1255790.00,1489850.00,1163370.00,952960.00,733380.00,571300.00,777450.00,1516850.00,1645070.00
Rice: Household Stock,2016,1332970.00,1004640.00,886180.00,1220176.00,1476680.00,1168950.00,980395.00,693590.00,628110.00,990730.00,1677500.00,1678110.00
Rice: Household Stock,2017,1269610.00,1145105.00,1152304.00,1440953.00,1490902.00,1079427.00,994829.00,748337.00,689005.00,1071570.00,1783960.00,1636530.00
Rice: Household Stock,2018,1325510.00,1087823.00,1100501.00,1376056.00,1389951.00,1095314.00,992422.00,746377.00,610196.00,859160.00,1557169.00,1527174.00
Rice: Household Stock,2019,1247580.00,1032420.00,1033643.00,1177607.85,1265467.99,1049051.80,1008664.80,792664.00,673097.00,1052475.00,1526690.00,1607635.00
Rice: Household Stock,2020,1198467.00,1045665.00,981016.00,1243010.00,1519948.00,1256205.00,1073647.00,852459.00,848358.00,1450016.00,1809403.00,1618707.00
Rice: Household Stock,2021,1289511.00,1181681.00,1230125.00,1464978.00,1425103.00,1132455.00,985551.00,751071.00,638163.00,1059684.00,1332368.00,1296967.60
Rice: Household Stock,2022,991556.00,882743.00,864920.00,1372832.00,1240215.85,1049494.08,1064250.41,791550.30,710342.89,1172681.39,1491320.00,1476280.00
Rice: Household Stock,2023,1083610.00,877032.91,811521.17,1015289.61,993969.74,884995.00,758563.57,636406.24,600168.08,917842.92,1017221.98,986776.75
Rice: Household Stock,2024,1000502.23,685199.12,694618.06,938011.79,863765.39,696547.07,706210.58,551898.47,457815.20,898210.85,901206.77,898293.46
Rice: Household Stock,2025,1054600.02,794467.01,784080.77,1174541.59,1158003.14,1001836.78,1022990.30,837944.33,808431.85,952087.39,1149260.99,1029118.44
Rice: Household Stock,2026,1043525.46,899568.63,908721.92,1195714.21,1152685.83,..,..,..,..,..,..,..
Rice: Commercial Stock,1980,190200.00,188700.00,197900.00,178300.00,184400.00,187500.00,185500.00,157200.00,142500.00,126000.00,131700.00,164800.00
Rice: Commercial Stock,1981,193000.00,208800.00,189100.00,208600.00,190500.00,195600.00,207500.00,208800.00,157300.00,155500.00,179200.00,220600.00
Rice: Commercial Stock,1982,234100.00,224700.00,204000.00,231000.00,255400.00,267000.00,279600.00,217800.00,155300.00,144700.00,205600.00,238400.00
Rice: Commercial Stock,1983,248200.00,219500.00,212600.00,208900.00,231400.00,266000.00,217900.00,167300.00,141900.00,105800.00,121600.00,156900.00
Rice: Commercial Stock,1984,205400.00,216700.00,201500.00,185200.00,206500.00,214700.00,184100.00,147500.00,101700.00,114800.00,148000.00,174500.00
Rice: Commercial Stock,1985,177800.00,167200.00,140000.00,159700.00,186100.00,190200.00,181900.00,172700.00,187500.00,186100.00,232200.00,295500.00
Rice: Commercial Stock,1986,268700.00,252400.00,240400.00,257800.00,297200.00,306300.00,274100.00,244700.00,210300.00,187000.00,232900.00,297600.00
Rice: Commercial Stock,1987,438100.00,287200.00,280800.00,309000.00,341300.00,344800.00,335100.00,275600.00,231700.00,243300.00,303400.00,317300.00
Rice: Commercial Stock,1988,308900.00,356000.00,393500.00,497800.00,480500.00,554200.00,363600.00,261500.00,229500.00,248600.00,281400.00,337400.00
Rice: Commercial Stock,1989,343000.00,356500.00,330400.00,347900.00,411900.00,421000.00,389300.00,313500.00,328300.00,307500.00,351800.00,372800.00
Rice: Commercial Stock,1990,599400.00,565900.00,640800.00,445400.00,502400.00,629200.00,593000.00,501400.00,446300.00,394300.00,519000.00,741100.00
Rice: Commercial Stock,1991,655600.00,639800.00,564000.00,582800.00,646700.00,627900.00,603400.00,560800.00,410400.00,403100.00,491300.00,515700.00
Rice: Commercial Stock,1992,535300.00,448300.00,453300.00,435600.00,465600.00,494300.00,432900.00,395200.00,365400.00,291500.00,350000.00,422700.00
Rice: Commercial Stock,1993,449000.00,415700.00,336300.00,412800.00,488900.00,476400.00,460400.00,393300.00,314400.00,290400.00,352000.00,472400.00
Rice: Commercial Stock,1994,418400.00,405400.00,371300.00,424100.00,482100.00,513800.00,431100.00,373900.00,317100.00,320700.00,427100.00,438800.00
Rice: Commercial Stock,1995,416400.00,406400.00,373500.00,411500.00,447600.00,494200.00,375700.00,241900.00,126800.00,171800.00,285000.00,330700.00
Rice: Commercial Stock,1996,325100.00,306000.00,272200.00,288300.00,379700.00,393800.00,362400.00,327000.00,312700.00,322600.00,427900.00,470200.00
Rice: Commercial Stock,1997,465600.00,417600.00,390900.00,374800.00,421700.00,439200.00,394800.00,348400.00,292300.00,324600.00,464900.00,528700.00
Rice: Commercial Stock,1998,448200.00,397400.00,408100.00,521000.00,534400.00,524100.00,419800.00,334300.00,325800.00,305400.00,358900.00,500400.00
Rice: Commercial Stock,1999,414500.00,389700.00,303900.00,359200.00,503500.00,488100.00,461500.00,511500.00,401900.00,436800.00,488900.00,540000.00
Rice: Commercial Stock,2000,488200.00,420600.00,381000.00,441200.00,509600.00,485500.00,456800.00,360000.00,326400.00,410800.00,410300.00,471900.00
Rice: Commercial Stock,2001,492400.00,487100.00,485600.00,502700.00,610100.00,631000.00,498100.00,408700.00,424100.00,440300.00,524700.00,524500.00
Rice: Commercial Stock,2002,473500.00,429100.00,404800.00,431400.00,482100.00,479900.00,386000.00,336900.00,295800.00,326900.00,488800.00,459900.00
Rice: Commercial Stock,2003,552500.00,497500.00,461400.00,494200.00,562000.00,526500.00,467600.00,394200.00,334800.00,403300.00,519200.00,533600.00
Rice: Commercial Stock,2004,515500.00,480800.00,391500.00,467400.00,551300.00,469100.00,406700.00,323000.00,266400.00,364200.00,492100.00,512200.00
Rice: Commercial Stock,2005,438700.00,404100.00,294200.00,381600.00,458500.00,434300.00,348200.00,310800.00,255700.00,317800.00,413600.00,482700.00
Rice: Commercial Stock,2006,433500.00,392100.00,358000.00,470200.00,482100.00,478800.00,419600.00,367800.00,319500.00,355300.00,424000.00,447400.00
Rice: Commercial Stock,2007,373600.00,330800.00,320800.00,345600.00,452600.00,402600.00,372600.00,275200.00,233600.00,331500.00,377300.00,456900.00
Rice: Commercial Stock,2008,457400.00,432200.00,410800.00,341000.00,499500.00,456900.00,390100.00,347800.00,360200.00,400500.00,539400.00,514300.00
Rice: Commercial Stock,2009,425100.00,370200.00,357500.00,386600.00,443600.00,446900.00,418600.00,361900.00,386700.00,416500.00,464700.00,461700.00
Rice: Commercial Stock,2010,442600.00,393900.00,384400.00,422400.00,459400.00,459000.00,424000.00,479600.00,380900.00,483500.00,693100.00,698900.00
Rice: Commercial Stock,2011,551200.00,543300.00,455200.00,616200.00,699200.00,736500.00,687300.00,596700.00,483800.00,644600.00,713100.00,711300.00
Rice: Commercial Stock,2012,604200.00,606600.00,422800.00,530800.00,799600.00,750393.00,561917.00,487300.00,391900.00,559600.00,782800.00,690600.00
Rice: Commercial Stock,2013,621700.00,556200.00,511800.00,673300.00,799900.00,716400.00,684790.00,584600.00,498610.00,477200.00,636900.00,755000.00
Rice: Commercial Stock,2014,582962.00,474170.00,376481.00,475365.00,727350.00,817464.00,689218.00,579479.00,439271.00,521988.00,902820.00,977855.00
Rice: Commercial Stock,2015,811850.00,769860.00,744950.00,801490.00,1066180.00,1108650.00,840760.00,716630.00,581600.00,666050.00,882140.00,975690.00
Rice: Commercial Stock,2016,965370.00,942380.00,706410.00,1005550.00,1042450.00,994660.00,838810.00,621590.00,522450.00,787910.00,1078840.00,1096690.00
Rice: Commercial Stock,2017,948050.00,685960.00,626928.00,907357.00,1453098.00,1288278.00,1198104.00,1170970.00,668290.00,704949.00,982910.00,1056220.00
Rice: Commercial Stock,2018,857280.00,646560.00,553345.00,794377.00,1516028.00,1263594.00,945100.00,673234.00,446730.00,602301.00,1338841.00,1089173.00
Rice: Commercial Stock,2019,1205210.00,811196.00,695840.00,875239.00,1123813.00,998229.00,1099672.00,880146.00,759744.00,832544.00,981693.00,1009720.00
Rice: Commercial Stock,2020,951634.00,841150.00,715810.00,709550.00,940890.00,891403.00,808547.00,729946.00,744000.00,951180.00,963516.00,794714.00
Rice: Commercial Stock,2021,689961.00,708936.02,584655.88,738160.00,918668.35,1173281.49,986310.00,648399.23,543023.90,728694.67,841738.07,831165.69
Rice: Commercial Stock,2022,659563.81,545273.25,611330.00,997408.49,880938.44,865640.00,809827.27,707200.00,628160.30,798116.60,1038010.00,933010.00
Rice: Commercial Stock,2023,651930.00,541210.00,494252.94,728730.70,787970.99,848107.90,984761.41,945096.67,902290.44,1080905.36,901106.38,851875.81
Rice: Commercial Stock,2024,978002.26,778887.55,630285.38,876590.00,1142655.42,1328853.71,1324469.14,1165003.64,1050261.77,1210759.99,1418557.09,1514261.25
Rice: Commercial Stock,2025,860797.99,922495.98,527777.55,820838.11,803439.85,814385.31,1343908.45,1030751.52,815346.38,954908.93,944142.43,1221968.35
Rice: Commercial Stock,2026,858877.00,791200.85,564220.75,826333.97,916555.18,..,..,..,..,..,..,..
Rice: NFA Stock,1980,726400.00,775300.00,765300.00,750000.00,757600.00,759000.00,742200.00,689500.00,614300.00,509100.00,496900.00,526200.00
Rice: NFA Stock,1981,572400.00,571400.00,562500.00,547700.00,535100.00,530000.00,491600.00,411600.00,400100.00,362800.00,369500.00,452900.00
Rice: NFA Stock,1982,518700.00,569300.00,570900.00,576400.00,583400.00,596400.00,601100.00,586100.00,560100.00,524600.00,527400.00,569900.00
Rice: NFA Stock,1983,662300.00,737700.00,770200.00,797000.00,789900.00,756300.00,673600.00,536600.00,364100.00,240600.00,157300.00,164100.00
Rice: NFA Stock,1984,191100.00,205800.00,202200.00,182700.00,170600.00,123100.00,104200.00,129200.00,84000.00,32100.00,46900.00,53100.00
Rice: NFA Stock,1985,76100.00,90600.00,94600.00,120100.00,117600.00,159500.00,197400.00,192400.00,197700.00,222700.00,327600.00,390200.00
Rice: NFA Stock,1986,466200.00,517800.00,524700.00,524800.00,534500.00,559400.00,584600.00,586800.00,571100.00,554300.00,554900.00,579100.00
Rice: NFA Stock,1987,637000.00,669600.00,668900.00,672900.00,657300.00,612400.00,552700.00,430700.00,342100.00,254300.00,266400.00,348300.00
Rice: NFA Stock,1988,371100.00,351600.00,344200.00,356200.00,353500.00,343200.00,320400.00,354400.00,342600.00,312200.00,312100.00,308400.00
Rice: NFA Stock,1989,297400.00,256300.00,205300.00,169800.00,136000.00,101200.00,104000.00,114000.00,125700.00,108200.00,84300.00,119600.00
Rice: NFA Stock,1990,155400.00,208900.00,200800.00,186400.00,229200.00,285600.00,333200.00,323600.00,314500.00,285600.00,315600.00,423800.00
Rice: NFA Stock,1991,469200.00,446200.00,438800.00,432900.00,446400.00,518200.00,534600.00,540900.00,530000.00,520400.00,523100.00,549800.00
Rice: NFA Stock,1992,629800.00,657200.00,684900.00,690600.00,699500.00,677300.00,634500.00,491300.00,386200.00,251600.00,211700.00,250700.00
Rice: NFA Stock,1993,329500.00,329900.00,330700.00,324100.00,319100.00,311300.00,289100.00,251600.00,207500.00,169600.00,182200.00,144200.00
Rice: NFA Stock,1994,131300.00,121700.00,112400.00,108700.00,102900.00,97000.00,96600.00,83800.00,72200.00,50000.00,38800.00,50600.00
Rice: NFA Stock,1995,52600.00,50500.00,46300.00,40200.00,36700.00,32900.00,27500.00,24400.00,43100.00,30900.00,65700.00,61800.00
Rice: NFA Stock,1996,77300.00,140600.00,178800.00,305400.00,443600.00,544800.00,525900.00,396300.00,318100.00,257700.00,286400.00,287100.00
Rice: NFA Stock,1997,311600.00,245500.00,240800.00,301700.00,485200.00,613400.00,740700.00,699000.00,603100.00,503600.00,446100.00,444600.00
Rice: NFA Stock,1998,443100.00,575700.00,685200.00,810500.00,880100.00,886700.00,929800.00,897200.00,911400.00,855600.00,859400.00,908200.00
Rice: NFA Stock,1999,909300.00,968600.00,1088700.00,1121300.00,1161100.00,1246100.00,1234100.00,1106100.00,950400.00,860700.00,820500.00,806900.00
Rice: NFA Stock,2000,726600.00,612200.00,552500.00,479300.00,497900.00,550100.00,506300.00,461900.00,358000.00,343900.00,402900.00,467800.00
Rice: NFA Stock,2001,461100.00,454600.00,506900.00,519100.00,576900.00,757100.00,813500.00,855900.00,791300.00,718600.00,697800.00,708300.00
Rice: NFA Stock,2002,685500.00,623300.00,573500.00,515200.00,495900.00,460700.00,442300.00,431400.00,423000.00,486600.00,725000.00,820900.00
Rice: NFA Stock,2003,718200.00,803800.00,738800.00,682200.00,643000.00,734900.00,655900.00,613800.00,574100.00,588500.00,587100.00,608600.00
Rice: NFA Stock,2004,624300.00,548800.00,521000.00,465900.00,519700.00,459200.00,350300.00,362200.00,403500.00,366900.00,346400.00,324400.00
Rice: NFA Stock,2005,248200.00,200500.00,240900.00,369900.00,510700.00,602500.00,532800.00,504000.00,475700.00,484900.00,470300.00,439000.00
Rice: NFA Stock,2006,338400.00,365900.00,381300.00,584100.00,749500.00,740200.00,694800.00,690500.00,723000.00,717400.00,605700.00,546900.00
Rice: NFA Stock,2007,455200.00,356700.00,274100.00,177300.00,256200.00,254000.00,292800.00,389300.00,308700.00,273700.00,295300.00,354700.00
Rice: NFA Stock,2008,351900.00,268500.00,285700.00,397600.00,587800.00,775700.00,908600.00,854600.00,872200.00,933400.00,966900.00,957300.00
Rice: NFA Stock,2009,935100.00,812800.00,816100.00,928600.00,1062900.00,1250400.00,1453600.00,1290700.00,1242900.00,1246400.00,1144800.00,1070900.00
Rice: NFA Stock,2010,981100.00,1008800.00,969300.00,1281300.00,1756100.00,1926000.00,2037400.00,2033900.00,2034100.00,1900600.00,1817400.00,1774600.00
Rice: NFA Stock,2011,1734400.00,1618800.00,1540200.00,1454200.00,1460300.00,1443400.00,1509400.00,1485000.00,1388500.00,1265800.00,1180000.00,1119300.00
Rice: NFA Stock,2012,1041100.00,879000.00,778100.00,1051100.00,690200.00,654867.00,590388.00,531600.00,521500.00,506200.00,562800.00,599700.00
Rice: NFA Stock,2013,593300.00,576000.00,579300.00,584300.00,611800.00,638900.00,697400.00,638400.00,496400.00,389000.00,353900.00,300000.00
Rice: NFA Stock,2014,274844.00,459310.00,460380.00,519125.00,466494.00,406850.00,456207.00,442075.00,452806.00,449211.00,431245.00,486031.00
Rice: NFA Stock,2015,524050.00,530950.00,550860.00,485400.00,611210.00,747410.00,774470.00,794370.00,802600.00,752680.00,708310.00,820650.00
Rice: NFA Stock,2016,900450.00,995820.00,1081570.00,1133280.00,1170280.00,1071680.00,913520.00,787970.00,625210.00,507930.00,545990.00,564180.00
Rice: NFA Stock,2017,547460.00,465255.00,396969.00,327235.00,270184.00,205232.00,154963.00,108692.00,65540.00,159349.00,191860.00,156620.00
Rice: NFA Stock,2018,106859.00,61400.00,43528.00,12235.00,3477.00,2076.00,53300.00,101153.00,111102.00,128432.00,104435.00,102136.00
Rice: NFA Stock,2019,97911.00,297616.00,491940.00,576185.00,558143.00,551058.00,516917.00,461030.00,409532.00,394710.00,454077.00,480658.00
Rice: NFA Stock,2020,524938.00,488682.00,481810.00,415313.00,318196.00,248333.00,222566.00,203845.00,192465.00,239886.00,385619.00,352977.00
Rice: NFA Stock,2021,352523.00,302482.00,265320.00,241170.90,241126.00,225087.00,205820.00,178842.00,151170.00,166342.00,244323.00,249713.00
Rice: NFA Stock,2022,208328.00,181232.00,155870.00,135872.00,158803.00,175486.00,160497.00,134609.00,112382.00,111042.00,120480.00,125300.00
Rice: NFA Stock,2023,114910.00,104790.00,103072.00,99033.00,100117.00,85102.00,60844.00,50948.00,43636.00,44240.00,60230.00,57130.00
Rice: NFA Stock,2024,48676.00,46890.30,41285.00,41559.00,69350.00,138273.00,147199.00,150739.00,151156.00,172644.00,141677.67,144047.67
Rice: NFA Stock,2025,284812.00,289178.00,299857.00,346447.00,397206.00,423656.00,423656.00,452742.00,448655.00,447900.00,460735.00,456138.00
Rice: NFA Stock,2026,438752.60,421512.67,404386.21,356607.00,341346.00,..,..,..,..,..,..,..
Corn: Total Stock,1980,258000.00,258000.00,221700.00,225000.00,187400.00,162600.00,148300.00,172400.00,269300.00,265700.00,261100.00,231900.00
Corn: Total Stock,1981,218600.00,199500.00,191800.00,230800.00,202900.00,163300.00,175200.00,226800.00,342600.00,339500.00,301200.00,291500.00
Corn: Total Stock,1982,235500.00,244900.00,203200.00,219100.00,248100.00,177300.00,172400.00,287400.00,344800.00,346000.00,291900.00,298400.00
Corn: Total Stock,1983,263900.00,240900.00,195500.00,196700.00,160400.00,143000.00,103600.00,142700.00,167800.00,345900.00,331600.00,357400.00
Corn: Total Stock,1984,319100.00,309400.00,250700.00,211100.00,170300.00,136200.00,180800.00,206800.00,301500.00,252500.00,263100.00,207400.00
Corn: Total Stock,1985,181500.00,166600.00,137000.00,181900.00,156200.00,210300.00,251100.00,402200.00,550600.00,467000.00,412200.00,423100.00
Corn: Total Stock,1986,431100.00,329900.00,314100.00,307800.00,269300.00,247700.00,234300.00,393300.00,413000.00,345900.00,302600.00,254600.00
Corn: Total Stock,1987,241100.00,229400.00,194300.00,217600.00,145800.00,110800.00,92600.00,127500.00,243400.00,331800.00,262800.00,235500.00
Corn: Total Stock,1988,229900.00,230600.00,246600.00,316100.00,277800.00,154800.00,194400.00,304700.00,419200.00,388800.00,378400.00,291100.00
Corn: Total Stock,1989,293100.00,258200.00,247000.00,272600.00,170600.00,126700.00,137800.00,204900.00,316500.00,223700.00,126900.00,147900.00
Corn: Total Stock,1990,138200.00,214000.00,195600.00,132000.00,132400.00,146200.00,151500.00,215100.00,384600.00,603500.00,594300.00,615600.00
Corn: Total Stock,1991,601400.00,543500.00,625200.00,795500.00,746800.00,750200.00,642200.00,641400.00,537700.00,670900.00,573600.00,492500.00
Corn: Total Stock,1992,459300.00,395500.00,380600.00,417600.00,381700.00,201200.00,138600.00,191500.00,387500.00,418400.00,249400.00,191500.00
Corn: Total Stock,1993,237000.00,213500.00,255600.00,309800.00,241600.00,172100.00,219400.00,287800.00,310100.00,263500.00,321500.00,268300.00
Corn: Total Stock,1994,204400.00,193000.00,185700.00,199100.00,220700.00,182700.00,172876.00,256470.00,401400.00,349600.00,241000.00,213800.00
Corn: Total Stock,1995,216600.00,226490.00,262400.00,240100.00,206700.00,179600.00,184600.00,182400.00,414500.00,453200.00,273000.00,221700.00
Corn: Total Stock,1996,189500.00,201900.00,283900.00,250100.00,250200.00,291400.00,169800.00,279700.00,455500.00,425500.00,335700.00,284200.00
Corn: Total Stock,1997,260400.00,274900.00,234800.00,193300.00,153800.00,191307.00,146900.00,230609.00,281300.00,405700.00,320000.00,329400.00
Corn: Total Stock,1998,322700.00,339200.00,310200.00,336400.00,270600.00,209900.00,135416.00,157300.00,368100.00,580100.00,512500.00,484200.00
Corn: Total Stock,1999,470700.00,481900.00,456500.00,510600.00,407600.00,358900.00,321600.00,347000.00,470500.00,414300.00,283900.00,307100.00
Corn: Total Stock,2000,237900.00,209300.00,173100.00,246700.00,157400.00,158000.00,193500.00,227700.00,294900.00,276900.00,177800.00,174100.00
Corn: Total Stock,2001,189700.00,183000.00,180000.00,190100.00,155400.00,145800.00,231700.00,160900.00,315400.00,260400.00,163600.00,178200.00
Corn: Total Stock,2002,177400.00,157600.00,181200.00,176900.00,239400.00,144900.00,134200.00,149900.00,241000.00,340500.00,200300.00,212100.00
Corn: Total Stock,2003,232300.00,230900.00,253500.00,238600.00,230000.00,183700.00,167600.00,164500.00,307800.00,323400.00,248800.00,222600.00
Corn: Total Stock,2004,211400.00,206300.00,233600.00,223700.00,210400.00,216800.00,190800.00,220000.00,334300.00,424900.00,263800.00,253700.00
Corn: Total Stock,2005,191643.00,225680.20,272873.00,270347.67,225059.86,182128.56,236795.00,303477.00,366706.07,433600.00,287647.60,227777.33
Corn: Total Stock,2006,204685.20,184911.75,254723.97,263668.00,183255.20,146022.87,121316.17,124909.35,254635.00,376600.00,205520.14,181461.84
Corn: Total Stock,2007,177000.00,184172.21,242205.65,245640.83,203614.59,132946.65,96165.80,114937.51,308860.55,330400.00,240711.13,231587.00
Corn: Total Stock,2008,177135.35,187027.00,181817.00,260274.59,330181.21,228384.00,191636.00,171642.00,343151.00,345200.00,205830.00,208675.00
Corn: Total Stock,2009,197600.00,163400.00,139200.00,225900.00,232000.00,183800.00,218400.00,227100.00,390800.00,362800.00,294500.00,272800.00
Corn: Total Stock,2010,254400.00,249900.00,243600.00,240000.00,195000.00,149500.00,109100.00,126500.00,290000.00,354000.00,253800.00,178500.00
Corn: Total Stock,2011,152500.00,155100.00,145300.00,214400.00,206200.00,234500.00,221300.00,157000.00,279600.00,265200.00,200900.00,177100.00
Corn: Total Stock,2012,166100.00,129770.00,146400.00,214210.00,204700.00,182401.00,139364.00,140600.00,205490.00,217140.00,197260.00,204730.00
Corn: Total Stock,2013,161280.00,150470.00,188190.00,299100.00,230800.00,139500.00,123180.00,141800.00,267390.00,217400.00,183100.00,189400.00
Corn: Total Stock,2014,168801.00,215941.00,267800.00,368678.00,268079.00,188520.00,161751.00,256259.00,280000.00,408272.00,239528.00,216012.00
Corn: Total Stock,2015,183960.00,252770.00,186550.00,340170.00,223330.00,207210.00,275400.00,313330.00,329000.00,420740.00,298160.00,265200.00
Corn: Total Stock,2016,386960.00,311665.00,302350.00,365110.00,517240.00,327460.00,215920.00,336480.00,380570.00,543850.00,604790.00,369980.00
Corn: Total Stock,2017,382130.00,439571.00,1078290.00,1146762.00,1556544.00,978864.00,683624.00,696462.00,1422210.00,1368856.00,603290.00,536560.00
Corn: Total Stock,2018,951597.00,410331.00,278335.00,369341.00,338309.00,592006.00,480856.00,1221914.00,531071.00,566825.00,639516.00,629912.00
Corn: Total Stock,2019,676134.00,781520.00,397120.00,613997.96,829109.03,859765.00,822701.00,724081.00,768658.00,1095916.00,1198498.00,794866.00
Corn: Total Stock,2020,812001.00,654526.00,793281.00,736071.00,839450.00,905521.00,741655.00,732177.00,797370.00,985540.00,1021950.00,960954.00
Corn: Total Stock,2021,914067.00,599690.00,461214.00,713676.00,826678.98,962068.47,924246.00,707653.11,560606.85,513934.39,554676.38,562840.55
Corn: Total Stock,2022,507145.50,472566.43,448311.35,777374.11,779794.00,873478.38,746916.04,704462.18,561696.13,754705.73,603670.63,454030.29
Corn: Total Stock,2023,409494.11,366400.03,352035.24,496735.68,668704.27,886462.42,823764.09,806681.95,802569.60,974798.81,779459.18,685891.83
Corn: Total Stock,2024,597618.67,491774.96,546900.00,602141.30,710717.82,750761.22,670402.28,666475.20,625116.33,728233.73,619157.39,548310.91
Corn: Total Stock,2025,372413.92,451185.84,368514.00,653351.93,671104.49,651959.20,624397.21,590723.37,555403.19,846809.70,790164.03,676293.63
Corn: Total Stock,2026,516990.62,573035.14,465858.55,794085.46,832810.13,..,..,..,..,..,..,..
Corn: Household Stock,1980,100900.00,99900.00,103200.00,116000.00,91700.00,75400.00,67300.00,90200.00,176400.00,139300.00,133200.00,122300.00
Corn: Household Stock,1981,107300.00,95300.00,87600.00,102900.00,95400.00,63400.00,67800.00,123800.00,206600.00,196400.00,149700.00,131600.00
Corn: Household Stock,1982,123300.00,109100.00,100600.00,110800.00,109400.00,87300.00,78500.00,181000.00,198400.00,178500.00,131700.00,137200.00
Corn: Household Stock,1983,91100.00,87800.00,65800.00,68800.00,63200.00,37900.00,28200.00,32100.00,70400.00,198500.00,138000.00,105000.00
Corn: Household Stock,1984,72000.00,80900.00,69200.00,66400.00,60300.00,41500.00,35700.00,63800.00,116800.00,88100.00,117600.00,105300.00
Corn: Household Stock,1985,104000.00,96800.00,87200.00,103800.00,75700.00,93500.00,95600.00,213900.00,305700.00,203600.00,141800.00,144700.00
Corn: Household Stock,1986,162500.00,105600.00,127800.00,127700.00,109300.00,80000.00,91400.00,200400.00,218300.00,154000.00,91400.00,97000.00
Corn: Household Stock,1987,78900.00,91700.00,72600.00,81900.00,57100.00,35400.00,34400.00,54400.00,139300.00,212000.00,151200.00,116500.00
Corn: Household Stock,1988,99100.00,106400.00,104300.00,124700.00,95700.00,50500.00,67400.00,177100.00,210600.00,138800.00,127300.00,68000.00
Corn: Household Stock,1989,68800.00,105700.00,127800.00,124100.00,99800.00,60900.00,79100.00,120500.00,231600.00,142900.00,74400.00,86600.00
Corn: Household Stock,1990,80100.00,123900.00,95200.00,46300.00,50600.00,52200.00,41500.00,95200.00,223900.00,331400.00,233200.00,246300.00
Corn: Household Stock,1991,186500.00,134600.00,128800.00,200100.00,121700.00,149200.00,51600.00,90300.00,139100.00,207200.00,105000.00,72800.00
Corn: Household Stock,1992,97800.00,71000.00,68400.00,96400.00,40500.00,31100.00,27400.00,66000.00,237200.00,286200.00,127300.00,74500.00
Corn: Household Stock,1993,109500.00,106200.00,86800.00,127400.00,86400.00,43100.00,76300.00,153000.00,188800.00,139300.00,150200.00,127800.00
Corn: Household Stock,1994,103500.00,79800.00,88000.00,84700.00,126300.00,85000.00,73100.00,156600.00,281500.00,212400.00,109800.00,113600.00
Corn: Household Stock,1995,105700.00,121400.00,132400.00,108900.00,95800.00,51900.00,63600.00,90100.00,309900.00,309600.00,158400.00,102400.00
Corn: Household Stock,1996,96900.00,99400.00,179900.00,126700.00,114600.00,91400.00,64500.00,152400.00,255100.00,209800.00,144500.00,136000.00
Corn: Household Stock,1997,124600.00,141400.00,122300.00,91300.00,79500.00,83600.00,62200.00,142900.00,174300.00,269200.00,164500.00,160200.00
Corn: Household Stock,1998,125700.00,162300.00,123000.00,98600.00,81900.00,43300.00,41700.00,62900.00,244800.00,362600.00,233700.00,191700.00
Corn: Household Stock,1999,158800.00,132300.00,138100.00,181300.00,112600.00,97500.00,72000.00,130000.00,258900.00,202300.00,122400.00,106500.00
Corn: Household Stock,2000,102300.00,96200.00,108600.00,114000.00,80800.00,70900.00,100200.00,123000.00,195900.00,145800.00,105400.00,101100.00
Corn: Household Stock,2001,111500.00,113700.00,106900.00,109300.00,75200.00,53700.00,100800.00,84300.00,224900.00,164800.00,85900.00,94500.00
Corn: Household Stock,2002,72300.00,73600.00,102100.00,98700.00,98800.00,58400.00,64100.00,67300.00,146800.00,245200.00,106200.00,105300.00
Corn: Household Stock,2003,89200.00,100500.00,116300.00,123800.00,90500.00,70000.00,65100.00,76100.00,194700.00,207700.00,130300.00,116900.00
Corn: Household Stock,2004,108200.00,122300.00,165700.00,135800.00,98800.00,72500.00,78400.00,84100.00,232300.00,324000.00,136900.00,111900.00
Corn: Household Stock,2005,107893.00,104908.00,133835.00,139605.00,106332.00,62067.00,58723.00,85960.00,169725.00,259800.00,137803.00,107087.00
Corn: Household Stock,2006,107776.00,96200.00,162529.00,153131.00,122034.00,90638.00,57204.00,67293.00,196390.00,308400.00,126131.00,94357.00
Corn: Household Stock,2007,104900.00,100798.00,119482.00,183423.00,116856.00,58327.00,52400.00,78400.00,237427.00,226080.00,128126.00,118683.00
Corn: Household Stock,2008,89081.00,102774.00,106432.00,141979.00,104023.00,52245.00,58286.00,69809.00,224568.00,192300.00,87660.00,100207.00
Corn: Household Stock,2009,79500.00,89800.00,64300.00,106700.00,78700.00,44600.00,79400.00,71800.00,155400.00,175100.00,82400.00,76500.00
Corn: Household Stock,2010,64300.00,67500.00,67900.00,77500.00,44600.00,33000.00,37200.00,50400.00,192100.00,237600.00,132600.00,91700.00
Corn: Household Stock,2011,75300.00,82500.00,77600.00,130000.00,74000.00,47700.00,45400.00,47400.00,176900.00,146200.00,75000.00,57000.00
Corn: Household Stock,2012,61700.00,58200.00,74200.00,114200.00,64200.00,46288.00,54500.00,57400.00,134400.00,125400.00,67000.00,65600.00
Corn: Household Stock,2013,61300.00,62100.00,103000.00,119900.00,50500.00,40600.00,42500.00,51700.00,167100.00,122900.00,78500.00,82000.00
Corn: Household Stock,2014,65146.00,131133.00,125882.00,163679.00,87430.00,53583.00,53963.00,73738.00,138286.00,282558.00,108960.00,92076.00
Corn: Household Stock,2015,84960.00,83630.00,94690.00,180080.00,71630.00,44450.00,51930.00,52520.00,139400.00,182420.00,107480.00,96890.00
Corn: Household Stock,2016,103810.00,79680.00,97020.00,113910.00,70130.00,53590.00,47540.00,58620.00,144440.00,294660.00,182330.00,150520.00
Corn: Household Stock,2017,175060.00,152100.00,124673.00,130393.00,102892.00,91806.00,64813.00,83477.00,156210.00,174600.00,113950.00,88750.00
Corn: Household Stock,2018,74987.00,74119.00,72303.00,113819.00,58550.00,46619.00,60256.00,70206.00,133797.00,151468.00,154178.00,96099.00
Corn: Household Stock,2019,115611.00,145903.00,112329.00,144632.96,101075.03,80023.00,61179.00,93301.00,213414.00,305230.00,222527.00,182281.00
Corn: Household Stock,2020,209926.00,153103.00,202770.00,170750.00,157178.00,95996.00,76923.00,96517.00,305220.00,420306.00,346433.00,351992.00
Corn: Household Stock,2021,289033.00,224290.00,201214.00,258166.00,285016.00,139188.00,98496.00,108126.00,187361.00,213162.00,133360.00,109285.40
Corn: Household Stock,2022,73956.00,94169.00,118167.00,179887.00,107307.00,72418.84,76682.18,85412.18,95745.73,210035.73,107572.92,78907.12
Corn: Household Stock,2023,78845.46,75117.88,95948.93,102881.19,83724.06,94504.00,58597.86,61397.19,63453.25,125607.14,92050.72,117883.58
Corn: Household Stock,2024,57068.67,51420.79,53350.00,91802.72,57140.95,48218.03,37262.51,36250.89,33133.03,142447.23,78509.90,66252.32
Corn: Household Stock,2025,55504.73,46317.08,52893.63,125462.17,104088.16,63067.12,81207.47,78550.48,52655.28,185546.43,127588.20,93252.45
Corn: Household Stock,2026,83842.05,74490.74,69316.40,150931.16,156104.17,..,..,..,..,..,..,..
Corn: Commercial Stock,1980,85900.00,87300.00,78000.00,77800.00,75500.00,66100.00,70100.00,74000.00,81600.00,97200.00,81600.00,77500.00
Corn: Commercial Stock,1981,67700.00,75300.00,76200.00,88300.00,67800.00,65100.00,68100.00,74500.00,103100.00,94000.00,88700.00,96100.00
Corn: Commercial Stock,1982,38600.00,69700.00,40700.00,45500.00,74500.00,22300.00,23500.00,37700.00,50200.00,51900.00,44600.00,49900.00
Corn: Commercial Stock,1983,61000.00,50600.00,46500.00,44500.00,42200.00,26100.00,22100.00,16300.00,48400.00,58700.00,65200.00,70900.00
Corn: Commercial Stock,1984,71400.00,62400.00,54300.00,44200.00,44400.00,40000.00,35100.00,34200.00,45500.00,32700.00,32800.00,36700.00
Corn: Commercial Stock,1985,31700.00,33100.00,22400.00,32600.00,32500.00,30700.00,39200.00,70600.00,114900.00,96800.00,88800.00,92000.00
Corn: Commercial Stock,1986,79400.00,62200.00,65200.00,79900.00,71500.00,81700.00,59900.00,110800.00,109000.00,95700.00,117000.00,68300.00
Corn: Commercial Stock,1987,85200.00,78600.00,72600.00,88800.00,59200.00,57800.00,47800.00,54100.00,89200.00,95700.00,87900.00,89700.00
Corn: Commercial Stock,1988,103500.00,105600.00,98900.00,165300.00,159400.00,84300.00,95200.00,90900.00,120900.00,125100.00,121500.00,96500.00
Corn: Commercial Stock,1989,115400.00,93300.00,89300.00,129400.00,64400.00,62300.00,56900.00,82900.00,83600.00,79500.00,51200.00,60000.00
Corn: Commercial Stock,1990,57400.00,63400.00,56500.00,63800.00,67400.00,85200.00,104300.00,112100.00,110400.00,131200.00,149000.00,136000.00
Corn: Commercial Stock,1991,162300.00,148000.00,168600.00,238800.00,258800.00,255400.00,258400.00,252100.00,120000.00,168600.00,183100.00,153300.00
Corn: Commercial Stock,1992,152600.00,155300.00,177000.00,225600.00,274400.00,157500.00,104000.00,122800.00,149300.00,126200.00,117500.00,112100.00
Corn: Commercial Stock,1993,119500.00,105400.00,168300.00,182400.00,153700.00,129000.00,142100.00,133200.00,120000.00,116800.00,163200.00,135100.00
Corn: Commercial Stock,1994,95900.00,106200.00,92900.00,108100.00,89500.00,94700.00,98800.00,98900.00,115800.00,129700.00,125900.00,95300.00
Corn: Commercial Stock,1995,109500.00,104300.00,129300.00,131200.00,110900.00,127700.00,121000.00,90900.00,101600.00,143400.00,114600.00,119300.00
Corn: Commercial Stock,1996,92600.00,102500.00,104000.00,119300.00,131300.00,197100.00,103100.00,123800.00,194600.00,207400.00,181100.00,134200.00
Corn: Commercial Stock,1997,120000.00,121800.00,108900.00,99500.00,72900.00,107000.00,81500.00,87000.00,103000.00,127300.00,136400.00,141900.00
Corn: Commercial Stock,1998,156900.00,131900.00,134400.00,181000.00,156200.00,158800.00,93400.00,92300.00,119100.00,162000.00,188100.00,150200.00
Corn: Commercial Stock,1999,159300.00,180600.00,171900.00,181100.00,162100.00,172800.00,155700.00,137300.00,138400.00,133300.00,108600.00,167400.00
Corn: Commercial Stock,2000,128900.00,112900.00,63900.00,132700.00,74400.00,86000.00,92300.00,102000.00,91200.00,122200.00,63800.00,68500.00
Corn: Commercial Stock,2001,77200.00,68700.00,73100.00,80800.00,80200.00,92100.00,130900.00,76600.00,90500.00,95600.00,77700.00,83700.00
Corn: Commercial Stock,2002,105100.00,84000.00,79100.00,78200.00,140600.00,86500.00,70100.00,82600.00,94200.00,95300.00,94100.00,106800.00
Corn: Commercial Stock,2003,143100.00,130400.00,137200.00,114800.00,139500.00,113700.00,102500.00,88400.00,113100.00,115700.00,118500.00,105700.00
Corn: Commercial Stock,2004,103200.00,84000.00,67900.00,87900.00,111600.00,144300.00,112400.00,135900.00,102000.00,100900.00,126900.00,141800.00
Corn: Commercial Stock,2005,83750.00,120701.20,138245.00,129218.67,117314.86,119156.56,177958.00,217488.00,196869.07,173300.00,148437.60,119437.33
Corn: Commercial Stock,2006,95434.20,87441.75,91098.97,110532.00,61216.20,55381.87,64109.17,57613.35,58245.00,68200.00,79269.14,86920.84
Corn: Commercial Stock,2007,72000.00,83341.21,122690.65,62184.83,86752.59,74613.65,43764.80,36536.50,71432.55,104300.00,112584.13,112903.00
Corn: Commercial Stock,2008,88053.35,84253.00,75385.00,118295.59,225597.21,175415.00,132626.00,101109.00,117859.00,152210.00,116841.00,107155.00
Corn: Commercial Stock,2009,118100.00,73600.00,74900.00,119200.00,153300.00,139200.00,128800.00,124200.00,173500.00,155100.00,135600.00,113300.00
Corn: Commercial Stock,2010,98300.00,91000.00,81600.00,88900.00,109200.00,80000.00,58500.00,65600.00,89200.00,111500.00,116800.00,84600.00
Corn: Commercial Stock,2011,76200.00,72300.00,67400.00,84100.00,131900.00,186800.00,175900.00,109600.00,102700.00,118900.00,125800.00,119900.00
Corn: Commercial Stock,2012,104200.00,71500.00,72200.00,100000.00,140200.00,135968.00,84704.00,83100.00,70800.00,91500.00,130000.00,139000.00
Corn: Commercial Stock,2013,99900.00,88300.00,85000.00,178800.00,177900.00,95900.00,77480.00,84700.00,90290.00,82500.00,94100.00,97000.00
Corn: Commercial Stock,2014,93250.00,74464.00,131491.00,194764.00,174047.00,129100.00,101961.00,177327.00,138724.00,123684.00,128787.00,122277.00
Corn: Commercial Stock,2015,97400.00,167660.00,90260.00,158250.00,149490.00,161820.00,222490.00,259830.00,188600.00,237300.00,189570.00,166950.00
Corn: Commercial Stock,2016,281730.00,231530.00,204860.00,250720.00,447070.00,273430.00,168040.00,277850.00,236100.00,248940.00,421730.00,218430.00
Corn: Commercial Stock,2017,205780.00,285092.00,948443.00,1010102.00,1447341.00,880691.00,613269.00,607962.00,1265430.00,1193710.00,488810.00,447440.00
Corn: Commercial Stock,2018,876180.00,335821.00,206002.00,255492.00,279759.00,545387.00,420600.00,1151708.00,397274.00,415357.00,485338.00,533813.00
Corn: Commercial Stock,2019,560523.00,635617.00,284791.00,469365.00,728034.00,779742.00,761522.00,630780.00,555244.00,790686.00,975971.00,612585.00
Corn: Commercial Stock,2020,602075.00,501423.00,590511.00,565321.00,682270.00,809525.00,664732.00,635660.00,492150.00,565234.00,675517.00,608962.00
Corn: Commercial Stock,2021,625034.00,375400.00,260000.00,455510.00,541662.98,822880.47,825750.00,599527.11,373245.85,300772.39,421316.38,453555.15
Corn: Commercial Stock,2022,433189.50,378397.43,330144.35,597487.11,672487.00,801059.54,670233.86,619050.00,465950.39,544670.00,496097.71,375123.16
Corn: Commercial Stock,2023,330648.64,291282.15,256086.31,393854.49,584980.21,791958.42,765166.23,745284.76,739116.35,849191.67,687408.46,568008.25
Corn: Commercial Stock,2024,540550.00,440354.17,493550.00,510338.58,653576.87,702543.20,633139.77,630224.31,591983.30,585390.67,540647.48,482058.59
Corn: Commercial Stock,2025,316909.19,404868.76,315620.37,527889.76,567016.34,588892.08,543189.74,512172.90,502747.91,661263.27,662575.83,583041.18
Corn: Commercial Stock,2026,433148.58,498544.41,396542.15,643154.30,676705.95,..,..,..,..,..,..,..
Corn: NFA Stock,1980,71200.00,70800.00,40500.00,31200.00,20200.00,21100.00,10900.00,8200.00,11300.00,29200.00,46300.00,32100.00
Corn: NFA Stock,1981,43600.00,28900.00,28000.00,39600.00,39700.00,34800.00,39300.00,28500.00,32900.00,49100.00,62800.00,63800.00
Corn: NFA Stock,1982,73600.00,66100.00,61900.00,62800.00,64200.00,67700.00,70400.00,68700.00,96200.00,115600.00,115600.00,111300.00
Corn: NFA Stock,1983,111800.00,102500.00,83200.00,83400.00,55000.00,79000.00,53300.00,94300.00,49000.00,88700.00,128400.00,181500.00
Corn: NFA Stock,1984,175700.00,166100.00,127200.00,100500.00,65600.00,54700.00,110000.00,108800.00,139200.00,131700.00,112700.00,65400.00
Corn: NFA Stock,1985,45800.00,36700.00,27400.00,45500.00,48000.00,86100.00,116300.00,117700.00,130000.00,166600.00,181600.00,186400.00
Corn: NFA Stock,1986,189200.00,162100.00,121100.00,100200.00,88500.00,86000.00,83000.00,82100.00,85700.00,96200.00,94200.00,89300.00
Corn: NFA Stock,1987,77000.00,59100.00,49100.00,46900.00,29500.00,17600.00,10400.00,19000.00,14900.00,24100.00,23700.00,29300.00
Corn: NFA Stock,1988,27300.00,18600.00,43400.00,26100.00,22700.00,20000.00,31800.00,36700.00,87700.00,124900.00,129600.00,126600.00
Corn: NFA Stock,1989,108900.00,59200.00,29900.00,19100.00,6400.00,3500.00,1800.00,1500.00,1300.00,1300.00,1300.00,1300.00
Corn: NFA Stock,1990,700.00,26700.00,43900.00,21900.00,14400.00,8800.00,5700.00,7800.00,50300.00,140900.00,212100.00,233300.00
Corn: NFA Stock,1991,252600.00,260900.00,327800.00,356600.00,366300.00,345600.00,332200.00,299000.00,278600.00,295100.00,285500.00,266400.00
Corn: NFA Stock,1992,208900.00,169200.00,135200.00,95600.00,66800.00,12600.00,7200.00,2700.00,1000.00,6000.00,4600.00,4900.00
Corn: NFA Stock,1993,8000.00,1900.00,500.00,0.00,1500.00,0.00,1000.00,1600.00,1300.00,7400.00,8100.00,5400.00
Corn: NFA Stock,1994,5000.00,7000.00,4800.00,6300.00,4900.00,3000.00,976.00,970.00,4100.00,7500.00,5300.00,4900.00
Corn: NFA Stock,1995,1400.00,790.00,704.00,0.00,0.00,0.00,0.00,1400.00,3000.00,200.00,0.00,0.00
Corn: NFA Stock,1996,0.00,0.00,0.00,4100.00,4300.00,2900.00,2200.00,3500.00,5800.00,8300.00,10100.00,14000.00
Corn: NFA Stock,1997,15800.00,11700.00,3600.00,2500.00,1400.00,707.00,3200.00,709.00,4000.00,9200.00,19100.00,27300.00
Corn: NFA Stock,1998,40100.00,45000.00,52800.00,56800.00,32500.00,7800.00,316.00,2100.00,4200.00,55500.00,90700.00,142300.00
Corn: NFA Stock,1999,152600.00,169000.00,146500.00,148200.00,132900.00,88600.00,93900.00,79700.00,73200.00,78700.00,52900.00,33200.00
Corn: NFA Stock,2000,6700.00,200.00,600.00,0.00,2200.00,1100.00,1000.00,2700.00,7800.00,8900.00,8600.00,4500.00
Corn: NFA Stock,2001,1000.00,600.00,0.00,0.00,0.00,0.00,0.00,0.00,0.00,0.00,0.00,0.00
Corn: NFA Stock,2002,0.00,0.00,0.00,0.00,0.00,0.00,0.00,0.00,0.00,0.00,0.00,0.00
Corn: NFA Stock,2003,0.00,0.00,0.00,0.00,0.00,0.00,0.00,0.00,0.00,0.00,0.00,0.00
Corn: NFA Stock,2004,0.00,0.00,0.00,0.00,0.00,0.00,0.00,0.00,0.00,0.00,0.00,0.00
Corn: NFA Stock,2005,0.00,71.00,793.00,1524.00,1413.00,905.00,114.00,29.00,112.00,500.00,1407.00,1253.00
Corn: NFA Stock,2006,1475.00,1270.00,1096.00,5.00,5.00,3.00,3.00,3.00,0.00,30.00,120.00,184.00
Corn: NFA Stock,2007,200.00,33.00,33.00,33.00,6.00,5.00,5.00,1.00,1.00,1.00,1.00,1.00
Corn: NFA Stock,2008,1.00,0.00,0.00,0.00,561.00,724.00,724.00,724.00,724.00,700.00,1325.00,1313.00
Corn: NFA Stock,2009,0.00,0.00,0.00,0.00,0.00,0.00,10200.00,31100.00,61900.00,32600.00,76500.00,83000.00
Corn: NFA Stock,2010,91800.00,91400.00,94100.00,73600.00,41200.00,36500.00,13400.00,10500.00,8700.00,4900.00,4400.00,2200.00
Corn: NFA Stock,2011,1000.00,300.00,300.00,300.00,300.00,30.00,30.00,30.00,30.00,80.00,80.00,200.00
Corn: NFA Stock,2012,200.00,70.00,0.00,10.00,300.00,145.00,160.00,100.00,290.00,240.00,260.00,130.00
Corn: NFA Stock,2013,80.00,70.00,190.00,400.00,2400.00,3000.00,3200.00,5400.00,10000.00,12000.00,10500.00,10400.00
Corn: NFA Stock,2014,10405.00,10344.00,10354.00,10235.00,6602.00,5840.00,5827.00,5194.00,3047.00,2030.00,1781.00,1659.00
Corn: NFA Stock,2015,1600.00,1480.00,1600.00,1840.00,2220.00,930.00,980.00,990.00,1000.00,1010.00,1110.00,1350.00
Corn: NFA Stock,2016,1420.00,450.00,470.00,480.00,40.00,430.00,350.00,10.00,30.00,250.00,730.00,1030.00
Corn: NFA Stock,2017,1290.00,2379.00,5179.00,6267.00,6311.00,6367.00,5542.00,5023.00,570.00,550.00,530.00,370.00
Corn: NFA Stock,2018,430.00,391.00,30.00,30.00,0.00,0.00,0.00,0.00,0.00,0.00,0.00,0.00
Corn: NFA Stock,2019,0.00,0.00,0.00,0.00,0.00,0.00,0.00,0.00,0.00,0.00,0.00,0.00
Corn: NFA Stock,2020,0.00,0.00,0.00,0.00,0.00,0.00,0.00,0.00,0.00,0.00,0.00,0.00
Corn: NFA Stock,2021,0.00,0.00,0.00,0.00,0.00,0.00,0.00,0.00,0.00,0.00,0.00,0.00
Corn: NFA Stock,2022,0.00,0.00,0.00,0.00,0.00,0.00,0.00,0.00,0.00,0.00,0.00,0.00
Corn: NFA Stock,2023,0.00,0.00,0.00,0.00,0.00,0.00,0.00,0.00,0.00,0.00,0.00,0.00
Corn: NFA Stock,2024,0.00,0.00,0.00,0.00,0.00,0.00,0.00,0.00,0.00,0.00,0.00,0.00
Corn: NFA Stock,2025,0.00,0.00,0.00,0.00,0.00,0.00,0.00,0.00,0.00,0.00,0.00,0.00
Corn: NFA Stock,2026,0.00,0.00,0.00,0.00,0.00,..,..,..,..,..,..,..
